date,dcode,rain_24h,is_forecast
2023-01-01,1001,0.0,False
2023-01-01,1002,0.0,False
2023-01-01,1003,0.0,False
2023-01-01,1004,0.0,False
2023-01-01,1005,0.0,False
2023-01-01,1006,0.0,False
2023-01-01,1007,0.0,False
2023-01-01,1008,0.0,False
2023-01-01,1009,0.0,False
2023-01-01,1010,0.0,False
2023-01-01,1011,0.0,False
2023-01-01,1012,0.0,False
2023-01-01,1013,0.0,False
2023-01-01,1014,0.0,False
2023-01-01,1015,0.0,False
2023-01-01,1016,0.0,False
2023-01-01,1017,0.0,False
2023-01-01,1018,0.0,False
2023-01-01,1019,0.0,False
2023-01-01,1020,0.0,False
2023-01-01,1021,0.0,False
2023-01-01,1022,0.0,False
2023-01-01,1023,0.0,False
2023-01-01,1024,0.0,False
2023-01-01,1025,0.0,False
2023-01-01,1026,0.0,False
2023-01-01,1027,0.0,False
2023-01-01,1028,0.0,False
2023-01-01,1029,0.0,False
2023-01-01,1030,0.0,False
2023-01-01,1031,0.0,False
2023-01-01,1032,0.0,False
2023-01-01,1033,0.0,False
2023-01-01,1034,0.0,False
2023-01-01,1035,0.0,False
2023-01-01,1036,0.0,False
2023-01-01,1037,0.0,False
2023-01-01,1038,0.0,False
2023-01-01,1039,0.0,False
2023-01-01,1040,0.0,False
2023-01-01,1041,0.0,False
2023-01-01,1042,0.0,False
2023-01-01,1043,0.0,False
2023-01-01,1044,0.0,False
2023-01-01,1045,0.0,False
2023-01-01,1046,0.0,False
2023-01-01,1047,0.0,False
2023-01-01,1048,0.0,False
2023-01-01,1049,0.0,False
2023-01-01,1050,0.0,False
2023-01-02,1001,0.0,False
2023-01-02,1002,0.0,False
2023-01-02,1003,0.0,False
2023-01-02,1004,0.0,False
2023-01-02,1005,0.0,False
2023-01-02,1006,0.0,False
2023-01-02,1007,0.0,False
2023-01-02,1008,0.0,False
2023-01-02,1009,0.0,False
2023-01-02,1010,0.0,False
2023-01-02,1011,0.0,False
2023-01-02,1012,0.0,False
2023-01-02,1013,0.0,False
2023-01-02,1014,0.0,False
2023-01-02,1015,0.0,False
2023-01-02,1016,0.0,False
2023-01-02,1017,0.0,False
2023-01-02,1018,0.0,False
2023-01-02,1019,0.0,False
2023-01-02,1020,0.0,False
2023-01-02,1021,0.0,False
2023-01-02,1022,0.0,False
2023-01-02,1023,0.0,False
2023-01-02,1024,0.0,False
2023-01-02,1025,0.0,False
2023-01-02,1026,0.0,False
2023-01-02,1027,0.0,False
2023-01-02,1028,0.0,False
2023-01-02,1029,0.0,False
2023-01-02,1030,0.0,False
2023-01-02,1031,0.0,False
2023-01-02,1032,0.0,False
2023-01-02,1033,0.0,False
2023-01-02,1034,0.0,False
2023-01-02,1035,0.0,False
2023-01-02,1036,0.0,False
2023-01-02,1037,0.0,False
2023-01-02,1038,0.0,False
2023-01-02,1039,0.0,False
2023-01-02,1040,0.0,False
2023-01-02,1041,0.0,False
2023-01-02,1042,0.0,False
2023-01-02,1043,0.0,False
2023-01-02,1044,0.0,False
2023-01-02,1045,0.0,False
2023-01-02,1046,0.0,False
2023-01-02,1047,0.0,False
2023-01-02,1048,0.0,False
2023-01-02,1049,0.0,False
2023-01-02,1050,0.0,False
2023-01-03,1001,0.0,False
2023-01-03,1002,0.0,False
2023-01-03,1003,0.0,False
2023-01-03,1004,0.0,False
2023-01-03,1005,0.0,False
2023-01-03,1006,0.0,False
2023-01-03,1007,0.0,False
2023-01-03,1008,0.0,False
2023-01-03,1009,0.0,False
2023-01-03,1010,0.0,False
2023-01-03,1011,0.0,False
2023-01-03,1012,0.0,False
2023-01-03,1013,0.0,False
2023-01-03,1014,0.0,False
2023-01-03,1015,0.0,False
2023-01-03,1016,0.0,False
2023-01-03,1017,0.0,False
2023-01-03,1018,0.0,False
2023-01-03,1019,0.0,False
2023-01-03,1020,0.0,False
2023-01-03,1021,0.0,False
2023-01-03,1022,0.0,False
2023-01-03,1023,0.0,False
2023-01-03,1024,0.0,False
2023-01-03,1025,0.0,False
2023-01-03,1026,0.0,False
2023-01-03,1027,0.0,False
2023-01-03,1028,0.0,False
2023-01-03,1029,0.0,False
2023-01-03,1030,0.0,False
2023-01-03,1031,0.0,False
2023-01-03,1032,0.0,False
2023-01-03,1033,0.0,False
2023-01-03,1034,0.0,False
2023-01-03,1035,0.0,False
2023-01-03,1036,0.0,False
2023-01-03,1037,0.0,False
2023-01-03,1038,0.0,False
2023-01-03,1039,0.0,False
2023-01-03,1040,0.0,False
2023-01-03,1041,0.0,False
2023-01-03,1042,0.0,False
2023-01-03,1043,0.0,False
2023-01-03,1044,0.0,False
2023-01-03,1045,0.0,False
2023-01-03,1046,0.0,False
2023-01-03,1047,0.0,False
2023-01-03,1048,0.0,False
2023-01-03,1049,0.0,False
2023-01-03,1050,0.0,False
2023-01-04,1001,0.0,False
2023-01-04,1002,0.0,False
2023-01-04,1003,0.0,False
2023-01-04,1004,0.0,False
2023-01-04,1005,0.0,False
2023-01-04,1006,0.0,False
2023-01-04,1007,0.0,False
2023-01-04,1008,0.0,False
2023-01-04,1009,0.0,False
2023-01-04,1010,0.0,False
2023-01-04,1011,0.0,False
2023-01-04,1012,0.0,False
2023-01-04,1013,0.0,False
2023-01-04,1014,0.0,False
2023-01-04,1015,0.0,False
2023-01-04,1016,0.0,False
2023-01-04,1017,0.0,False
2023-01-04,1018,0.0,False
2023-01-04,1019,0.0,False
2023-01-04,1020,0.0,False
2023-01-04,1021,0.0,False
2023-01-04,1022,0.0,False
2023-01-04,1023,0.0,False
2023-01-04,1024,0.0,False
2023-01-04,1025,0.0,False
2023-01-04,1026,0.0,False
2023-01-04,1027,0.0,False
2023-01-04,1028,0.0,False
2023-01-04,1029,0.0,False
2023-01-04,1030,0.0,False
2023-01-04,1031,0.0,False
2023-01-04,1032,0.0,False
2023-01-04,1033,0.0,False
2023-01-04,1034,0.0,False
2023-01-04,1035,0.0,False
2023-01-04,1036,0.0,False
2023-01-04,1037,0.0,False
2023-01-04,1038,0.0,False
2023-01-04,1039,0.0,False
2023-01-04,1040,0.0,False
2023-01-04,1041,0.0,False
2023-01-04,1042,0.0,False
2023-01-04,1043,0.0,False
2023-01-04,1044,0.0,False
2023-01-04,1045,0.0,False
2023-01-04,1046,0.0,False
2023-01-04,1047,0.0,False
2023-01-04,1048,0.0,False
2023-01-04,1049,0.0,False
2023-01-04,1050,0.0,False
2023-01-05,1001,0.0,False
2023-01-05,1002,0.0,False
2023-01-05,1003,0.5,False
2023-01-05,1004,0.0,False
2023-01-05,1005,0.0,False
2023-01-05,1006,0.0,False
2023-01-05,1007,0.0,False
2023-01-05,1008,0.0,False
2023-01-05,1009,0.0,False
2023-01-05,1010,0.0,False
2023-01-05,1011,0.0,False
2023-01-05,1012,0.0,False
2023-01-05,1013,0.0,False
2023-01-05,1014,0.0,False
2023-01-05,1015,0.0,False
2023-01-05,1016,0.0,False
2023-01-05,1017,0.0,False
2023-01-05,1018,0.0,False
2023-01-05,1019,0.0,False
2023-01-05,1020,0.0,False
2023-01-05,1021,0.0,False
2023-01-05,1022,0.0,False
2023-01-05,1023,0.0,False
2023-01-05,1024,0.0,False
2023-01-05,1025,0.0,False
2023-01-05,1026,0.0,False
2023-01-05,1027,0.0,False
2023-01-05,1028,0.0,False
2023-01-05,1029,0.0,False
2023-01-05,1030,0.0,False
2023-01-05,1031,0.0,False
2023-01-05,1032,0.0,False
2023-01-05,1033,0.0,False
2023-01-05,1034,0.0,False
2023-01-05,1035,0.0,False
2023-01-05,1036,0.0,False
2023-01-05,1037,0.0,False
2023-01-05,1038,0.0,False
2023-01-05,1039,0.0,False
2023-01-05,1040,0.0,False
2023-01-05,1041,0.0,False
2023-01-05,1042,0.0,False
2023-01-05,1043,0.0,False
2023-01-05,1044,0.0,False
2023-01-05,1045,0.0,False
2023-01-05,1046,0.0,False
2023-01-05,1047,0.0,False
2023-01-05,1048,0.0,False
2023-01-05,1049,0.0,False
2023-01-05,1050,0.0,False
2023-01-06,1001,0.0,False
2023-01-06,1002,0.0,False
2023-01-06,1003,0.0,False
2023-01-06,1004,0.0,False
2023-01-06,1005,0.0,False
2023-01-06,1006,0.0,False
2023-01-06,1007,0.0,False
2023-01-06,1008,0.0,False
2023-01-06,1009,0.0,False
2023-01-06,1010,0.0,False
2023-01-06,1011,0.0,False
2023-01-06,1012,0.0,False
2023-01-06,1013,0.0,False
2023-01-06,1014,0.0,False
2023-01-06,1015,0.0,False
2023-01-06,1016,0.0,False
2023-01-06,1017,0.0,False
2023-01-06,1018,0.0,False
2023-01-06,1019,0.0,False
2023-01-06,1020,0.0,False
2023-01-06,1021,0.0,False
2023-01-06,1022,0.0,False
2023-01-06,1023,0.0,False
2023-01-06,1024,0.0,False
2023-01-06,1025,0.0,False
2023-01-06,1026,0.0,False
2023-01-06,1027,0.0,False
2023-01-06,1028,0.0,False
2023-01-06,1029,0.0,False
2023-01-06,1030,0.0,False
2023-01-06,1031,0.0,False
2023-01-06,1032,0.0,False
2023-01-06,1033,0.0,False
2023-01-06,1034,0.0,False
2023-01-06,1035,0.0,False
2023-01-06,1036,0.0,False
2023-01-06,1037,0.0,False
2023-01-06,1038,0.0,False
2023-01-06,1039,0.0,False
2023-01-06,1040,0.0,False
2023-01-06,1041,0.0,False
2023-01-06,1042,0.0,False
2023-01-06,1043,0.0,False
2023-01-06,1044,0.0,False
2023-01-06,1045,0.0,False
2023-01-06,1046,0.0,False
2023-01-06,1047,0.0,False
2023-01-06,1048,0.0,False
2023-01-06,1049,0.0,False
2023-01-06,1050,0.0,False
2023-01-07,1001,0.0,False
2023-01-07,1002,0.0,False
2023-01-07,1003,0.0,False
2023-01-07,1004,0.0,False
2023-01-07,1005,0.0,False
2023-01-07,1006,0.0,False
2023-01-07,1007,0.0,False
2023-01-07,1008,0.0,False
2023-01-07,1009,0.0,False
2023-01-07,1010,0.0,False
2023-01-07,1011,0.0,False
2023-01-07,1012,0.0,False
2023-01-07,1013,0.0,False
2023-01-07,1014,0.0,False
2023-01-07,1015,0.0,False
2023-01-07,1016,0.0,False
2023-01-07,1017,0.0,False
2023-01-07,1018,0.0,False
2023-01-07,1019,0.0,False
2023-01-07,1020,0.5,False
2023-01-07,1021,0.0,False
2023-01-07,1022,0.0,False
2023-01-07,1023,0.0,False
2023-01-07,1024,0.0,False
2023-01-07,1025,0.0,False
2023-01-07,1026,0.0,False
2023-01-07,1027,0.0,False
2023-01-07,1028,0.0,False
2023-01-07,1029,0.0,False
2023-01-07,1030,0.0,False
2023-01-07,1031,0.0,False
2023-01-07,1032,0.0,False
2023-01-07,1033,0.0,False
2023-01-07,1034,0.0,False
2023-01-07,1035,0.0,False
2023-01-07,1036,0.0,False
2023-01-07,1037,0.0,False
2023-01-07,1038,0.0,False
2023-01-07,1039,0.0,False
2023-01-07,1040,0.0,False
2023-01-07,1041,0.0,False
2023-01-07,1042,0.0,False
2023-01-07,1043,0.0,False
2023-01-07,1044,0.0,False
2023-01-07,1045,0.0,False
2023-01-07,1046,0.0,False
2023-01-07,1047,0.0,False
2023-01-07,1048,0.0,False
2023-01-07,1049,0.0,False
2023-01-07,1050,0.0,False
2023-01-08,1001,0.0,False
2023-01-08,1002,0.5,False
2023-01-08,1003,0.0,False
2023-01-08,1004,0.0,False
2023-01-08,1005,0.0,False
2023-01-08,1006,0.0,False
2023-01-08,1007,0.0,False
2023-01-08,1008,0.0,False
2023-01-08,1009,0.0,False
2023-01-08,1010,0.0,False
2023-01-08,1011,0.0,False
2023-01-08,1012,0.0,False
2023-01-08,1013,0.0,False
2023-01-08,1014,0.0,False
2023-01-08,1015,0.0,False
2023-01-08,1016,0.0,False
2023-01-08,1017,0.0,False
2023-01-08,1018,0.0,False
2023-01-08,1019,0.0,False
2023-01-08,1020,0.0,False
2023-01-08,1021,0.0,False
2023-01-08,1022,0.0,False
2023-01-08,1023,0.0,False
2023-01-08,1024,0.0,False
2023-01-08,1025,0.0,False
2023-01-08,1026,0.0,False
2023-01-08,1027,0.0,False
2023-01-08,1028,0.0,False
2023-01-08,1029,0.0,False
2023-01-08,1030,0.0,False
2023-01-08,1031,0.0,False
2023-01-08,1032,0.0,False
2023-01-08,1033,0.0,False
2023-01-08,1034,0.0,False
2023-01-08,1035,0.0,False
2023-01-08,1036,0.0,False
2023-01-08,1037,0.0,False
2023-01-08,1038,0.0,False
2023-01-08,1039,0.0,False
2023-01-08,1040,0.0,False
2023-01-08,1041,0.0,False
2023-01-08,1042,0.0,False
2023-01-08,1043,0.0,False
2023-01-08,1044,0.0,False
2023-01-08,1045,0.0,False
2023-01-08,1046,0.0,False
2023-01-08,1047,0.0,False
2023-01-08,1048,0.0,False
2023-01-08,1049,0.0,False
2023-01-08,1050,0.0,False
2023-01-09,1001,0.0,False
2023-01-09,1002,0.0,False
2023-01-09,1003,0.0,False
2023-01-09,1004,0.0,False
2023-01-09,1005,0.0,False
2023-01-09,1006,0.0,False
2023-01-09,1007,0.0,False
2023-01-09,1008,0.0,False
2023-01-09,1009,0.0,False
2023-01-09,1010,0.0,False
2023-01-09,1011,0.0,False
2023-01-09,1012,0.0,False
2023-01-09,1013,0.0,False
2023-01-09,1014,0.0,False
2023-01-09,1015,0.0,False
2023-01-09,1016,0.0,False
2023-01-09,1017,0.0,False
2023-01-09,1018,0.0,False
2023-01-09,1019,0.0,False
2023-01-09,1020,0.0,False
2023-01-09,1021,0.0,False
2023-01-09,1022,0.0,False
2023-01-09,1023,0.0,False
2023-01-09,1024,0.0,False
2023-01-09,1025,0.0,False
2023-01-09,1026,0.0,False
2023-01-09,1027,0.0,False
2023-01-09,1028,0.0,False
2023-01-09,1029,0.0,False
2023-01-09,1030,0.0,False
2023-01-09,1031,0.0,False
2023-01-09,1032,0.0,False
2023-01-09,1033,0.0,False
2023-01-09,1034,0.0,False
2023-01-09,1035,0.0,False
2023-01-09,1036,0.0,False
2023-01-09,1037,0.0,False
2023-01-09,1038,0.0,False
2023-01-09,1039,0.0,False
2023-01-09,1040,0.0,False
2023-01-09,1041,0.0,False
2023-01-09,1042,0.0,False
2023-01-09,1043,0.0,False
2023-01-09,1044,0.0,False
2023-01-09,1045,0.0,False
2023-01-09,1046,0.0,False
2023-01-09,1047,0.0,False
2023-01-09,1048,0.0,False
2023-01-09,1049,0.0,False
2023-01-09,1050,0.0,False
2023-01-10,1001,0.0,False
2023-01-10,1002,0.0,False
2023-01-10,1003,1.0,False
2023-01-10,1004,0.0,False
2023-01-10,1005,0.0,False
2023-01-10,1006,0.0,False
2023-01-10,1007,0.0,False
2023-01-10,1008,0.0,False
2023-01-10,1009,0.0,False
2023-01-10,1010,0.0,False
2023-01-10,1011,0.0,False
2023-01-10,1012,0.0,False
2023-01-10,1013,0.0,False
2023-01-10,1014,0.0,False
2023-01-10,1015,0.0,False
2023-01-10,1016,0.0,False
2023-01-10,1017,0.0,False
2023-01-10,1018,0.0,False
2023-01-10,1019,0.0,False
2023-01-10,1020,0.0,False
2023-01-10,1021,0.0,False
2023-01-10,1022,0.0,False
2023-01-10,1023,0.0,False
2023-01-10,1024,0.0,False
2023-01-10,1025,0.0,False
2023-01-10,1026,0.0,False
2023-01-10,1027,0.0,False
2023-01-10,1028,0.0,False
2023-01-10,1029,0.0,False
2023-01-10,1030,0.0,False
2023-01-10,1031,0.0,False
2023-01-10,1032,0.0,False
2023-01-10,1033,0.0,False
2023-01-10,1034,0.0,False
2023-01-10,1035,0.0,False
2023-01-10,1036,0.0,False
2023-01-10,1037,0.0,False
2023-01-10,1038,0.0,False
2023-01-10,1039,0.0,False
2023-01-10,1040,0.0,False
2023-01-10,1041,0.0,False
2023-01-10,1042,0.0,False
2023-01-10,1043,0.0,False
2023-01-10,1044,0.0,False
2023-01-10,1045,0.0,False
2023-01-10,1046,2.0,False
2023-01-10,1047,0.0,False
2023-01-10,1048,0.0,False
2023-01-10,1049,0.0,False
2023-01-10,1050,0.0,False
2023-01-11,1001,0.0,False
2023-01-11,1002,0.0,False
2023-01-11,1003,0.0,False
2023-01-11,1004,0.0,False
2023-01-11,1005,0.0,False
2023-01-11,1006,0.0,False
2023-01-11,1007,0.0,False
2023-01-11,1008,0.0,False
2023-01-11,1009,0.0,False
2023-01-11,1010,1.0,False
2023-01-11,1011,0.0,False
2023-01-11,1012,0.0,False
2023-01-11,1013,0.0,False
2023-01-11,1014,0.0,False
2023-01-11,1015,0.0,False
2023-01-11,1016,0.0,False
2023-01-11,1017,0.0,False
2023-01-11,1018,0.0,False
2023-01-11,1019,0.0,False
2023-01-11,1020,0.0,False
2023-01-11,1021,0.0,False
2023-01-11,1022,0.0,False
2023-01-11,1023,0.5,False
2023-01-11,1024,0.0,False
2023-01-11,1025,0.0,False
2023-01-11,1026,0.0,False
2023-01-11,1027,0.0,False
2023-01-11,1028,0.0,False
2023-01-11,1029,0.0,False
2023-01-11,1030,0.0,False
2023-01-11,1031,0.0,False
2023-01-11,1032,0.0,False
2023-01-11,1033,0.0,False
2023-01-11,1034,0.0,False
2023-01-11,1035,0.0,False
2023-01-11,1036,0.0,False
2023-01-11,1037,0.0,False
2023-01-11,1038,0.0,False
2023-01-11,1039,0.0,False
2023-01-11,1040,0.0,False
2023-01-11,1041,0.0,False
2023-01-11,1042,0.5,False
2023-01-11,1043,0.0,False
2023-01-11,1044,0.0,False
2023-01-11,1045,0.0,False
2023-01-11,1046,0.0,False
2023-01-11,1047,0.0,False
2023-01-11,1048,0.5,False
2023-01-11,1049,0.0,False
2023-01-11,1050,1.0,False
2023-01-12,1001,0.0,False
2023-01-12,1002,0.0,False
2023-01-12,1003,1.0,False
2023-01-12,1004,0.0,False
2023-01-12,1005,0.0,False
2023-01-12,1006,0.0,False
2023-01-12,1007,0.0,False
2023-01-12,1008,0.0,False
2023-01-12,1009,0.0,False
2023-01-12,1010,0.0,False
2023-01-12,1011,0.0,False
2023-01-12,1012,0.0,False
2023-01-12,1013,0.0,False
2023-01-12,1014,0.0,False
2023-01-12,1015,0.0,False
2023-01-12,1016,0.0,False
2023-01-12,1017,0.0,False
2023-01-12,1018,0.0,False
2023-01-12,1019,0.0,False
2023-01-12,1020,0.0,False
2023-01-12,1021,0.0,False
2023-01-12,1022,0.0,False
2023-01-12,1023,0.0,False
2023-01-12,1024,0.0,False
2023-01-12,1025,0.0,False
2023-01-12,1026,0.0,False
2023-01-12,1027,0.0,False
2023-01-12,1028,0.0,False
2023-01-12,1029,0.0,False
2023-01-12,1030,0.0,False
2023-01-12,1031,0.0,False
2023-01-12,1032,0.0,False
2023-01-12,1033,0.0,False
2023-01-12,1034,0.0,False
2023-01-12,1035,0.0,False
2023-01-12,1036,0.0,False
2023-01-12,1037,0.0,False
2023-01-12,1038,0.0,False
2023-01-12,1039,0.0,False
2023-01-12,1040,0.0,False
2023-01-12,1041,0.0,False
2023-01-12,1042,0.0,False
2023-01-12,1043,0.0,False
2023-01-12,1044,0.0,False
2023-01-12,1045,0.0,False
2023-01-12,1046,0.0,False
2023-01-12,1047,0.0,False
2023-01-12,1048,0.0,False
2023-01-12,1049,0.0,False
2023-01-12,1050,0.0,False
2023-01-13,1001,0.0,False
2023-01-13,1002,0.0,False
2023-01-13,1003,0.5,False
2023-01-13,1004,0.0,False
2023-01-13,1005,0.0,False
2023-01-13,1006,0.0,False
2023-01-13,1007,0.0,False
2023-01-13,1008,0.0,False
2023-01-13,1009,0.0,False
2023-01-13,1010,0.0,False
2023-01-13,1011,0.0,False
2023-01-13,1012,0.0,False
2023-01-13,1013,0.0,False
2023-01-13,1014,0.0,False
2023-01-13,1015,0.0,False
2023-01-13,1016,0.0,False
2023-01-13,1017,0.0,False
2023-01-13,1018,0.0,False
2023-01-13,1019,0.0,False
2023-01-13,1020,0.0,False
2023-01-13,1021,13.5,False
2023-01-13,1022,0.0,False
2023-01-13,1023,0.0,False
2023-01-13,1024,0.0,False
2023-01-13,1025,0.0,False
2023-01-13,1026,0.0,False
2023-01-13,1027,0.0,False
2023-01-13,1028,0.0,False
2023-01-13,1029,0.0,False
2023-01-13,1030,0.0,False
2023-01-13,1031,0.0,False
2023-01-13,1032,0.0,False
2023-01-13,1033,0.0,False
2023-01-13,1034,0.0,False
2023-01-13,1035,0.0,False
2023-01-13,1036,0.0,False
2023-01-13,1037,0.0,False
2023-01-13,1038,0.0,False
2023-01-13,1039,0.0,False
2023-01-13,1040,0.0,False
2023-01-13,1041,0.0,False
2023-01-13,1042,0.0,False
2023-01-13,1043,0.0,False
2023-01-13,1044,0.0,False
2023-01-13,1045,0.5,False
2023-01-13,1046,0.0,False
2023-01-13,1047,0.5,False
2023-01-13,1048,0.0,False
2023-01-13,1049,7.0,False
2023-01-13,1050,0.0,False
2023-01-14,1001,0.0,False
2023-01-14,1002,0.0,False
2023-01-14,1003,0.0,False
2023-01-14,1004,0.0,False
2023-01-14,1005,0.0,False
2023-01-14,1006,0.0,False
2023-01-14,1007,0.0,False
2023-01-14,1008,0.0,False
2023-01-14,1009,0.0,False
2023-01-14,1010,0.0,False
2023-01-14,1011,0.0,False
2023-01-14,1012,0.0,False
2023-01-14,1013,0.0,False
2023-01-14,1014,0.0,False
2023-01-14,1015,0.0,False
2023-01-14,1016,0.0,False
2023-01-14,1017,0.0,False
2023-01-14,1018,0.5,False
2023-01-14,1019,0.0,False
2023-01-14,1020,0.0,False
2023-01-14,1021,0.0,False
2023-01-14,1022,0.0,False
2023-01-14,1023,0.0,False
2023-01-14,1024,0.0,False
2023-01-14,1025,0.0,False
2023-01-14,1026,0.0,False
2023-01-14,1027,0.0,False
2023-01-14,1028,0.0,False
2023-01-14,1029,0.0,False
2023-01-14,1030,0.0,False
2023-01-14,1031,0.0,False
2023-01-14,1032,0.0,False
2023-01-14,1033,0.0,False
2023-01-14,1034,0.0,False
2023-01-14,1035,0.0,False
2023-01-14,1036,0.0,False
2023-01-14,1037,0.0,False
2023-01-14,1038,0.0,False
2023-01-14,1039,0.0,False
2023-01-14,1040,0.0,False
2023-01-14,1041,0.0,False
2023-01-14,1042,0.0,False
2023-01-14,1043,0.0,False
2023-01-14,1044,0.0,False
2023-01-14,1045,0.0,False
2023-01-14,1046,0.0,False
2023-01-14,1047,0.0,False
2023-01-14,1048,0.0,False
2023-01-14,1049,0.5,False
2023-01-14,1050,0.0,False
2023-01-15,1001,0.0,False
2023-01-15,1002,0.0,False
2023-01-15,1003,0.0,False
2023-01-15,1004,0.0,False
2023-01-15,1005,0.0,False
2023-01-15,1006,0.0,False
2023-01-15,1007,0.0,False
2023-01-15,1008,0.0,False
2023-01-15,1009,0.0,False
2023-01-15,1010,0.0,False
2023-01-15,1011,0.0,False
2023-01-15,1012,0.0,False
2023-01-15,1013,0.0,False
2023-01-15,1014,0.0,False
2023-01-15,1015,0.0,False
2023-01-15,1016,0.0,False
2023-01-15,1017,0.0,False
2023-01-15,1018,0.0,False
2023-01-15,1019,0.0,False
2023-01-15,1020,0.0,False
2023-01-15,1021,0.0,False
2023-01-15,1022,0.0,False
2023-01-15,1023,0.0,False
2023-01-15,1024,0.0,False
2023-01-15,1025,0.0,False
2023-01-15,1026,0.0,False
2023-01-15,1027,0.0,False
2023-01-15,1028,0.0,False
2023-01-15,1029,0.0,False
2023-01-15,1030,0.0,False
2023-01-15,1031,0.0,False
2023-01-15,1032,0.0,False
2023-01-15,1033,0.0,False
2023-01-15,1034,0.0,False
2023-01-15,1035,0.0,False
2023-01-15,1036,0.0,False
2023-01-15,1037,0.0,False
2023-01-15,1038,0.0,False
2023-01-15,1039,0.0,False
2023-01-15,1040,0.0,False
2023-01-15,1041,0.0,False
2023-01-15,1042,0.0,False
2023-01-15,1043,0.0,False
2023-01-15,1044,0.0,False
2023-01-15,1045,0.0,False
2023-01-15,1046,0.0,False
2023-01-15,1047,0.0,False
2023-01-15,1048,0.0,False
2023-01-15,1049,0.0,False
2023-01-15,1050,0.0,False
2023-01-16,1001,0.0,False
2023-01-16,1002,0.0,False
2023-01-16,1003,0.0,False
2023-01-16,1004,0.0,False
2023-01-16,1005,0.0,False
2023-01-16,1006,0.0,False
2023-01-16,1007,0.0,False
2023-01-16,1008,0.0,False
2023-01-16,1009,0.0,False
2023-01-16,1010,0.0,False
2023-01-16,1011,0.0,False
2023-01-16,1012,0.0,False
2023-01-16,1013,0.0,False
2023-01-16,1014,0.0,False
2023-01-16,1015,0.0,False
2023-01-16,1016,0.0,False
2023-01-16,1017,0.0,False
2023-01-16,1018,0.0,False
2023-01-16,1019,0.0,False
2023-01-16,1020,0.0,False
2023-01-16,1021,0.0,False
2023-01-16,1022,0.0,False
2023-01-16,1023,0.0,False
2023-01-16,1024,0.0,False
2023-01-16,1025,0.0,False
2023-01-16,1026,0.0,False
2023-01-16,1027,0.0,False
2023-01-16,1028,0.0,False
2023-01-16,1029,0.0,False
2023-01-16,1030,0.0,False
2023-01-16,1031,0.0,False
2023-01-16,1032,0.0,False
2023-01-16,1033,0.0,False
2023-01-16,1034,0.0,False
2023-01-16,1035,0.0,False
2023-01-16,1036,0.0,False
2023-01-16,1037,0.0,False
2023-01-16,1038,0.0,False
2023-01-16,1039,0.0,False
2023-01-16,1040,0.0,False
2023-01-16,1041,0.0,False
2023-01-16,1042,0.0,False
2023-01-16,1043,0.0,False
2023-01-16,1044,0.0,False
2023-01-16,1045,0.0,False
2023-01-16,1046,0.0,False
2023-01-16,1047,0.0,False
2023-01-16,1048,0.0,False
2023-01-16,1049,0.0,False
2023-01-16,1050,0.0,False
2023-01-17,1001,0.0,False
2023-01-17,1002,0.0,False
2023-01-17,1003,0.0,False
2023-01-17,1004,0.0,False
2023-01-17,1005,0.0,False
2023-01-17,1006,0.0,False
2023-01-17,1007,0.0,False
2023-01-17,1008,0.0,False
2023-01-17,1009,0.0,False
2023-01-17,1010,0.0,False
2023-01-17,1011,0.0,False
2023-01-17,1012,0.0,False
2023-01-17,1013,0.0,False
2023-01-17,1014,0.0,False
2023-01-17,1015,0.0,False
2023-01-17,1016,0.0,False
2023-01-17,1017,0.0,False
2023-01-17,1018,0.0,False
2023-01-17,1019,0.0,False
2023-01-17,1020,0.0,False
2023-01-17,1021,0.0,False
2023-01-17,1022,0.0,False
2023-01-17,1023,0.0,False
2023-01-17,1024,0.0,False
2023-01-17,1025,0.0,False
2023-01-17,1026,0.0,False
2023-01-17,1027,0.0,False
2023-01-17,1028,0.0,False
2023-01-17,1029,0.0,False
2023-01-17,1030,2.0,False
2023-01-17,1031,0.0,False
2023-01-17,1032,0.0,False
2023-01-17,1033,0.0,False
2023-01-17,1034,0.0,False
2023-01-17,1035,0.0,False
2023-01-17,1036,0.0,False
2023-01-17,1037,0.0,False
2023-01-17,1038,0.0,False
2023-01-17,1039,0.0,False
2023-01-17,1040,0.0,False
2023-01-17,1041,0.0,False
2023-01-17,1042,0.0,False
2023-01-17,1043,0.0,False
2023-01-17,1044,0.0,False
2023-01-17,1045,0.0,False
2023-01-17,1046,0.0,False
2023-01-17,1047,0.0,False
2023-01-17,1048,0.0,False
2023-01-17,1049,0.0,False
2023-01-17,1050,0.0,False
2023-01-18,1001,0.0,False
2023-01-18,1002,0.0,False
2023-01-18,1003,0.0,False
2023-01-18,1004,0.0,False
2023-01-18,1005,0.0,False
2023-01-18,1006,0.0,False
2023-01-18,1007,0.0,False
2023-01-18,1008,0.0,False
2023-01-18,1009,0.0,False
2023-01-18,1010,0.0,False
2023-01-18,1011,0.0,False
2023-01-18,1012,0.0,False
2023-01-18,1013,0.0,False
2023-01-18,1014,0.0,False
2023-01-18,1015,0.0,False
2023-01-18,1016,0.0,False
2023-01-18,1017,0.0,False
2023-01-18,1018,0.0,False
2023-01-18,1019,0.0,False
2023-01-18,1020,0.0,False
2023-01-18,1021,0.0,False
2023-01-18,1022,0.0,False
2023-01-18,1023,0.0,False
2023-01-18,1024,0.0,False
2023-01-18,1025,0.0,False
2023-01-18,1026,0.0,False
2023-01-18,1027,0.0,False
2023-01-18,1028,0.0,False
2023-01-18,1029,0.0,False
2023-01-18,1030,0.0,False
2023-01-18,1031,0.0,False
2023-01-18,1032,0.0,False
2023-01-18,1033,0.0,False
2023-01-18,1034,0.0,False
2023-01-18,1035,0.0,False
2023-01-18,1036,0.0,False
2023-01-18,1037,0.0,False
2023-01-18,1038,0.0,False
2023-01-18,1039,0.0,False
2023-01-18,1040,0.0,False
2023-01-18,1041,0.0,False
2023-01-18,1042,0.0,False
2023-01-18,1043,0.0,False
2023-01-18,1044,0.0,False
2023-01-18,1045,0.0,False
2023-01-18,1046,0.0,False
2023-01-18,1047,0.0,False
2023-01-18,1048,0.0,False
2023-01-18,1049,0.0,False
2023-01-18,1050,0.0,False
2023-01-19,1001,0.0,False
2023-01-19,1002,0.0,False
2023-01-19,1003,0.0,False
2023-01-19,1004,0.0,False
2023-01-19,1005,0.0,False
2023-01-19,1006,0.0,False
2023-01-19,1007,0.0,False
2023-01-19,1008,0.0,False
2023-01-19,1009,0.0,False
2023-01-19,1010,0.0,False
2023-01-19,1011,0.0,False
2023-01-19,1012,0.0,False
2023-01-19,1013,0.0,False
2023-01-19,1014,0.0,False
2023-01-19,1015,0.0,False
2023-01-19,1016,0.0,False
2023-01-19,1017,0.0,False
2023-01-19,1018,0.0,False
2023-01-19,1019,0.0,False
2023-01-19,1020,0.0,False
2023-01-19,1021,0.0,False
2023-01-19,1022,0.0,False
2023-01-19,1023,0.0,False
2023-01-19,1024,0.0,False
2023-01-19,1025,0.0,False
2023-01-19,1026,0.0,False
2023-01-19,1027,0.0,False
2023-01-19,1028,0.0,False
2023-01-19,1029,0.0,False
2023-01-19,1030,0.0,False
2023-01-19,1031,0.0,False
2023-01-19,1032,0.0,False
2023-01-19,1033,0.0,False
2023-01-19,1034,0.0,False
2023-01-19,1035,0.0,False
2023-01-19,1036,0.0,False
2023-01-19,1037,0.0,False
2023-01-19,1038,0.0,False
2023-01-19,1039,0.0,False
2023-01-19,1040,0.0,False
2023-01-19,1041,0.0,False
2023-01-19,1042,0.0,False
2023-01-19,1043,0.0,False
2023-01-19,1044,0.0,False
2023-01-19,1045,0.0,False
2023-01-19,1046,0.0,False
2023-01-19,1047,0.0,False
2023-01-19,1048,0.0,False
2023-01-19,1049,0.0,False
2023-01-19,1050,0.0,False
2023-01-20,1001,0.0,False
2023-01-20,1002,0.0,False
2023-01-20,1003,0.0,False
2023-01-20,1004,0.0,False
2023-01-20,1005,0.0,False
2023-01-20,1006,0.0,False
2023-01-20,1007,0.0,False
2023-01-20,1008,0.0,False
2023-01-20,1009,0.0,False
2023-01-20,1010,0.0,False
2023-01-20,1011,0.0,False
2023-01-20,1012,0.0,False
2023-01-20,1013,0.0,False
2023-01-20,1014,0.0,False
2023-01-20,1015,0.0,False
2023-01-20,1016,0.0,False
2023-01-20,1017,0.0,False
2023-01-20,1018,0.0,False
2023-01-20,1019,0.0,False
2023-01-20,1020,0.0,False
2023-01-20,1021,0.0,False
2023-01-20,1022,0.0,False
2023-01-20,1023,0.0,False
2023-01-20,1024,0.0,False
2023-01-20,1025,0.0,False
2023-01-20,1026,0.0,False
2023-01-20,1027,0.0,False
2023-01-20,1028,0.0,False
2023-01-20,1029,0.0,False
2023-01-20,1030,0.0,False
2023-01-20,1031,0.0,False
2023-01-20,1032,0.0,False
2023-01-20,1033,0.0,False
2023-01-20,1034,0.0,False
2023-01-20,1035,0.0,False
2023-01-20,1036,0.0,False
2023-01-20,1037,0.0,False
2023-01-20,1038,0.0,False
2023-01-20,1039,0.0,False
2023-01-20,1040,0.0,False
2023-01-20,1041,0.0,False
2023-01-20,1042,0.0,False
2023-01-20,1043,0.0,False
2023-01-20,1044,0.0,False
2023-01-20,1045,0.0,False
2023-01-20,1046,0.0,False
2023-01-20,1047,0.0,False
2023-01-20,1048,0.0,False
2023-01-20,1049,0.0,False
2023-01-20,1050,0.0,False
2023-01-21,1001,0.0,False
2023-01-21,1002,0.0,False
2023-01-21,1003,0.0,False
2023-01-21,1004,0.0,False
2023-01-21,1005,0.0,False
2023-01-21,1006,0.0,False
2023-01-21,1007,0.0,False
2023-01-21,1008,0.0,False
2023-01-21,1009,0.0,False
2023-01-21,1010,0.0,False
2023-01-21,1011,0.0,False
2023-01-21,1012,0.0,False
2023-01-21,1013,0.0,False
2023-01-21,1014,0.0,False
2023-01-21,1015,0.0,False
2023-01-21,1016,0.0,False
2023-01-21,1017,0.0,False
2023-01-21,1018,0.0,False
2023-01-21,1019,0.0,False
2023-01-21,1020,0.0,False
2023-01-21,1021,0.0,False
2023-01-21,1022,0.0,False
2023-01-21,1023,0.0,False
2023-01-21,1024,0.0,False
2023-01-21,1025,0.0,False
2023-01-21,1026,0.0,False
2023-01-21,1027,0.0,False
2023-01-21,1028,0.0,False
2023-01-21,1029,0.0,False
2023-01-21,1030,0.0,False
2023-01-21,1031,0.0,False
2023-01-21,1032,0.0,False
2023-01-21,1033,0.0,False
2023-01-21,1034,0.0,False
2023-01-21,1035,0.0,False
2023-01-21,1036,0.0,False
2023-01-21,1037,0.0,False
2023-01-21,1038,0.0,False
2023-01-21,1039,0.0,False
2023-01-21,1040,0.0,False
2023-01-21,1041,0.0,False
2023-01-21,1042,0.0,False
2023-01-21,1043,0.0,False
2023-01-21,1044,0.0,False
2023-01-21,1045,0.0,False
2023-01-21,1046,0.0,False
2023-01-21,1047,0.0,False
2023-01-21,1048,0.0,False
2023-01-21,1049,0.0,False
2023-01-21,1050,0.0,False
2023-01-22,1001,0.0,False
2023-01-22,1002,0.0,False
2023-01-22,1003,0.0,False
2023-01-22,1004,0.0,False
2023-01-22,1005,0.0,False
2023-01-22,1006,0.0,False
2023-01-22,1007,0.0,False
2023-01-22,1008,0.0,False
2023-01-22,1009,0.0,False
2023-01-22,1010,0.0,False
2023-01-22,1011,0.0,False
2023-01-22,1012,0.0,False
2023-01-22,1013,0.0,False
2023-01-22,1014,0.0,False
2023-01-22,1015,0.0,False
2023-01-22,1016,0.0,False
2023-01-22,1017,0.0,False
2023-01-22,1018,0.0,False
2023-01-22,1019,0.0,False
2023-01-22,1020,0.0,False
2023-01-22,1021,0.0,False
2023-01-22,1022,0.0,False
2023-01-22,1023,0.0,False
2023-01-22,1024,0.0,False
2023-01-22,1025,0.0,False
2023-01-22,1026,0.0,False
2023-01-22,1027,0.0,False
2023-01-22,1028,0.0,False
2023-01-22,1029,0.0,False
2023-01-22,1030,0.0,False
2023-01-22,1031,0.0,False
2023-01-22,1032,0.0,False
2023-01-22,1033,0.0,False
2023-01-22,1034,0.0,False
2023-01-22,1035,0.0,False
2023-01-22,1036,0.0,False
2023-01-22,1037,0.0,False
2023-01-22,1038,0.0,False
2023-01-22,1039,0.0,False
2023-01-22,1040,0.0,False
2023-01-22,1041,0.0,False
2023-01-22,1042,0.0,False
2023-01-22,1043,0.0,False
2023-01-22,1044,0.0,False
2023-01-22,1045,0.0,False
2023-01-22,1046,0.0,False
2023-01-22,1047,0.0,False
2023-01-22,1048,0.0,False
2023-01-22,1049,0.0,False
2023-01-22,1050,0.0,False
2023-01-23,1001,0.0,False
2023-01-23,1002,0.0,False
2023-01-23,1003,0.0,False
2023-01-23,1004,0.0,False
2023-01-23,1005,0.0,False
2023-01-23,1006,0.0,False
2023-01-23,1007,0.0,False
2023-01-23,1008,0.0,False
2023-01-23,1009,0.0,False
2023-01-23,1010,0.0,False
2023-01-23,1011,0.0,False
2023-01-23,1012,0.0,False
2023-01-23,1013,0.0,False
2023-01-23,1014,0.0,False
2023-01-23,1015,0.0,False
2023-01-23,1016,0.0,False
2023-01-23,1017,0.0,False
2023-01-23,1018,0.0,False
2023-01-23,1019,0.0,False
2023-01-23,1020,0.0,False
2023-01-23,1021,0.0,False
2023-01-23,1022,0.0,False
2023-01-23,1023,0.0,False
2023-01-23,1024,0.0,False
2023-01-23,1025,0.0,False
2023-01-23,1026,0.0,False
2023-01-23,1027,0.0,False
2023-01-23,1028,0.0,False
2023-01-23,1029,0.0,False
2023-01-23,1030,0.0,False
2023-01-23,1031,0.0,False
2023-01-23,1032,0.0,False
2023-01-23,1033,0.0,False
2023-01-23,1034,0.0,False
2023-01-23,1035,0.0,False
2023-01-23,1036,0.0,False
2023-01-23,1037,0.0,False
2023-01-23,1038,0.0,False
2023-01-23,1039,0.0,False
2023-01-23,1040,0.0,False
2023-01-23,1041,0.0,False
2023-01-23,1042,0.0,False
2023-01-23,1043,0.0,False
2023-01-23,1044,0.0,False
2023-01-23,1045,0.0,False
2023-01-23,1046,0.0,False
2023-01-23,1047,0.0,False
2023-01-23,1048,0.0,False
2023-01-23,1049,0.0,False
2023-01-23,1050,0.0,False
2023-01-24,1001,0.0,False
2023-01-24,1002,0.0,False
2023-01-24,1003,0.0,False
2023-01-24,1004,0.0,False
2023-01-24,1005,0.0,False
2023-01-24,1006,0.0,False
2023-01-24,1007,0.0,False
2023-01-24,1008,0.0,False
2023-01-24,1009,0.0,False
2023-01-24,1010,0.0,False
2023-01-24,1011,0.0,False
2023-01-24,1012,0.0,False
2023-01-24,1013,0.0,False
2023-01-24,1014,0.0,False
2023-01-24,1015,0.0,False
2023-01-24,1016,0.0,False
2023-01-24,1017,0.0,False
2023-01-24,1018,0.0,False
2023-01-24,1019,0.0,False
2023-01-24,1020,0.0,False
2023-01-24,1021,0.0,False
2023-01-24,1022,0.0,False
2023-01-24,1023,0.0,False
2023-01-24,1024,0.0,False
2023-01-24,1025,0.0,False
2023-01-24,1026,0.0,False
2023-01-24,1027,0.0,False
2023-01-24,1028,0.0,False
2023-01-24,1029,0.0,False
2023-01-24,1030,0.0,False
2023-01-24,1031,0.0,False
2023-01-24,1032,0.0,False
2023-01-24,1033,0.0,False
2023-01-24,1034,0.0,False
2023-01-24,1035,0.0,False
2023-01-24,1036,0.0,False
2023-01-24,1037,0.0,False
2023-01-24,1038,0.0,False
2023-01-24,1039,0.0,False
2023-01-24,1040,0.0,False
2023-01-24,1041,0.0,False
2023-01-24,1042,0.0,False
2023-01-24,1043,0.0,False
2023-01-24,1044,0.0,False
2023-01-24,1045,0.0,False
2023-01-24,1046,0.0,False
2023-01-24,1047,0.0,False
2023-01-24,1048,0.0,False
2023-01-24,1049,0.0,False
2023-01-24,1050,0.0,False
2023-01-25,1001,0.0,False
2023-01-25,1002,0.0,False
2023-01-25,1003,0.0,False
2023-01-25,1004,0.0,False
2023-01-25,1005,0.0,False
2023-01-25,1006,0.0,False
2023-01-25,1007,0.0,False
2023-01-25,1008,0.0,False
2023-01-25,1009,0.0,False
2023-01-25,1010,0.0,False
2023-01-25,1011,0.0,False
2023-01-25,1012,0.0,False
2023-01-25,1013,0.0,False
2023-01-25,1014,0.0,False
2023-01-25,1015,0.0,False
2023-01-25,1016,0.0,False
2023-01-25,1017,0.0,False
2023-01-25,1018,0.0,False
2023-01-25,1019,0.0,False
2023-01-25,1020,0.0,False
2023-01-25,1021,0.0,False
2023-01-25,1022,0.0,False
2023-01-25,1023,0.0,False
2023-01-25,1024,0.0,False
2023-01-25,1025,0.0,False
2023-01-25,1026,0.0,False
2023-01-25,1027,0.0,False
2023-01-25,1028,0.0,False
2023-01-25,1029,0.0,False
2023-01-25,1030,0.0,False
2023-01-25,1031,0.0,False
2023-01-25,1032,0.0,False
2023-01-25,1033,0.0,False
2023-01-25,1034,0.0,False
2023-01-25,1035,0.0,False
2023-01-25,1036,0.0,False
2023-01-25,1037,0.0,False
2023-01-25,1038,0.0,False
2023-01-25,1039,0.0,False
2023-01-25,1040,0.0,False
2023-01-25,1041,0.0,False
2023-01-25,1042,0.0,False
2023-01-25,1043,0.0,False
2023-01-25,1044,0.0,False
2023-01-25,1045,0.0,False
2023-01-25,1046,0.0,False
2023-01-25,1047,0.0,False
2023-01-25,1048,0.0,False
2023-01-25,1049,0.0,False
2023-01-25,1050,0.0,False
2023-01-26,1001,0.0,False
2023-01-26,1002,0.0,False
2023-01-26,1003,0.0,False
2023-01-26,1004,0.0,False
2023-01-26,1005,0.0,False
2023-01-26,1006,0.0,False
2023-01-26,1007,0.0,False
2023-01-26,1008,0.0,False
2023-01-26,1009,0.0,False
2023-01-26,1010,0.0,False
2023-01-26,1011,0.0,False
2023-01-26,1012,0.0,False
2023-01-26,1013,0.0,False
2023-01-26,1014,0.0,False
2023-01-26,1015,0.0,False
2023-01-26,1016,0.0,False
2023-01-26,1017,0.0,False
2023-01-26,1018,0.0,False
2023-01-26,1019,0.0,False
2023-01-26,1020,0.0,False
2023-01-26,1021,0.0,False
2023-01-26,1022,0.0,False
2023-01-26,1023,0.0,False
2023-01-26,1024,0.0,False
2023-01-26,1025,0.0,False
2023-01-26,1026,0.0,False
2023-01-26,1027,0.0,False
2023-01-26,1028,0.0,False
2023-01-26,1029,0.0,False
2023-01-26,1030,0.0,False
2023-01-26,1031,0.0,False
2023-01-26,1032,0.0,False
2023-01-26,1033,0.0,False
2023-01-26,1034,0.0,False
2023-01-26,1035,0.0,False
2023-01-26,1036,0.0,False
2023-01-26,1037,0.0,False
2023-01-26,1038,0.0,False
2023-01-26,1039,0.0,False
2023-01-26,1040,0.0,False
2023-01-26,1041,0.0,False
2023-01-26,1042,0.0,False
2023-01-26,1043,0.0,False
2023-01-26,1044,0.0,False
2023-01-26,1045,0.0,False
2023-01-26,1046,0.0,False
2023-01-26,1047,0.0,False
2023-01-26,1048,0.0,False
2023-01-26,1049,0.0,False
2023-01-26,1050,0.0,False
2023-01-27,1001,0.0,False
2023-01-27,1002,0.0,False
2023-01-27,1003,0.0,False
2023-01-27,1004,0.0,False
2023-01-27,1005,0.0,False
2023-01-27,1006,0.0,False
2023-01-27,1007,0.0,False
2023-01-27,1008,0.0,False
2023-01-27,1009,0.0,False
2023-01-27,1010,0.0,False
2023-01-27,1011,0.0,False
2023-01-27,1012,0.0,False
2023-01-27,1013,0.0,False
2023-01-27,1014,0.0,False
2023-01-27,1015,0.0,False
2023-01-27,1016,0.0,False
2023-01-27,1017,0.0,False
2023-01-27,1018,0.0,False
2023-01-27,1019,0.0,False
2023-01-27,1020,0.0,False
2023-01-27,1021,0.0,False
2023-01-27,1022,0.0,False
2023-01-27,1023,0.0,False
2023-01-27,1024,0.0,False
2023-01-27,1025,0.0,False
2023-01-27,1026,0.0,False
2023-01-27,1027,0.0,False
2023-01-27,1028,0.0,False
2023-01-27,1029,0.0,False
2023-01-27,1030,0.0,False
2023-01-27,1031,0.0,False
2023-01-27,1032,0.0,False
2023-01-27,1033,0.0,False
2023-01-27,1034,0.0,False
2023-01-27,1035,0.0,False
2023-01-27,1036,0.0,False
2023-01-27,1037,0.0,False
2023-01-27,1038,0.0,False
2023-01-27,1039,0.0,False
2023-01-27,1040,0.0,False
2023-01-27,1041,0.0,False
2023-01-27,1042,0.0,False
2023-01-27,1043,0.0,False
2023-01-27,1044,0.0,False
2023-01-27,1045,0.0,False
2023-01-27,1046,0.0,False
2023-01-27,1047,0.0,False
2023-01-27,1048,0.0,False
2023-01-27,1049,0.0,False
2023-01-27,1050,0.0,False
2023-01-28,1001,0.0,False
2023-01-28,1002,0.0,False
2023-01-28,1003,0.0,False
2023-01-28,1004,0.0,False
2023-01-28,1005,0.0,False
2023-01-28,1006,0.0,False
2023-01-28,1007,0.0,False
2023-01-28,1008,0.0,False
2023-01-28,1009,0.0,False
2023-01-28,1010,0.0,False
2023-01-28,1011,0.0,False
2023-01-28,1012,0.0,False
2023-01-28,1013,0.0,False
2023-01-28,1014,0.0,False
2023-01-28,1015,0.0,False
2023-01-28,1016,0.0,False
2023-01-28,1017,0.0,False
2023-01-28,1018,0.0,False
2023-01-28,1019,0.0,False
2023-01-28,1020,0.0,False
2023-01-28,1021,0.0,False
2023-01-28,1022,0.0,False
2023-01-28,1023,0.0,False
2023-01-28,1024,0.0,False
2023-01-28,1025,0.0,False
2023-01-28,1026,0.0,False
2023-01-28,1027,0.0,False
2023-01-28,1028,0.0,False
2023-01-28,1029,0.0,False
2023-01-28,1030,0.0,False
2023-01-28,1031,0.0,False
2023-01-28,1032,0.0,False
2023-01-28,1033,0.0,False
2023-01-28,1034,0.0,False
2023-01-28,1035,0.0,False
2023-01-28,1036,0.0,False
2023-01-28,1037,0.0,False
2023-01-28,1038,0.0,False
2023-01-28,1039,0.0,False
2023-01-28,1040,0.0,False
2023-01-28,1041,0.0,False
2023-01-28,1042,0.0,False
2023-01-28,1043,0.0,False
2023-01-28,1044,0.0,False
2023-01-28,1045,0.0,False
2023-01-28,1046,0.0,False
2023-01-28,1047,0.0,False
2023-01-28,1048,1.0,False
2023-01-28,1049,0.0,False
2023-01-28,1050,0.0,False
2023-01-29,1001,0.0,False
2023-01-29,1002,0.0,False
2023-01-29,1003,0.0,False
2023-01-29,1004,0.0,False
2023-01-29,1005,0.0,False
2023-01-29,1006,0.0,False
2023-01-29,1007,0.0,False
2023-01-29,1008,0.0,False
2023-01-29,1009,0.0,False
2023-01-29,1010,0.0,False
2023-01-29,1011,0.0,False
2023-01-29,1012,0.0,False
2023-01-29,1013,0.0,False
2023-01-29,1014,0.0,False
2023-01-29,1015,0.0,False
2023-01-29,1016,0.0,False
2023-01-29,1017,0.0,False
2023-01-29,1018,0.0,False
2023-01-29,1019,0.0,False
2023-01-29,1020,0.0,False
2023-01-29,1021,0.0,False
2023-01-29,1022,0.0,False
2023-01-29,1023,0.0,False
2023-01-29,1024,0.0,False
2023-01-29,1025,0.0,False
2023-01-29,1026,0.0,False
2023-01-29,1027,0.0,False
2023-01-29,1028,0.0,False
2023-01-29,1029,0.0,False
2023-01-29,1030,0.0,False
2023-01-29,1031,0.0,False
2023-01-29,1032,0.0,False
2023-01-29,1033,0.0,False
2023-01-29,1034,0.0,False
2023-01-29,1035,0.0,False
2023-01-29,1036,0.0,False
2023-01-29,1037,0.0,False
2023-01-29,1038,0.0,False
2023-01-29,1039,0.0,False
2023-01-29,1040,0.0,False
2023-01-29,1041,0.0,False
2023-01-29,1042,0.0,False
2023-01-29,1043,0.0,False
2023-01-29,1044,0.0,False
2023-01-29,1045,0.0,False
2023-01-29,1046,0.0,False
2023-01-29,1047,0.0,False
2023-01-29,1048,0.0,False
2023-01-29,1049,0.0,False
2023-01-29,1050,0.0,False
2023-01-30,1001,0.0,False
2023-01-30,1002,0.0,False
2023-01-30,1003,0.0,False
2023-01-30,1004,0.0,False
2023-01-30,1005,0.0,False
2023-01-30,1006,0.0,False
2023-01-30,1007,0.0,False
2023-01-30,1008,0.0,False
2023-01-30,1009,0.0,False
2023-01-30,1010,0.0,False
2023-01-30,1011,0.0,False
2023-01-30,1012,0.0,False
2023-01-30,1013,0.0,False
2023-01-30,1014,0.0,False
2023-01-30,1015,0.0,False
2023-01-30,1016,0.0,False
2023-01-30,1017,0.0,False
2023-01-30,1018,0.0,False
2023-01-30,1019,0.0,False
2023-01-30,1020,0.0,False
2023-01-30,1021,0.0,False
2023-01-30,1022,0.0,False
2023-01-30,1023,0.0,False
2023-01-30,1024,0.0,False
2023-01-30,1025,0.0,False
2023-01-30,1026,0.0,False
2023-01-30,1027,0.0,False
2023-01-30,1028,0.0,False
2023-01-30,1029,0.0,False
2023-01-30,1030,0.0,False
2023-01-30,1031,0.0,False
2023-01-30,1032,0.0,False
2023-01-30,1033,0.0,False
2023-01-30,1034,0.0,False
2023-01-30,1035,0.0,False
2023-01-30,1036,0.0,False
2023-01-30,1037,0.0,False
2023-01-30,1038,0.0,False
2023-01-30,1039,0.0,False
2023-01-30,1040,0.0,False
2023-01-30,1041,0.0,False
2023-01-30,1042,0.0,False
2023-01-30,1043,0.0,False
2023-01-30,1044,0.0,False
2023-01-30,1045,0.0,False
2023-01-30,1046,0.0,False
2023-01-30,1047,0.0,False
2023-01-30,1048,0.0,False
2023-01-30,1049,0.0,False
2023-01-30,1050,0.0,False
2023-01-31,1001,0.0,False
2023-01-31,1002,0.0,False
2023-01-31,1003,0.0,False
2023-01-31,1004,0.0,False
2023-01-31,1005,0.0,False
2023-01-31,1006,0.0,False
2023-01-31,1007,0.0,False
2023-01-31,1008,0.0,False
2023-01-31,1009,0.0,False
2023-01-31,1010,0.0,False
2023-01-31,1011,0.0,False
2023-01-31,1012,0.0,False
2023-01-31,1013,0.0,False
2023-01-31,1014,0.0,False
2023-01-31,1015,0.0,False
2023-01-31,1016,0.0,False
2023-01-31,1017,0.0,False
2023-01-31,1018,0.0,False
2023-01-31,1019,0.0,False
2023-01-31,1020,0.0,False
2023-01-31,1021,0.0,False
2023-01-31,1022,0.0,False
2023-01-31,1023,0.0,False
2023-01-31,1024,0.0,False
2023-01-31,1025,0.0,False
2023-01-31,1026,0.0,False
2023-01-31,1027,0.0,False
2023-01-31,1028,0.0,False
2023-01-31,1029,0.0,False
2023-01-31,1030,0.0,False
2023-01-31,1031,0.0,False
2023-01-31,1032,0.0,False
2023-01-31,1033,0.0,False
2023-01-31,1034,0.0,False
2023-01-31,1035,0.0,False
2023-01-31,1036,0.0,False
2023-01-31,1037,0.0,False
2023-01-31,1038,0.0,False
2023-01-31,1039,0.0,False
2023-01-31,1040,0.0,False
2023-01-31,1041,0.0,False
2023-01-31,1042,0.0,False
2023-01-31,1043,0.0,False
2023-01-31,1044,0.0,False
2023-01-31,1045,0.0,False
2023-01-31,1046,0.0,False
2023-01-31,1047,0.0,False
2023-01-31,1048,0.0,False
2023-01-31,1049,0.0,False
2023-01-31,1050,0.0,False
2023-02-01,1001,0.0,False
2023-02-01,1002,0.0,False
2023-02-01,1003,0.0,False
2023-02-01,1004,0.0,False
2023-02-01,1005,0.0,False
2023-02-01,1006,0.0,False
2023-02-01,1007,0.0,False
2023-02-01,1008,0.0,False
2023-02-01,1009,0.0,False
2023-02-01,1010,0.0,False
2023-02-01,1011,0.0,False
2023-02-01,1012,0.0,False
2023-02-01,1013,0.0,False
2023-02-01,1014,0.0,False
2023-02-01,1015,0.0,False
2023-02-01,1016,0.0,False
2023-02-01,1017,0.0,False
2023-02-01,1018,0.0,False
2023-02-01,1019,0.0,False
2023-02-01,1020,0.0,False
2023-02-01,1021,0.0,False
2023-02-01,1022,0.0,False
2023-02-01,1023,0.0,False
2023-02-01,1024,0.0,False
2023-02-01,1025,0.0,False
2023-02-01,1026,0.0,False
2023-02-01,1027,0.0,False
2023-02-01,1028,0.0,False
2023-02-01,1029,0.0,False
2023-02-01,1030,0.0,False
2023-02-01,1031,0.0,False
2023-02-01,1032,0.0,False
2023-02-01,1033,0.0,False
2023-02-01,1034,0.0,False
2023-02-01,1035,0.0,False
2023-02-01,1036,0.0,False
2023-02-01,1037,0.0,False
2023-02-01,1038,0.0,False
2023-02-01,1039,0.0,False
2023-02-01,1040,0.0,False
2023-02-01,1041,0.0,False
2023-02-01,1042,0.0,False
2023-02-01,1043,0.0,False
2023-02-01,1044,0.0,False
2023-02-01,1045,0.0,False
2023-02-01,1046,0.0,False
2023-02-01,1047,0.0,False
2023-02-01,1048,0.0,False
2023-02-01,1049,0.0,False
2023-02-01,1050,0.0,False
2023-02-02,1001,0.0,False
2023-02-02,1002,0.0,False
2023-02-02,1003,0.0,False
2023-02-02,1004,0.0,False
2023-02-02,1005,0.0,False
2023-02-02,1006,0.0,False
2023-02-02,1007,0.0,False
2023-02-02,1008,0.0,False
2023-02-02,1009,0.0,False
2023-02-02,1010,0.0,False
2023-02-02,1011,0.0,False
2023-02-02,1012,0.0,False
2023-02-02,1013,0.0,False
2023-02-02,1014,0.0,False
2023-02-02,1015,0.0,False
2023-02-02,1016,0.0,False
2023-02-02,1017,0.0,False
2023-02-02,1018,0.0,False
2023-02-02,1019,0.0,False
2023-02-02,1020,0.0,False
2023-02-02,1021,0.0,False
2023-02-02,1022,0.0,False
2023-02-02,1023,0.0,False
2023-02-02,1024,0.0,False
2023-02-02,1025,0.0,False
2023-02-02,1026,0.0,False
2023-02-02,1027,0.0,False
2023-02-02,1028,0.0,False
2023-02-02,1029,0.0,False
2023-02-02,1030,0.0,False
2023-02-02,1031,0.0,False
2023-02-02,1032,0.0,False
2023-02-02,1033,0.0,False
2023-02-02,1034,0.0,False
2023-02-02,1035,0.0,False
2023-02-02,1036,0.0,False
2023-02-02,1037,0.0,False
2023-02-02,1038,0.0,False
2023-02-02,1039,0.0,False
2023-02-02,1040,0.0,False
2023-02-02,1041,0.0,False
2023-02-02,1042,0.0,False
2023-02-02,1043,0.0,False
2023-02-02,1044,0.0,False
2023-02-02,1045,0.0,False
2023-02-02,1046,0.0,False
2023-02-02,1047,0.0,False
2023-02-02,1048,0.0,False
2023-02-02,1049,0.0,False
2023-02-02,1050,0.0,False
2023-02-03,1001,0.0,False
2023-02-03,1002,0.0,False
2023-02-03,1003,0.0,False
2023-02-03,1004,0.0,False
2023-02-03,1005,0.0,False
2023-02-03,1006,0.0,False
2023-02-03,1007,0.0,False
2023-02-03,1008,0.0,False
2023-02-03,1009,0.0,False
2023-02-03,1010,0.0,False
2023-02-03,1011,0.0,False
2023-02-03,1012,0.0,False
2023-02-03,1013,0.0,False
2023-02-03,1014,0.0,False
2023-02-03,1015,0.0,False
2023-02-03,1016,0.0,False
2023-02-03,1017,0.5,False
2023-02-03,1018,0.0,False
2023-02-03,1019,0.0,False
2023-02-03,1020,0.0,False
2023-02-03,1021,0.0,False
2023-02-03,1022,0.0,False
2023-02-03,1023,0.0,False
2023-02-03,1024,0.0,False
2023-02-03,1025,0.0,False
2023-02-03,1026,0.0,False
2023-02-03,1027,0.0,False
2023-02-03,1028,0.0,False
2023-02-03,1029,0.0,False
2023-02-03,1030,0.0,False
2023-02-03,1031,0.0,False
2023-02-03,1032,0.0,False
2023-02-03,1033,0.0,False
2023-02-03,1034,0.0,False
2023-02-03,1035,0.0,False
2023-02-03,1036,0.0,False
2023-02-03,1037,0.0,False
2023-02-03,1038,0.0,False
2023-02-03,1039,0.0,False
2023-02-03,1040,0.0,False
2023-02-03,1041,0.0,False
2023-02-03,1042,0.0,False
2023-02-03,1043,0.0,False
2023-02-03,1044,0.0,False
2023-02-03,1045,0.0,False
2023-02-03,1046,0.0,False
2023-02-03,1047,0.0,False
2023-02-03,1048,0.0,False
2023-02-03,1049,0.0,False
2023-02-03,1050,0.0,False
2023-02-04,1001,0.0,False
2023-02-04,1002,0.0,False
2023-02-04,1003,0.0,False
2023-02-04,1004,0.0,False
2023-02-04,1005,0.0,False
2023-02-04,1006,0.0,False
2023-02-04,1007,0.0,False
2023-02-04,1008,0.0,False
2023-02-04,1009,0.0,False
2023-02-04,1010,0.0,False
2023-02-04,1011,0.0,False
2023-02-04,1012,0.0,False
2023-02-04,1013,0.0,False
2023-02-04,1014,0.0,False
2023-02-04,1015,0.0,False
2023-02-04,1016,0.0,False
2023-02-04,1017,0.0,False
2023-02-04,1018,0.0,False
2023-02-04,1019,0.0,False
2023-02-04,1020,0.0,False
2023-02-04,1021,0.0,False
2023-02-04,1022,0.0,False
2023-02-04,1023,0.0,False
2023-02-04,1024,0.0,False
2023-02-04,1025,0.0,False
2023-02-04,1026,0.0,False
2023-02-04,1027,0.0,False
2023-02-04,1028,0.0,False
2023-02-04,1029,0.0,False
2023-02-04,1030,0.0,False
2023-02-04,1031,0.0,False
2023-02-04,1032,0.0,False
2023-02-04,1033,0.0,False
2023-02-04,1034,0.0,False
2023-02-04,1035,0.0,False
2023-02-04,1036,0.0,False
2023-02-04,1037,0.0,False
2023-02-04,1038,0.0,False
2023-02-04,1039,0.0,False
2023-02-04,1040,0.0,False
2023-02-04,1041,0.0,False
2023-02-04,1042,0.0,False
2023-02-04,1043,0.0,False
2023-02-04,1044,0.0,False
2023-02-04,1045,0.0,False
2023-02-04,1046,0.0,False
2023-02-04,1047,0.0,False
2023-02-04,1048,0.0,False
2023-02-04,1049,0.0,False
2023-02-04,1050,0.0,False
2023-02-05,1001,0.5,False
2023-02-05,1002,2.5,False
2023-02-05,1003,3.0,False
2023-02-05,1004,0.0,False
2023-02-05,1005,0.0,False
2023-02-05,1006,1.0,False
2023-02-05,1007,0.0,False
2023-02-05,1008,0.0,False
2023-02-05,1009,23.5,False
2023-02-05,1010,0.0,False
2023-02-05,1011,0.0,False
2023-02-05,1012,0.0,False
2023-02-05,1013,0.0,False
2023-02-05,1014,0.0,False
2023-02-05,1015,0.0,False
2023-02-05,1016,0.0,False
2023-02-05,1017,0.0,False
2023-02-05,1018,0.0,False
2023-02-05,1019,0.0,False
2023-02-05,1020,0.0,False
2023-02-05,1021,0.0,False
2023-02-05,1022,0.0,False
2023-02-05,1023,0.0,False
2023-02-05,1024,0.0,False
2023-02-05,1025,0.5,False
2023-02-05,1026,0.0,False
2023-02-05,1027,0.0,False
2023-02-05,1028,0.0,False
2023-02-05,1029,5.0,False
2023-02-05,1030,5.5,False
2023-02-05,1031,0.0,False
2023-02-05,1032,0.0,False
2023-02-05,1033,6.0,False
2023-02-05,1034,0.0,False
2023-02-05,1035,0.0,False
2023-02-05,1036,0.0,False
2023-02-05,1037,0.0,False
2023-02-05,1038,0.0,False
2023-02-05,1039,0.0,False
2023-02-05,1040,0.0,False
2023-02-05,1041,0.0,False
2023-02-05,1042,0.0,False
2023-02-05,1043,0.0,False
2023-02-05,1044,6.5,False
2023-02-05,1045,0.0,False
2023-02-05,1046,0.0,False
2023-02-05,1047,0.0,False
2023-02-05,1048,0.0,False
2023-02-05,1049,0.0,False
2023-02-05,1050,0.0,False
2023-02-06,1001,9.0,False
2023-02-06,1002,16.5,False
2023-02-06,1003,4.0,False
2023-02-06,1004,0.0,False
2023-02-06,1005,0.0,False
2023-02-06,1006,0.0,False
2023-02-06,1007,0.0,False
2023-02-06,1008,0.0,False
2023-02-06,1009,0.5,False
2023-02-06,1010,10.5,False
2023-02-06,1011,0.0,False
2023-02-06,1012,0.0,False
2023-02-06,1013,0.0,False
2023-02-06,1014,25.0,False
2023-02-06,1015,0.0,False
2023-02-06,1016,0.0,False
2023-02-06,1017,19.5,False
2023-02-06,1018,0.0,False
2023-02-06,1019,32.5,False
2023-02-06,1020,0.0,False
2023-02-06,1021,1.5,False
2023-02-06,1022,0.0,False
2023-02-06,1023,0.0,False
2023-02-06,1024,0.0,False
2023-02-06,1025,17.0,False
2023-02-06,1026,13.0,False
2023-02-06,1027,0.0,False
2023-02-06,1028,0.0,False
2023-02-06,1029,30.0,False
2023-02-06,1030,26.0,False
2023-02-06,1031,0.0,False
2023-02-06,1032,0.0,False
2023-02-06,1033,0.0,False
2023-02-06,1034,0.0,False
2023-02-06,1035,0.0,False
2023-02-06,1036,0.0,False
2023-02-06,1037,3.5,False
2023-02-06,1038,41.0,False
2023-02-06,1039,0.0,False
2023-02-06,1040,0.0,False
2023-02-06,1041,0.0,False
2023-02-06,1042,0.0,False
2023-02-06,1043,17.0,False
2023-02-06,1044,0.0,False
2023-02-06,1045,41.0,False
2023-02-06,1046,4.0,False
2023-02-06,1047,0.0,False
2023-02-06,1048,37.5,False
2023-02-06,1049,0.0,False
2023-02-06,1050,2.5,False
2023-02-07,1001,0.0,False
2023-02-07,1002,0.0,False
2023-02-07,1003,1.0,False
2023-02-07,1004,0.0,False
2023-02-07,1005,0.5,False
2023-02-07,1006,0.0,False
2023-02-07,1007,0.0,False
2023-02-07,1008,0.0,False
2023-02-07,1009,0.0,False
2023-02-07,1010,0.0,False
2023-02-07,1011,0.0,False
2023-02-07,1012,0.0,False
2023-02-07,1013,0.0,False
2023-02-07,1014,0.0,False
2023-02-07,1015,0.0,False
2023-02-07,1016,0.0,False
2023-02-07,1017,0.0,False
2023-02-07,1018,0.0,False
2023-02-07,1019,2.0,False
2023-02-07,1020,0.0,False
2023-02-07,1021,0.0,False
2023-02-07,1022,0.0,False
2023-02-07,1023,0.0,False
2023-02-07,1024,0.0,False
2023-02-07,1025,0.0,False
2023-02-07,1026,0.0,False
2023-02-07,1027,0.0,False
2023-02-07,1028,0.0,False
2023-02-07,1029,0.5,False
2023-02-07,1030,3.0,False
2023-02-07,1031,0.0,False
2023-02-07,1032,0.0,False
2023-02-07,1033,0.0,False
2023-02-07,1034,0.0,False
2023-02-07,1035,0.0,False
2023-02-07,1036,0.0,False
2023-02-07,1037,0.0,False
2023-02-07,1038,0.0,False
2023-02-07,1039,0.0,False
2023-02-07,1040,0.0,False
2023-02-07,1041,0.5,False
2023-02-07,1042,20.0,False
2023-02-07,1043,10.5,False
2023-02-07,1044,0.0,False
2023-02-07,1045,0.0,False
2023-02-07,1046,3.5,False
2023-02-07,1047,0.0,False
2023-02-07,1048,1.0,False
2023-02-07,1049,0.0,False
2023-02-07,1050,0.0,False
2023-02-08,1001,0.0,False
2023-02-08,1002,0.0,False
2023-02-08,1003,0.0,False
2023-02-08,1004,0.0,False
2023-02-08,1005,0.5,False
2023-02-08,1006,0.0,False
2023-02-08,1007,0.0,False
2023-02-08,1008,0.0,False
2023-02-08,1009,0.0,False
2023-02-08,1010,0.0,False
2023-02-08,1011,0.0,False
2023-02-08,1012,0.0,False
2023-02-08,1013,0.0,False
2023-02-08,1014,0.0,False
2023-02-08,1015,0.0,False
2023-02-08,1016,0.0,False
2023-02-08,1017,0.0,False
2023-02-08,1018,0.0,False
2023-02-08,1019,0.0,False
2023-02-08,1020,0.0,False
2023-02-08,1021,0.0,False
2023-02-08,1022,0.0,False
2023-02-08,1023,0.0,False
2023-02-08,1024,0.0,False
2023-02-08,1025,0.0,False
2023-02-08,1026,0.0,False
2023-02-08,1027,0.0,False
2023-02-08,1028,0.0,False
2023-02-08,1029,0.0,False
2023-02-08,1030,0.0,False
2023-02-08,1031,0.0,False
2023-02-08,1032,0.0,False
2023-02-08,1033,0.0,False
2023-02-08,1034,0.0,False
2023-02-08,1035,0.0,False
2023-02-08,1036,0.0,False
2023-02-08,1037,0.0,False
2023-02-08,1038,0.0,False
2023-02-08,1039,0.0,False
2023-02-08,1040,0.0,False
2023-02-08,1041,0.0,False
2023-02-08,1042,0.0,False
2023-02-08,1043,0.0,False
2023-02-08,1044,0.0,False
2023-02-08,1045,0.0,False
2023-02-08,1046,0.0,False
2023-02-08,1047,0.0,False
2023-02-08,1048,0.0,False
2023-02-08,1049,0.0,False
2023-02-08,1050,0.0,False
2023-02-09,1001,0.0,False
2023-02-09,1002,0.0,False
2023-02-09,1003,0.0,False
2023-02-09,1004,0.0,False
2023-02-09,1005,0.0,False
2023-02-09,1006,0.0,False
2023-02-09,1007,0.0,False
2023-02-09,1008,0.0,False
2023-02-09,1009,0.0,False
2023-02-09,1010,0.0,False
2023-02-09,1011,0.0,False
2023-02-09,1012,0.0,False
2023-02-09,1013,0.0,False
2023-02-09,1014,0.0,False
2023-02-09,1015,0.0,False
2023-02-09,1016,0.0,False
2023-02-09,1017,0.0,False
2023-02-09,1018,0.0,False
2023-02-09,1019,0.0,False
2023-02-09,1020,0.0,False
2023-02-09,1021,0.0,False
2023-02-09,1022,0.0,False
2023-02-09,1023,0.0,False
2023-02-09,1024,0.0,False
2023-02-09,1025,0.0,False
2023-02-09,1026,0.0,False
2023-02-09,1027,0.0,False
2023-02-09,1028,0.0,False
2023-02-09,1029,0.0,False
2023-02-09,1030,0.0,False
2023-02-09,1031,0.0,False
2023-02-09,1032,0.0,False
2023-02-09,1033,0.0,False
2023-02-09,1034,0.0,False
2023-02-09,1035,0.0,False
2023-02-09,1036,0.0,False
2023-02-09,1037,0.0,False
2023-02-09,1038,0.0,False
2023-02-09,1039,0.0,False
2023-02-09,1040,0.0,False
2023-02-09,1041,0.0,False
2023-02-09,1042,0.0,False
2023-02-09,1043,0.0,False
2023-02-09,1044,0.0,False
2023-02-09,1045,0.0,False
2023-02-09,1046,0.0,False
2023-02-09,1047,0.0,False
2023-02-09,1048,0.0,False
2023-02-09,1049,0.0,False
2023-02-09,1050,0.0,False
2023-02-10,1001,0.0,False
2023-02-10,1002,0.0,False
2023-02-10,1003,0.0,False
2023-02-10,1004,0.0,False
2023-02-10,1005,0.0,False
2023-02-10,1006,0.0,False
2023-02-10,1007,0.0,False
2023-02-10,1008,0.0,False
2023-02-10,1009,0.0,False
2023-02-10,1010,0.0,False
2023-02-10,1011,0.0,False
2023-02-10,1012,0.0,False
2023-02-10,1013,0.0,False
2023-02-10,1014,0.0,False
2023-02-10,1015,0.0,False
2023-02-10,1016,0.0,False
2023-02-10,1017,0.0,False
2023-02-10,1018,0.0,False
2023-02-10,1019,0.0,False
2023-02-10,1020,0.0,False
2023-02-10,1021,0.0,False
2023-02-10,1022,0.0,False
2023-02-10,1023,0.0,False
2023-02-10,1024,0.0,False
2023-02-10,1025,0.0,False
2023-02-10,1026,0.0,False
2023-02-10,1027,0.0,False
2023-02-10,1028,0.0,False
2023-02-10,1029,0.0,False
2023-02-10,1030,0.0,False
2023-02-10,1031,0.0,False
2023-02-10,1032,0.0,False
2023-02-10,1033,0.0,False
2023-02-10,1034,0.0,False
2023-02-10,1035,0.0,False
2023-02-10,1036,0.0,False
2023-02-10,1037,0.0,False
2023-02-10,1038,0.0,False
2023-02-10,1039,0.0,False
2023-02-10,1040,0.0,False
2023-02-10,1041,0.0,False
2023-02-10,1042,0.0,False
2023-02-10,1043,0.0,False
2023-02-10,1044,0.0,False
2023-02-10,1045,0.0,False
2023-02-10,1046,0.0,False
2023-02-10,1047,0.0,False
2023-02-10,1048,0.0,False
2023-02-10,1049,0.0,False
2023-02-10,1050,0.0,False
2023-02-11,1001,0.0,False
2023-02-11,1002,0.0,False
2023-02-11,1003,0.0,False
2023-02-11,1004,0.0,False
2023-02-11,1005,0.0,False
2023-02-11,1006,0.0,False
2023-02-11,1007,0.0,False
2023-02-11,1008,0.0,False
2023-02-11,1009,0.0,False
2023-02-11,1010,0.0,False
2023-02-11,1011,0.0,False
2023-02-11,1012,0.0,False
2023-02-11,1013,0.0,False
2023-02-11,1014,0.0,False
2023-02-11,1015,0.0,False
2023-02-11,1016,0.0,False
2023-02-11,1017,0.0,False
2023-02-11,1018,0.0,False
2023-02-11,1019,0.0,False
2023-02-11,1020,0.0,False
2023-02-11,1021,0.0,False
2023-02-11,1022,0.0,False
2023-02-11,1023,0.0,False
2023-02-11,1024,0.0,False
2023-02-11,1025,0.0,False
2023-02-11,1026,0.0,False
2023-02-11,1027,0.0,False
2023-02-11,1028,0.0,False
2023-02-11,1029,0.0,False
2023-02-11,1030,0.0,False
2023-02-11,1031,0.0,False
2023-02-11,1032,0.0,False
2023-02-11,1033,0.0,False
2023-02-11,1034,0.0,False
2023-02-11,1035,0.0,False
2023-02-11,1036,0.0,False
2023-02-11,1037,0.0,False
2023-02-11,1038,0.0,False
2023-02-11,1039,0.0,False
2023-02-11,1040,0.0,False
2023-02-11,1041,0.0,False
2023-02-11,1042,0.0,False
2023-02-11,1043,0.0,False
2023-02-11,1044,0.0,False
2023-02-11,1045,0.0,False
2023-02-11,1046,0.0,False
2023-02-11,1047,0.0,False
2023-02-11,1048,0.0,False
2023-02-11,1049,0.0,False
2023-02-11,1050,0.5,False
2023-02-12,1001,0.0,False
2023-02-12,1002,0.0,False
2023-02-12,1003,0.0,False
2023-02-12,1004,0.0,False
2023-02-12,1005,0.0,False
2023-02-12,1006,0.0,False
2023-02-12,1007,0.0,False
2023-02-12,1008,0.0,False
2023-02-12,1009,0.0,False
2023-02-12,1010,0.0,False
2023-02-12,1011,0.0,False
2023-02-12,1012,0.0,False
2023-02-12,1013,0.0,False
2023-02-12,1014,0.0,False
2023-02-12,1015,0.0,False
2023-02-12,1016,0.0,False
2023-02-12,1017,0.0,False
2023-02-12,1018,0.0,False
2023-02-12,1019,0.0,False
2023-02-12,1020,0.0,False
2023-02-12,1021,0.0,False
2023-02-12,1022,0.0,False
2023-02-12,1023,0.0,False
2023-02-12,1024,0.0,False
2023-02-12,1025,0.0,False
2023-02-12,1026,0.0,False
2023-02-12,1027,0.0,False
2023-02-12,1028,0.0,False
2023-02-12,1029,0.0,False
2023-02-12,1030,0.0,False
2023-02-12,1031,0.0,False
2023-02-12,1032,0.0,False
2023-02-12,1033,0.0,False
2023-02-12,1034,0.0,False
2023-02-12,1035,0.0,False
2023-02-12,1036,0.0,False
2023-02-12,1037,0.0,False
2023-02-12,1038,0.0,False
2023-02-12,1039,0.0,False
2023-02-12,1040,0.0,False
2023-02-12,1041,0.0,False
2023-02-12,1042,0.0,False
2023-02-12,1043,0.0,False
2023-02-12,1044,0.0,False
2023-02-12,1045,0.0,False
2023-02-12,1046,0.0,False
2023-02-12,1047,0.0,False
2023-02-12,1048,0.0,False
2023-02-12,1049,0.0,False
2023-02-12,1050,0.0,False
2023-02-13,1001,0.0,False
2023-02-13,1002,0.0,False
2023-02-13,1003,0.0,False
2023-02-13,1004,0.0,False
2023-02-13,1005,0.0,False
2023-02-13,1006,0.0,False
2023-02-13,1007,0.0,False
2023-02-13,1008,0.0,False
2023-02-13,1009,0.0,False
2023-02-13,1010,0.0,False
2023-02-13,1011,0.0,False
2023-02-13,1012,0.0,False
2023-02-13,1013,0.0,False
2023-02-13,1014,0.0,False
2023-02-13,1015,0.0,False
2023-02-13,1016,0.0,False
2023-02-13,1017,0.0,False
2023-02-13,1018,0.0,False
2023-02-13,1019,0.0,False
2023-02-13,1020,0.0,False
2023-02-13,1021,0.0,False
2023-02-13,1022,0.0,False
2023-02-13,1023,0.0,False
2023-02-13,1024,0.0,False
2023-02-13,1025,0.0,False
2023-02-13,1026,0.0,False
2023-02-13,1027,0.0,False
2023-02-13,1028,0.0,False
2023-02-13,1029,0.0,False
2023-02-13,1030,0.0,False
2023-02-13,1031,0.0,False
2023-02-13,1032,0.0,False
2023-02-13,1033,0.0,False
2023-02-13,1034,0.0,False
2023-02-13,1035,0.0,False
2023-02-13,1036,0.0,False
2023-02-13,1037,0.0,False
2023-02-13,1038,0.0,False
2023-02-13,1039,0.0,False
2023-02-13,1040,0.0,False
2023-02-13,1041,0.0,False
2023-02-13,1042,0.0,False
2023-02-13,1043,0.0,False
2023-02-13,1044,0.0,False
2023-02-13,1045,0.0,False
2023-02-13,1046,0.0,False
2023-02-13,1047,0.0,False
2023-02-13,1048,0.5,False
2023-02-13,1049,0.0,False
2023-02-13,1050,0.0,False
2023-02-14,1001,0.0,False
2023-02-14,1002,0.0,False
2023-02-14,1003,0.0,False
2023-02-14,1004,0.0,False
2023-02-14,1005,0.0,False
2023-02-14,1006,0.0,False
2023-02-14,1007,0.0,False
2023-02-14,1008,0.0,False
2023-02-14,1009,0.0,False
2023-02-14,1010,0.0,False
2023-02-14,1011,0.0,False
2023-02-14,1012,0.0,False
2023-02-14,1013,0.0,False
2023-02-14,1014,0.0,False
2023-02-14,1015,0.0,False
2023-02-14,1016,0.0,False
2023-02-14,1017,0.0,False
2023-02-14,1018,0.0,False
2023-02-14,1019,0.0,False
2023-02-14,1020,0.0,False
2023-02-14,1021,0.0,False
2023-02-14,1022,0.0,False
2023-02-14,1023,0.0,False
2023-02-14,1024,0.0,False
2023-02-14,1025,0.0,False
2023-02-14,1026,0.0,False
2023-02-14,1027,0.0,False
2023-02-14,1028,0.0,False
2023-02-14,1029,0.0,False
2023-02-14,1030,0.0,False
2023-02-14,1031,0.0,False
2023-02-14,1032,0.0,False
2023-02-14,1033,0.0,False
2023-02-14,1034,0.0,False
2023-02-14,1035,0.0,False
2023-02-14,1036,0.0,False
2023-02-14,1037,0.0,False
2023-02-14,1038,0.0,False
2023-02-14,1039,0.0,False
2023-02-14,1040,0.0,False
2023-02-14,1041,0.0,False
2023-02-14,1042,0.0,False
2023-02-14,1043,0.0,False
2023-02-14,1044,0.0,False
2023-02-14,1045,0.0,False
2023-02-14,1046,0.0,False
2023-02-14,1047,0.0,False
2023-02-14,1048,0.0,False
2023-02-14,1049,0.0,False
2023-02-14,1050,0.0,False
2023-02-15,1001,0.0,False
2023-02-15,1002,0.0,False
2023-02-15,1003,0.0,False
2023-02-15,1004,0.0,False
2023-02-15,1005,0.0,False
2023-02-15,1006,0.0,False
2023-02-15,1007,0.0,False
2023-02-15,1008,0.0,False
2023-02-15,1009,0.0,False
2023-02-15,1010,0.0,False
2023-02-15,1011,0.0,False
2023-02-15,1012,0.0,False
2023-02-15,1013,0.0,False
2023-02-15,1014,0.0,False
2023-02-15,1015,0.0,False
2023-02-15,1016,0.0,False
2023-02-15,1017,0.0,False
2023-02-15,1018,0.0,False
2023-02-15,1019,0.0,False
2023-02-15,1020,0.0,False
2023-02-15,1021,0.0,False
2023-02-15,1022,0.0,False
2023-02-15,1023,0.0,False
2023-02-15,1024,0.0,False
2023-02-15,1025,0.0,False
2023-02-15,1026,0.0,False
2023-02-15,1027,0.0,False
2023-02-15,1028,0.0,False
2023-02-15,1029,0.0,False
2023-02-15,1030,0.0,False
2023-02-15,1031,0.0,False
2023-02-15,1032,0.0,False
2023-02-15,1033,0.0,False
2023-02-15,1034,0.0,False
2023-02-15,1035,0.0,False
2023-02-15,1036,0.0,False
2023-02-15,1037,0.0,False
2023-02-15,1038,0.0,False
2023-02-15,1039,0.0,False
2023-02-15,1040,0.0,False
2023-02-15,1041,0.0,False
2023-02-15,1042,0.0,False
2023-02-15,1043,0.0,False
2023-02-15,1044,0.0,False
2023-02-15,1045,0.0,False
2023-02-15,1046,0.0,False
2023-02-15,1047,0.0,False
2023-02-15,1048,0.0,False
2023-02-15,1049,0.0,False
2023-02-15,1050,0.0,False
2023-02-16,1001,63.0,False
2023-02-16,1002,74.5,False
2023-02-16,1003,25.0,False
2023-02-16,1004,41.0,False
2023-02-16,1005,8.0,False
2023-02-16,1006,51.0,False
2023-02-16,1007,64.0,False
2023-02-16,1008,66.5,False
2023-02-16,1009,71.0,False
2023-02-16,1010,24.5,False
2023-02-16,1011,78.5,False
2023-02-16,1012,29.0,False
2023-02-16,1013,47.5,False
2023-02-16,1014,66.0,False
2023-02-16,1015,35.0,False
2023-02-16,1016,59.0,False
2023-02-16,1017,64.5,False
2023-02-16,1018,41.5,False
2023-02-16,1019,48.0,False
2023-02-16,1020,57.5,False
2023-02-16,1021,39.5,False
2023-02-16,1022,40.5,False
2023-02-16,1023,34.5,False
2023-02-16,1024,47.5,False
2023-02-16,1025,44.5,False
2023-02-16,1026,51.0,False
2023-02-16,1027,24.0,False
2023-02-16,1028,36.0,False
2023-02-16,1029,56.5,False
2023-02-16,1030,27.0,False
2023-02-16,1031,38.0,False
2023-02-16,1032,48.5,False
2023-02-16,1033,41.0,False
2023-02-16,1034,50.0,False
2023-02-16,1035,37.5,False
2023-02-16,1036,4.0,False
2023-02-16,1037,68.5,False
2023-02-16,1038,27.5,False
2023-02-16,1039,89.0,False
2023-02-16,1040,26.0,False
2023-02-16,1041,8.5,False
2023-02-16,1042,6.0,False
2023-02-16,1043,13.0,False
2023-02-16,1044,31.5,False
2023-02-16,1045,39.0,False
2023-02-16,1046,20.0,False
2023-02-16,1047,80.5,False
2023-02-16,1048,37.5,False
2023-02-16,1049,48.0,False
2023-02-16,1050,19.0,False
2023-02-17,1001,17.5,False
2023-02-17,1002,8.5,False
2023-02-17,1003,18.5,False
2023-02-17,1004,14.0,False
2023-02-17,1005,1.0,False
2023-02-17,1006,15.0,False
2023-02-17,1007,18.0,False
2023-02-17,1008,11.0,False
2023-02-17,1009,26.5,False
2023-02-17,1010,24.0,False
2023-02-17,1011,3.0,False
2023-02-17,1012,12.5,False
2023-02-17,1013,13.0,False
2023-02-17,1014,22.0,False
2023-02-17,1015,6.5,False
2023-02-17,1016,19.0,False
2023-02-17,1017,16.5,False
2023-02-17,1018,11.0,False
2023-02-17,1019,6.0,False
2023-02-17,1020,16.0,False
2023-02-17,1021,15.5,False
2023-02-17,1022,14.5,False
2023-02-17,1023,3.5,False
2023-02-17,1024,16.5,False
2023-02-17,1025,6.0,False
2023-02-17,1026,13.5,False
2023-02-17,1027,18.5,False
2023-02-17,1028,9.5,False
2023-02-17,1029,3.5,False
2023-02-17,1030,5.0,False
2023-02-17,1031,13.0,False
2023-02-17,1032,19.0,False
2023-02-17,1033,22.0,False
2023-02-17,1034,16.5,False
2023-02-17,1035,10.5,False
2023-02-17,1036,0.0,False
2023-02-17,1037,13.5,False
2023-02-17,1038,6.0,False
2023-02-17,1039,17.5,False
2023-02-17,1040,7.5,False
2023-02-17,1041,0.5,False
2023-02-17,1042,0.0,False
2023-02-17,1043,5.5,False
2023-02-17,1044,20.0,False
2023-02-17,1045,17.5,False
2023-02-17,1046,5.0,False
2023-02-17,1047,10.0,False
2023-02-17,1048,12.5,False
2023-02-17,1049,23.5,False
2023-02-17,1050,5.0,False
2023-02-18,1001,0.0,False
2023-02-18,1002,0.0,False
2023-02-18,1003,0.0,False
2023-02-18,1004,0.0,False
2023-02-18,1005,0.0,False
2023-02-18,1006,0.0,False
2023-02-18,1007,0.0,False
2023-02-18,1008,0.0,False
2023-02-18,1009,0.0,False
2023-02-18,1010,0.0,False
2023-02-18,1011,0.0,False
2023-02-18,1012,0.0,False
2023-02-18,1013,0.0,False
2023-02-18,1014,0.0,False
2023-02-18,1015,0.0,False
2023-02-18,1016,0.0,False
2023-02-18,1017,0.0,False
2023-02-18,1018,0.0,False
2023-02-18,1019,0.0,False
2023-02-18,1020,0.0,False
2023-02-18,1021,0.0,False
2023-02-18,1022,0.0,False
2023-02-18,1023,0.0,False
2023-02-18,1024,0.0,False
2023-02-18,1025,0.0,False
2023-02-18,1026,0.0,False
2023-02-18,1027,0.0,False
2023-02-18,1028,0.0,False
2023-02-18,1029,0.0,False
2023-02-18,1030,0.0,False
2023-02-18,1031,0.0,False
2023-02-18,1032,0.0,False
2023-02-18,1033,0.0,False
2023-02-18,1034,0.0,False
2023-02-18,1035,0.0,False
2023-02-18,1036,0.0,False
2023-02-18,1037,0.0,False
2023-02-18,1038,0.0,False
2023-02-18,1039,0.0,False
2023-02-18,1040,0.5,False
2023-02-18,1041,0.0,False
2023-02-18,1042,0.0,False
2023-02-18,1043,0.0,False
2023-02-18,1044,0.0,False
2023-02-18,1045,0.0,False
2023-02-18,1046,0.0,False
2023-02-18,1047,0.0,False
2023-02-18,1048,0.0,False
2023-02-18,1049,0.0,False
2023-02-18,1050,0.0,False
2023-02-19,1001,0.0,False
2023-02-19,1002,0.0,False
2023-02-19,1003,0.0,False
2023-02-19,1004,0.0,False
2023-02-19,1005,0.0,False
2023-02-19,1006,0.0,False
2023-02-19,1007,0.0,False
2023-02-19,1008,0.0,False
2023-02-19,1009,0.0,False
2023-02-19,1010,0.0,False
2023-02-19,1011,0.0,False
2023-02-19,1012,0.0,False
2023-02-19,1013,0.0,False
2023-02-19,1014,0.0,False
2023-02-19,1015,0.0,False
2023-02-19,1016,0.0,False
2023-02-19,1017,0.0,False
2023-02-19,1018,0.0,False
2023-02-19,1019,0.0,False
2023-02-19,1020,0.0,False
2023-02-19,1021,0.0,False
2023-02-19,1022,0.0,False
2023-02-19,1023,0.0,False
2023-02-19,1024,0.0,False
2023-02-19,1025,0.0,False
2023-02-19,1026,0.0,False
2023-02-19,1027,0.0,False
2023-02-19,1028,0.0,False
2023-02-19,1029,0.0,False
2023-02-19,1030,0.0,False
2023-02-19,1031,0.0,False
2023-02-19,1032,0.0,False
2023-02-19,1033,0.0,False
2023-02-19,1034,0.0,False
2023-02-19,1035,0.0,False
2023-02-19,1036,0.0,False
2023-02-19,1037,0.0,False
2023-02-19,1038,0.0,False
2023-02-19,1039,0.0,False
2023-02-19,1040,0.5,False
2023-02-19,1041,0.0,False
2023-02-19,1042,0.0,False
2023-02-19,1043,0.0,False
2023-02-19,1044,0.0,False
2023-02-19,1045,0.0,False
2023-02-19,1046,0.0,False
2023-02-19,1047,0.0,False
2023-02-19,1048,0.0,False
2023-02-19,1049,0.0,False
2023-02-19,1050,0.0,False
2023-02-20,1001,0.0,False
2023-02-20,1002,0.0,False
2023-02-20,1003,0.0,False
2023-02-20,1004,0.0,False
2023-02-20,1005,0.0,False
2023-02-20,1006,0.0,False
2023-02-20,1007,0.0,False
2023-02-20,1008,0.0,False
2023-02-20,1009,0.0,False
2023-02-20,1010,0.0,False
2023-02-20,1011,0.0,False
2023-02-20,1012,0.0,False
2023-02-20,1013,0.0,False
2023-02-20,1014,0.0,False
2023-02-20,1015,0.0,False
2023-02-20,1016,0.0,False
2023-02-20,1017,0.0,False
2023-02-20,1018,0.0,False
2023-02-20,1019,0.0,False
2023-02-20,1020,0.0,False
2023-02-20,1021,0.0,False
2023-02-20,1022,0.0,False
2023-02-20,1023,0.0,False
2023-02-20,1024,0.0,False
2023-02-20,1025,0.0,False
2023-02-20,1026,0.0,False
2023-02-20,1027,0.0,False
2023-02-20,1028,0.0,False
2023-02-20,1029,0.0,False
2023-02-20,1030,0.0,False
2023-02-20,1031,0.0,False
2023-02-20,1032,0.0,False
2023-02-20,1033,0.0,False
2023-02-20,1034,0.0,False
2023-02-20,1035,0.0,False
2023-02-20,1036,0.0,False
2023-02-20,1037,0.0,False
2023-02-20,1038,0.0,False
2023-02-20,1039,0.0,False
2023-02-20,1040,0.0,False
2023-02-20,1041,0.0,False
2023-02-20,1042,0.0,False
2023-02-20,1043,0.0,False
2023-02-20,1044,0.0,False
2023-02-20,1045,0.0,False
2023-02-20,1046,0.0,False
2023-02-20,1047,0.0,False
2023-02-20,1048,0.0,False
2023-02-20,1049,0.0,False
2023-02-20,1050,0.0,False
2023-02-21,1001,0.0,False
2023-02-21,1002,0.0,False
2023-02-21,1003,0.0,False
2023-02-21,1004,0.0,False
2023-02-21,1005,0.0,False
2023-02-21,1006,0.0,False
2023-02-21,1007,0.0,False
2023-02-21,1008,0.0,False
2023-02-21,1009,0.0,False
2023-02-21,1010,0.0,False
2023-02-21,1011,0.0,False
2023-02-21,1012,0.0,False
2023-02-21,1013,0.0,False
2023-02-21,1014,0.0,False
2023-02-21,1015,0.0,False
2023-02-21,1016,0.0,False
2023-02-21,1017,0.0,False
2023-02-21,1018,0.0,False
2023-02-21,1019,0.0,False
2023-02-21,1020,0.0,False
2023-02-21,1021,0.0,False
2023-02-21,1022,0.0,False
2023-02-21,1023,0.0,False
2023-02-21,1024,0.0,False
2023-02-21,1025,0.0,False
2023-02-21,1026,0.0,False
2023-02-21,1027,0.0,False
2023-02-21,1028,0.0,False
2023-02-21,1029,0.0,False
2023-02-21,1030,0.0,False
2023-02-21,1031,0.0,False
2023-02-21,1032,0.0,False
2023-02-21,1033,0.0,False
2023-02-21,1034,0.0,False
2023-02-21,1035,0.0,False
2023-02-21,1036,0.0,False
2023-02-21,1037,0.0,False
2023-02-21,1038,0.0,False
2023-02-21,1039,0.0,False
2023-02-21,1040,0.0,False
2023-02-21,1041,0.0,False
2023-02-21,1042,0.0,False
2023-02-21,1043,0.0,False
2023-02-21,1044,0.0,False
2023-02-21,1045,0.0,False
2023-02-21,1046,0.0,False
2023-02-21,1047,0.0,False
2023-02-21,1048,0.0,False
2023-02-21,1049,0.0,False
2023-02-21,1050,0.0,False
2023-02-22,1001,0.0,False
2023-02-22,1002,0.0,False
2023-02-22,1003,0.0,False
2023-02-22,1004,0.0,False
2023-02-22,1005,0.0,False
2023-02-22,1006,0.0,False
2023-02-22,1007,0.0,False
2023-02-22,1008,0.0,False
2023-02-22,1009,0.0,False
2023-02-22,1010,0.0,False
2023-02-22,1011,0.0,False
2023-02-22,1012,0.0,False
2023-02-22,1013,0.0,False
2023-02-22,1014,0.0,False
2023-02-22,1015,0.0,False
2023-02-22,1016,0.5,False
2023-02-22,1017,0.0,False
2023-02-22,1018,0.0,False
2023-02-22,1019,0.0,False
2023-02-22,1020,0.0,False
2023-02-22,1021,0.0,False
2023-02-22,1022,0.0,False
2023-02-22,1023,0.0,False
2023-02-22,1024,0.0,False
2023-02-22,1025,0.0,False
2023-02-22,1026,0.0,False
2023-02-22,1027,0.0,False
2023-02-22,1028,0.0,False
2023-02-22,1029,0.0,False
2023-02-22,1030,0.0,False
2023-02-22,1031,0.0,False
2023-02-22,1032,0.0,False
2023-02-22,1033,0.0,False
2023-02-22,1034,0.0,False
2023-02-22,1035,0.0,False
2023-02-22,1036,0.0,False
2023-02-22,1037,0.0,False
2023-02-22,1038,0.0,False
2023-02-22,1039,0.0,False
2023-02-22,1040,0.0,False
2023-02-22,1041,0.0,False
2023-02-22,1042,0.0,False
2023-02-22,1043,0.0,False
2023-02-22,1044,0.0,False
2023-02-22,1045,0.0,False
2023-02-22,1046,0.0,False
2023-02-22,1047,0.0,False
2023-02-22,1048,0.0,False
2023-02-22,1049,0.0,False
2023-02-22,1050,0.0,False
2023-02-23,1001,0.0,False
2023-02-23,1002,0.0,False
2023-02-23,1003,0.0,False
2023-02-23,1004,0.0,False
2023-02-23,1005,0.0,False
2023-02-23,1006,0.0,False
2023-02-23,1007,0.0,False
2023-02-23,1008,0.0,False
2023-02-23,1009,0.0,False
2023-02-23,1010,0.0,False
2023-02-23,1011,0.0,False
2023-02-23,1012,0.0,False
2023-02-23,1013,0.0,False
2023-02-23,1014,0.0,False
2023-02-23,1015,0.0,False
2023-02-23,1016,0.0,False
2023-02-23,1017,0.0,False
2023-02-23,1018,0.0,False
2023-02-23,1019,0.0,False
2023-02-23,1020,0.5,False
2023-02-23,1021,0.0,False
2023-02-23,1022,0.0,False
2023-02-23,1023,0.0,False
2023-02-23,1024,0.0,False
2023-02-23,1025,0.0,False
2023-02-23,1026,0.0,False
2023-02-23,1027,0.0,False
2023-02-23,1028,0.0,False
2023-02-23,1029,0.0,False
2023-02-23,1030,0.0,False
2023-02-23,1031,0.0,False
2023-02-23,1032,0.0,False
2023-02-23,1033,0.0,False
2023-02-23,1034,0.0,False
2023-02-23,1035,0.0,False
2023-02-23,1036,0.0,False
2023-02-23,1037,0.0,False
2023-02-23,1038,0.0,False
2023-02-23,1039,0.0,False
2023-02-23,1040,0.0,False
2023-02-23,1041,0.0,False
2023-02-23,1042,0.0,False
2023-02-23,1043,0.0,False
2023-02-23,1044,0.0,False
2023-02-23,1045,0.0,False
2023-02-23,1046,0.0,False
2023-02-23,1047,0.0,False
2023-02-23,1048,0.0,False
2023-02-23,1049,0.0,False
2023-02-23,1050,0.0,False
2023-02-24,1001,0.0,False
2023-02-24,1002,0.0,False
2023-02-24,1003,0.0,False
2023-02-24,1004,0.0,False
2023-02-24,1005,0.0,False
2023-02-24,1006,0.0,False
2023-02-24,1007,0.0,False
2023-02-24,1008,0.0,False
2023-02-24,1009,0.0,False
2023-02-24,1010,0.0,False
2023-02-24,1011,0.0,False
2023-02-24,1012,0.0,False
2023-02-24,1013,0.0,False
2023-02-24,1014,0.0,False
2023-02-24,1015,0.0,False
2023-02-24,1016,0.0,False
2023-02-24,1017,0.0,False
2023-02-24,1018,0.0,False
2023-02-24,1019,0.0,False
2023-02-24,1020,0.0,False
2023-02-24,1021,0.0,False
2023-02-24,1022,0.0,False
2023-02-24,1023,0.0,False
2023-02-24,1024,0.0,False
2023-02-24,1025,0.0,False
2023-02-24,1026,0.0,False
2023-02-24,1027,0.0,False
2023-02-24,1028,0.0,False
2023-02-24,1029,0.0,False
2023-02-24,1030,0.0,False
2023-02-24,1031,0.0,False
2023-02-24,1032,0.0,False
2023-02-24,1033,0.0,False
2023-02-24,1034,0.0,False
2023-02-24,1035,0.0,False
2023-02-24,1036,0.0,False
2023-02-24,1037,0.0,False
2023-02-24,1038,0.0,False
2023-02-24,1039,0.0,False
2023-02-24,1040,0.0,False
2023-02-24,1041,0.0,False
2023-02-24,1042,0.0,False
2023-02-24,1043,0.0,False
2023-02-24,1044,0.0,False
2023-02-24,1045,0.0,False
2023-02-24,1046,0.0,False
2023-02-24,1047,0.0,False
2023-02-24,1048,0.0,False
2023-02-24,1049,0.0,False
2023-02-24,1050,0.0,False
2023-02-25,1001,0.0,False
2023-02-25,1002,0.0,False
2023-02-25,1003,0.0,False
2023-02-25,1004,0.0,False
2023-02-25,1005,0.0,False
2023-02-25,1006,0.0,False
2023-02-25,1007,0.0,False
2023-02-25,1008,0.0,False
2023-02-25,1009,0.0,False
2023-02-25,1010,0.0,False
2023-02-25,1011,0.0,False
2023-02-25,1012,0.0,False
2023-02-25,1013,0.0,False
2023-02-25,1014,0.0,False
2023-02-25,1015,0.0,False
2023-02-25,1016,0.0,False
2023-02-25,1017,0.0,False
2023-02-25,1018,0.0,False
2023-02-25,1019,0.0,False
2023-02-25,1020,0.0,False
2023-02-25,1021,0.0,False
2023-02-25,1022,0.0,False
2023-02-25,1023,0.0,False
2023-02-25,1024,0.0,False
2023-02-25,1025,0.0,False
2023-02-25,1026,0.0,False
2023-02-25,1027,0.0,False
2023-02-25,1028,0.0,False
2023-02-25,1029,0.0,False
2023-02-25,1030,0.0,False
2023-02-25,1031,0.0,False
2023-02-25,1032,0.0,False
2023-02-25,1033,0.0,False
2023-02-25,1034,0.0,False
2023-02-25,1035,0.0,False
2023-02-25,1036,0.0,False
2023-02-25,1037,0.0,False
2023-02-25,1038,0.0,False
2023-02-25,1039,0.0,False
2023-02-25,1040,0.0,False
2023-02-25,1041,2.0,False
2023-02-25,1042,0.0,False
2023-02-25,1043,0.0,False
2023-02-25,1044,0.0,False
2023-02-25,1045,0.0,False
2023-02-25,1046,0.0,False
2023-02-25,1047,0.0,False
2023-02-25,1048,0.0,False
2023-02-25,1049,0.0,False
2023-02-25,1050,0.0,False
2023-02-26,1001,0.0,False
2023-02-26,1002,0.0,False
2023-02-26,1003,0.0,False
2023-02-26,1004,0.0,False
2023-02-26,1005,0.0,False
2023-02-26,1006,0.0,False
2023-02-26,1007,0.0,False
2023-02-26,1008,0.0,False
2023-02-26,1009,0.0,False
2023-02-26,1010,0.0,False
2023-02-26,1011,0.0,False
2023-02-26,1012,0.0,False
2023-02-26,1013,0.0,False
2023-02-26,1014,0.0,False
2023-02-26,1015,0.0,False
2023-02-26,1016,0.0,False
2023-02-26,1017,0.0,False
2023-02-26,1018,0.0,False
2023-02-26,1019,0.0,False
2023-02-26,1020,0.0,False
2023-02-26,1021,0.0,False
2023-02-26,1022,0.0,False
2023-02-26,1023,0.0,False
2023-02-26,1024,0.0,False
2023-02-26,1025,0.0,False
2023-02-26,1026,0.0,False
2023-02-26,1027,0.0,False
2023-02-26,1028,0.0,False
2023-02-26,1029,0.0,False
2023-02-26,1030,0.0,False
2023-02-26,1031,0.0,False
2023-02-26,1032,0.0,False
2023-02-26,1033,0.0,False
2023-02-26,1034,0.0,False
2023-02-26,1035,0.0,False
2023-02-26,1036,0.0,False
2023-02-26,1037,0.5,False
2023-02-26,1038,0.0,False
2023-02-26,1039,0.0,False
2023-02-26,1040,0.0,False
2023-02-26,1041,0.0,False
2023-02-26,1042,0.0,False
2023-02-26,1043,0.0,False
2023-02-26,1044,0.0,False
2023-02-26,1045,0.0,False
2023-02-26,1046,0.0,False
2023-02-26,1047,0.0,False
2023-02-26,1048,0.0,False
2023-02-26,1049,0.0,False
2023-02-26,1050,0.0,False
2023-02-27,1001,0.0,False
2023-02-27,1002,0.0,False
2023-02-27,1003,0.0,False
2023-02-27,1004,0.0,False
2023-02-27,1005,0.0,False
2023-02-27,1006,0.0,False
2023-02-27,1007,0.0,False
2023-02-27,1008,0.0,False
2023-02-27,1009,0.0,False
2023-02-27,1010,0.0,False
2023-02-27,1011,0.0,False
2023-02-27,1012,0.0,False
2023-02-27,1013,0.0,False
2023-02-27,1014,0.0,False
2023-02-27,1015,0.0,False
2023-02-27,1016,0.0,False
2023-02-27,1017,0.0,False
2023-02-27,1018,0.0,False
2023-02-27,1019,0.0,False
2023-02-27,1020,0.5,False
2023-02-27,1021,0.0,False
2023-02-27,1022,0.0,False
2023-02-27,1023,0.0,False
2023-02-27,1024,0.0,False
2023-02-27,1025,0.0,False
2023-02-27,1026,0.0,False
2023-02-27,1027,0.0,False
2023-02-27,1028,0.0,False
2023-02-27,1029,0.0,False
2023-02-27,1030,0.0,False
2023-02-27,1031,0.0,False
2023-02-27,1032,0.0,False
2023-02-27,1033,0.0,False
2023-02-27,1034,0.0,False
2023-02-27,1035,0.0,False
2023-02-27,1036,0.0,False
2023-02-27,1037,0.0,False
2023-02-27,1038,0.0,False
2023-02-27,1039,0.0,False
2023-02-27,1040,0.0,False
2023-02-27,1041,0.0,False
2023-02-27,1042,0.0,False
2023-02-27,1043,0.0,False
2023-02-27,1044,0.0,False
2023-02-27,1045,0.0,False
2023-02-27,1046,0.0,False
2023-02-27,1047,0.0,False
2023-02-27,1048,0.0,False
2023-02-27,1049,0.0,False
2023-02-27,1050,0.0,False
2023-02-28,1001,0.0,False
2023-02-28,1002,0.0,False
2023-02-28,1003,0.0,False
2023-02-28,1004,0.0,False
2023-02-28,1005,0.0,False
2023-02-28,1006,0.0,False
2023-02-28,1007,0.0,False
2023-02-28,1008,0.0,False
2023-02-28,1009,0.0,False
2023-02-28,1010,0.0,False
2023-02-28,1011,0.0,False
2023-02-28,1012,0.0,False
2023-02-28,1013,0.0,False
2023-02-28,1014,0.0,False
2023-02-28,1015,0.0,False
2023-02-28,1016,0.0,False
2023-02-28,1017,0.0,False
2023-02-28,1018,0.0,False
2023-02-28,1019,0.0,False
2023-02-28,1020,0.0,False
2023-02-28,1021,0.0,False
2023-02-28,1022,0.0,False
2023-02-28,1023,0.0,False
2023-02-28,1024,0.0,False
2023-02-28,1025,0.0,False
2023-02-28,1026,0.0,False
2023-02-28,1027,0.0,False
2023-02-28,1028,0.0,False
2023-02-28,1029,0.0,False
2023-02-28,1030,0.0,False
2023-02-28,1031,0.0,False
2023-02-28,1032,0.0,False
2023-02-28,1033,0.0,False
2023-02-28,1034,0.0,False
2023-02-28,1035,0.0,False
2023-02-28,1036,0.0,False
2023-02-28,1037,0.0,False
2023-02-28,1038,0.0,False
2023-02-28,1039,0.0,False
2023-02-28,1040,0.0,False
2023-02-28,1041,0.0,False
2023-02-28,1042,0.0,False
2023-02-28,1043,0.0,False
2023-02-28,1044,0.0,False
2023-02-28,1045,0.0,False
2023-02-28,1046,0.0,False
2023-02-28,1047,0.0,False
2023-02-28,1048,0.0,False
2023-02-28,1049,0.0,False
2023-02-28,1050,0.0,False
2023-03-01,1001,0.0,False
2023-03-01,1002,0.0,False
2023-03-01,1003,0.0,False
2023-03-01,1004,0.0,False
2023-03-01,1005,0.0,False
2023-03-01,1006,0.0,False
2023-03-01,1007,0.0,False
2023-03-01,1008,0.0,False
2023-03-01,1009,0.0,False
2023-03-01,1010,0.0,False
2023-03-01,1011,0.0,False
2023-03-01,1012,0.0,False
2023-03-01,1013,0.0,False
2023-03-01,1014,0.0,False
2023-03-01,1015,0.0,False
2023-03-01,1016,0.0,False
2023-03-01,1017,0.0,False
2023-03-01,1018,0.0,False
2023-03-01,1019,0.0,False
2023-03-01,1020,0.0,False
2023-03-01,1021,0.0,False
2023-03-01,1022,0.0,False
2023-03-01,1023,0.0,False
2023-03-01,1024,0.0,False
2023-03-01,1025,0.0,False
2023-03-01,1026,0.0,False
2023-03-01,1027,0.0,False
2023-03-01,1028,0.0,False
2023-03-01,1029,0.0,False
2023-03-01,1030,0.0,False
2023-03-01,1031,0.0,False
2023-03-01,1032,0.0,False
2023-03-01,1033,0.0,False
2023-03-01,1034,0.0,False
2023-03-01,1035,0.0,False
2023-03-01,1036,0.0,False
2023-03-01,1037,0.0,False
2023-03-01,1038,0.0,False
2023-03-01,1039,0.0,False
2023-03-01,1040,0.0,False
2023-03-01,1041,0.0,False
2023-03-01,1042,0.0,False
2023-03-01,1043,0.0,False
2023-03-01,1044,0.0,False
2023-03-01,1045,0.0,False
2023-03-01,1046,0.0,False
2023-03-01,1047,0.0,False
2023-03-01,1048,0.0,False
2023-03-01,1049,0.0,False
2023-03-01,1050,0.0,False
2023-03-02,1001,0.0,False
2023-03-02,1002,0.0,False
2023-03-02,1003,0.0,False
2023-03-02,1004,0.0,False
2023-03-02,1005,0.0,False
2023-03-02,1006,0.0,False
2023-03-02,1007,0.0,False
2023-03-02,1008,0.0,False
2023-03-02,1009,0.0,False
2023-03-02,1010,0.0,False
2023-03-02,1011,0.0,False
2023-03-02,1012,0.0,False
2023-03-02,1013,0.0,False
2023-03-02,1014,0.0,False
2023-03-02,1015,0.0,False
2023-03-02,1016,0.0,False
2023-03-02,1017,0.0,False
2023-03-02,1018,0.0,False
2023-03-02,1019,0.0,False
2023-03-02,1020,0.0,False
2023-03-02,1021,0.0,False
2023-03-02,1022,0.0,False
2023-03-02,1023,0.0,False
2023-03-02,1024,0.0,False
2023-03-02,1025,0.0,False
2023-03-02,1026,0.0,False
2023-03-02,1027,0.0,False
2023-03-02,1028,0.0,False
2023-03-02,1029,0.0,False
2023-03-02,1030,0.0,False
2023-03-02,1031,0.0,False
2023-03-02,1032,0.0,False
2023-03-02,1033,0.0,False
2023-03-02,1034,0.0,False
2023-03-02,1035,0.0,False
2023-03-02,1036,0.0,False
2023-03-02,1037,0.0,False
2023-03-02,1038,0.0,False
2023-03-02,1039,0.0,False
2023-03-02,1040,0.0,False
2023-03-02,1041,0.0,False
2023-03-02,1042,0.0,False
2023-03-02,1043,0.0,False
2023-03-02,1044,0.0,False
2023-03-02,1045,0.0,False
2023-03-02,1046,0.0,False
2023-03-02,1047,0.0,False
2023-03-02,1048,0.0,False
2023-03-02,1049,0.0,False
2023-03-02,1050,0.0,False
2023-03-03,1001,0.0,False
2023-03-03,1002,0.0,False
2023-03-03,1003,0.0,False
2023-03-03,1004,0.0,False
2023-03-03,1005,0.0,False
2023-03-03,1006,0.0,False
2023-03-03,1007,0.0,False
2023-03-03,1008,0.0,False
2023-03-03,1009,0.0,False
2023-03-03,1010,0.0,False
2023-03-03,1011,0.0,False
2023-03-03,1012,0.0,False
2023-03-03,1013,0.0,False
2023-03-03,1014,0.0,False
2023-03-03,1015,0.0,False
2023-03-03,1016,0.0,False
2023-03-03,1017,0.0,False
2023-03-03,1018,0.0,False
2023-03-03,1019,0.0,False
2023-03-03,1020,0.0,False
2023-03-03,1021,0.0,False
2023-03-03,1022,0.0,False
2023-03-03,1023,0.0,False
2023-03-03,1024,0.0,False
2023-03-03,1025,0.0,False
2023-03-03,1026,0.0,False
2023-03-03,1027,0.0,False
2023-03-03,1028,0.0,False
2023-03-03,1029,0.0,False
2023-03-03,1030,0.0,False
2023-03-03,1031,0.0,False
2023-03-03,1032,0.0,False
2023-03-03,1033,0.0,False
2023-03-03,1034,0.0,False
2023-03-03,1035,0.0,False
2023-03-03,1036,0.0,False
2023-03-03,1037,0.0,False
2023-03-03,1038,0.0,False
2023-03-03,1039,0.0,False
2023-03-03,1040,0.0,False
2023-03-03,1041,0.0,False
2023-03-03,1042,0.0,False
2023-03-03,1043,0.0,False
2023-03-03,1044,0.0,False
2023-03-03,1045,0.0,False
2023-03-03,1046,0.0,False
2023-03-03,1047,0.0,False
2023-03-03,1048,14.5,False
2023-03-03,1049,0.0,False
2023-03-03,1050,0.0,False
2023-03-04,1001,0.0,False
2023-03-04,1002,0.0,False
2023-03-04,1003,0.0,False
2023-03-04,1004,0.0,False
2023-03-04,1005,0.0,False
2023-03-04,1006,0.0,False
2023-03-04,1007,0.0,False
2023-03-04,1008,0.0,False
2023-03-04,1009,0.0,False
2023-03-04,1010,0.0,False
2023-03-04,1011,0.0,False
2023-03-04,1012,0.0,False
2023-03-04,1013,0.0,False
2023-03-04,1014,0.0,False
2023-03-04,1015,0.0,False
2023-03-04,1016,0.0,False
2023-03-04,1017,0.0,False
2023-03-04,1018,0.0,False
2023-03-04,1019,0.0,False
2023-03-04,1020,0.0,False
2023-03-04,1021,0.0,False
2023-03-04,1022,0.0,False
2023-03-04,1023,0.0,False
2023-03-04,1024,0.0,False
2023-03-04,1025,0.0,False
2023-03-04,1026,0.0,False
2023-03-04,1027,0.0,False
2023-03-04,1028,0.0,False
2023-03-04,1029,0.0,False
2023-03-04,1030,0.0,False
2023-03-04,1031,0.0,False
2023-03-04,1032,0.0,False
2023-03-04,1033,0.0,False
2023-03-04,1034,0.0,False
2023-03-04,1035,0.0,False
2023-03-04,1036,0.0,False
2023-03-04,1037,0.0,False
2023-03-04,1038,0.0,False
2023-03-04,1039,0.0,False
2023-03-04,1040,0.0,False
2023-03-04,1041,0.0,False
2023-03-04,1042,0.0,False
2023-03-04,1043,0.0,False
2023-03-04,1044,0.0,False
2023-03-04,1045,0.0,False
2023-03-04,1046,0.0,False
2023-03-04,1047,0.0,False
2023-03-04,1048,0.0,False
2023-03-04,1049,0.0,False
2023-03-04,1050,0.0,False
2023-03-05,1001,0.0,False
2023-03-05,1002,0.0,False
2023-03-05,1003,0.0,False
2023-03-05,1004,0.0,False
2023-03-05,1005,0.0,False
2023-03-05,1006,0.0,False
2023-03-05,1007,0.0,False
2023-03-05,1008,0.0,False
2023-03-05,1009,0.0,False
2023-03-05,1010,0.0,False
2023-03-05,1011,0.0,False
2023-03-05,1012,0.0,False
2023-03-05,1013,0.0,False
2023-03-05,1014,0.0,False
2023-03-05,1015,0.0,False
2023-03-05,1016,0.0,False
2023-03-05,1017,0.0,False
2023-03-05,1018,0.0,False
2023-03-05,1019,0.0,False
2023-03-05,1020,0.0,False
2023-03-05,1021,0.0,False
2023-03-05,1022,0.0,False
2023-03-05,1023,0.0,False
2023-03-05,1024,0.0,False
2023-03-05,1025,0.0,False
2023-03-05,1026,0.0,False
2023-03-05,1027,0.0,False
2023-03-05,1028,0.0,False
2023-03-05,1029,0.0,False
2023-03-05,1030,0.0,False
2023-03-05,1031,0.0,False
2023-03-05,1032,0.0,False
2023-03-05,1033,0.0,False
2023-03-05,1034,0.0,False
2023-03-05,1035,0.0,False
2023-03-05,1036,0.0,False
2023-03-05,1037,0.5,False
2023-03-05,1038,0.0,False
2023-03-05,1039,0.0,False
2023-03-05,1040,0.0,False
2023-03-05,1041,0.0,False
2023-03-05,1042,0.0,False
2023-03-05,1043,0.0,False
2023-03-05,1044,0.0,False
2023-03-05,1045,0.0,False
2023-03-05,1046,0.0,False
2023-03-05,1047,0.0,False
2023-03-05,1048,0.0,False
2023-03-05,1049,0.0,False
2023-03-05,1050,0.0,False
2023-03-06,1001,0.0,False
2023-03-06,1002,0.0,False
2023-03-06,1003,0.0,False
2023-03-06,1004,0.0,False
2023-03-06,1005,0.0,False
2023-03-06,1006,0.0,False
2023-03-06,1007,3.0,False
2023-03-06,1008,0.0,False
2023-03-06,1009,0.0,False
2023-03-06,1010,0.0,False
2023-03-06,1011,0.0,False
2023-03-06,1012,0.0,False
2023-03-06,1013,0.0,False
2023-03-06,1014,0.0,False
2023-03-06,1015,0.0,False
2023-03-06,1016,0.0,False
2023-03-06,1017,0.0,False
2023-03-06,1018,0.0,False
2023-03-06,1019,0.0,False
2023-03-06,1020,0.0,False
2023-03-06,1021,0.0,False
2023-03-06,1022,0.0,False
2023-03-06,1023,0.0,False
2023-03-06,1024,0.0,False
2023-03-06,1025,0.0,False
2023-03-06,1026,0.0,False
2023-03-06,1027,0.0,False
2023-03-06,1028,0.0,False
2023-03-06,1029,0.0,False
2023-03-06,1030,0.0,False
2023-03-06,1031,0.0,False
2023-03-06,1032,0.0,False
2023-03-06,1033,0.0,False
2023-03-06,1034,0.0,False
2023-03-06,1035,0.0,False
2023-03-06,1036,0.0,False
2023-03-06,1037,0.0,False
2023-03-06,1038,0.0,False
2023-03-06,1039,0.0,False
2023-03-06,1040,0.0,False
2023-03-06,1041,0.0,False
2023-03-06,1042,0.0,False
2023-03-06,1043,0.0,False
2023-03-06,1044,0.0,False
2023-03-06,1045,0.0,False
2023-03-06,1046,0.0,False
2023-03-06,1047,0.0,False
2023-03-06,1048,0.0,False
2023-03-06,1049,0.0,False
2023-03-06,1050,0.0,False
2023-03-07,1001,0.0,False
2023-03-07,1002,0.0,False
2023-03-07,1003,0.5,False
2023-03-07,1004,0.0,False
2023-03-07,1005,0.0,False
2023-03-07,1006,0.0,False
2023-03-07,1007,0.0,False
2023-03-07,1008,0.0,False
2023-03-07,1009,0.0,False
2023-03-07,1010,0.0,False
2023-03-07,1011,0.0,False
2023-03-07,1012,0.0,False
2023-03-07,1013,0.0,False
2023-03-07,1014,0.0,False
2023-03-07,1015,0.0,False
2023-03-07,1016,0.0,False
2023-03-07,1017,0.0,False
2023-03-07,1018,0.0,False
2023-03-07,1019,0.0,False
2023-03-07,1020,0.0,False
2023-03-07,1021,0.0,False
2023-03-07,1022,0.0,False
2023-03-07,1023,0.0,False
2023-03-07,1024,0.0,False
2023-03-07,1025,0.0,False
2023-03-07,1026,0.0,False
2023-03-07,1027,0.0,False
2023-03-07,1028,0.0,False
2023-03-07,1029,0.0,False
2023-03-07,1030,0.0,False
2023-03-07,1031,0.0,False
2023-03-07,1032,0.0,False
2023-03-07,1033,0.0,False
2023-03-07,1034,0.0,False
2023-03-07,1035,0.0,False
2023-03-07,1036,0.0,False
2023-03-07,1037,0.0,False
2023-03-07,1038,0.0,False
2023-03-07,1039,0.0,False
2023-03-07,1040,0.0,False
2023-03-07,1041,0.0,False
2023-03-07,1042,0.0,False
2023-03-07,1043,0.0,False
2023-03-07,1044,0.0,False
2023-03-07,1045,0.0,False
2023-03-07,1046,0.0,False
2023-03-07,1047,0.0,False
2023-03-07,1048,0.0,False
2023-03-07,1049,0.0,False
2023-03-07,1050,0.0,False
2023-03-08,1001,0.0,False
2023-03-08,1002,0.0,False
2023-03-08,1003,0.0,False
2023-03-08,1004,0.0,False
2023-03-08,1005,0.0,False
2023-03-08,1006,0.0,False
2023-03-08,1007,0.0,False
2023-03-08,1008,0.0,False
2023-03-08,1009,0.0,False
2023-03-08,1010,0.0,False
2023-03-08,1011,0.0,False
2023-03-08,1012,0.0,False
2023-03-08,1013,0.0,False
2023-03-08,1014,0.0,False
2023-03-08,1015,0.0,False
2023-03-08,1016,0.0,False
2023-03-08,1017,0.0,False
2023-03-08,1018,0.0,False
2023-03-08,1019,0.0,False
2023-03-08,1020,0.0,False
2023-03-08,1021,0.0,False
2023-03-08,1022,0.0,False
2023-03-08,1023,0.0,False
2023-03-08,1024,0.0,False
2023-03-08,1025,0.0,False
2023-03-08,1026,0.0,False
2023-03-08,1027,0.0,False
2023-03-08,1028,0.0,False
2023-03-08,1029,0.0,False
2023-03-08,1030,0.0,False
2023-03-08,1031,0.0,False
2023-03-08,1032,0.0,False
2023-03-08,1033,0.0,False
2023-03-08,1034,0.0,False
2023-03-08,1035,0.0,False
2023-03-08,1036,0.0,False
2023-03-08,1037,0.0,False
2023-03-08,1038,0.0,False
2023-03-08,1039,0.0,False
2023-03-08,1040,0.0,False
2023-03-08,1041,0.0,False
2023-03-08,1042,0.0,False
2023-03-08,1043,0.0,False
2023-03-08,1044,0.0,False
2023-03-08,1045,0.0,False
2023-03-08,1046,0.0,False
2023-03-08,1047,0.0,False
2023-03-08,1048,0.0,False
2023-03-08,1049,0.0,False
2023-03-08,1050,0.0,False
2023-03-09,1001,0.0,False
2023-03-09,1002,0.0,False
2023-03-09,1003,0.0,False
2023-03-09,1004,0.0,False
2023-03-09,1005,0.0,False
2023-03-09,1006,0.0,False
2023-03-09,1007,0.0,False
2023-03-09,1008,0.0,False
2023-03-09,1009,0.0,False
2023-03-09,1010,0.0,False
2023-03-09,1011,0.0,False
2023-03-09,1012,0.0,False
2023-03-09,1013,0.0,False
2023-03-09,1014,0.0,False
2023-03-09,1015,0.0,False
2023-03-09,1016,0.0,False
2023-03-09,1017,0.0,False
2023-03-09,1018,0.0,False
2023-03-09,1019,0.0,False
2023-03-09,1020,0.0,False
2023-03-09,1021,0.0,False
2023-03-09,1022,0.0,False
2023-03-09,1023,0.0,False
2023-03-09,1024,0.0,False
2023-03-09,1025,0.0,False
2023-03-09,1026,0.0,False
2023-03-09,1027,0.0,False
2023-03-09,1028,0.0,False
2023-03-09,1029,0.0,False
2023-03-09,1030,0.0,False
2023-03-09,1031,0.0,False
2023-03-09,1032,0.0,False
2023-03-09,1033,0.0,False
2023-03-09,1034,0.0,False
2023-03-09,1035,0.0,False
2023-03-09,1036,0.0,False
2023-03-09,1037,0.0,False
2023-03-09,1038,0.0,False
2023-03-09,1039,0.0,False
2023-03-09,1040,0.0,False
2023-03-09,1041,0.0,False
2023-03-09,1042,0.0,False
2023-03-09,1043,0.0,False
2023-03-09,1044,0.0,False
2023-03-09,1045,0.0,False
2023-03-09,1046,0.0,False
2023-03-09,1047,0.0,False
2023-03-09,1048,0.0,False
2023-03-09,1049,0.0,False
2023-03-09,1050,0.0,False
2023-03-10,1001,0.0,False
2023-03-10,1002,0.0,False
2023-03-10,1003,0.0,False
2023-03-10,1004,0.0,False
2023-03-10,1005,0.0,False
2023-03-10,1006,0.0,False
2023-03-10,1007,0.0,False
2023-03-10,1008,0.0,False
2023-03-10,1009,0.0,False
2023-03-10,1010,0.0,False
2023-03-10,1011,0.0,False
2023-03-10,1012,0.0,False
2023-03-10,1013,0.0,False
2023-03-10,1014,0.0,False
2023-03-10,1015,0.0,False
2023-03-10,1016,0.0,False
2023-03-10,1017,0.0,False
2023-03-10,1018,0.0,False
2023-03-10,1019,0.0,False
2023-03-10,1020,0.0,False
2023-03-10,1021,0.0,False
2023-03-10,1022,0.0,False
2023-03-10,1023,0.0,False
2023-03-10,1024,0.0,False
2023-03-10,1025,0.0,False
2023-03-10,1026,0.0,False
2023-03-10,1027,0.0,False
2023-03-10,1028,0.0,False
2023-03-10,1029,0.0,False
2023-03-10,1030,0.0,False
2023-03-10,1031,0.0,False
2023-03-10,1032,0.0,False
2023-03-10,1033,0.0,False
2023-03-10,1034,0.0,False
2023-03-10,1035,0.0,False
2023-03-10,1036,0.0,False
2023-03-10,1037,0.0,False
2023-03-10,1038,0.0,False
2023-03-10,1039,0.0,False
2023-03-10,1040,0.0,False
2023-03-10,1041,0.0,False
2023-03-10,1042,0.0,False
2023-03-10,1043,0.0,False
2023-03-10,1044,0.0,False
2023-03-10,1045,0.0,False
2023-03-10,1046,0.0,False
2023-03-10,1047,0.0,False
2023-03-10,1048,0.0,False
2023-03-10,1049,0.0,False
2023-03-10,1050,0.0,False
2023-03-11,1001,0.0,False
2023-03-11,1002,0.0,False
2023-03-11,1003,0.0,False
2023-03-11,1004,0.0,False
2023-03-11,1005,0.0,False
2023-03-11,1006,0.0,False
2023-03-11,1007,0.0,False
2023-03-11,1008,0.0,False
2023-03-11,1009,0.0,False
2023-03-11,1010,0.0,False
2023-03-11,1011,0.0,False
2023-03-11,1012,0.0,False
2023-03-11,1013,0.0,False
2023-03-11,1014,0.0,False
2023-03-11,1015,0.0,False
2023-03-11,1016,0.0,False
2023-03-11,1017,0.0,False
2023-03-11,1018,0.0,False
2023-03-11,1019,0.0,False
2023-03-11,1020,0.0,False
2023-03-11,1021,0.0,False
2023-03-11,1022,0.0,False
2023-03-11,1023,0.0,False
2023-03-11,1024,0.0,False
2023-03-11,1025,0.0,False
2023-03-11,1026,0.0,False
2023-03-11,1027,0.0,False
2023-03-11,1028,0.0,False
2023-03-11,1029,0.0,False
2023-03-11,1030,0.0,False
2023-03-11,1031,0.0,False
2023-03-11,1032,0.0,False
2023-03-11,1033,0.0,False
2023-03-11,1034,0.0,False
2023-03-11,1035,0.0,False
2023-03-11,1036,0.0,False
2023-03-11,1037,0.0,False
2023-03-11,1038,0.0,False
2023-03-11,1039,0.0,False
2023-03-11,1040,0.0,False
2023-03-11,1041,0.0,False
2023-03-11,1042,0.0,False
2023-03-11,1043,0.0,False
2023-03-11,1044,0.0,False
2023-03-11,1045,0.0,False
2023-03-11,1046,0.0,False
2023-03-11,1047,0.0,False
2023-03-11,1048,0.0,False
2023-03-11,1049,0.0,False
2023-03-11,1050,0.0,False
2023-03-12,1001,0.0,False
2023-03-12,1002,0.0,False
2023-03-12,1003,1.0,False
2023-03-12,1004,0.0,False
2023-03-12,1005,0.0,False
2023-03-12,1006,0.0,False
2023-03-12,1007,0.0,False
2023-03-12,1008,0.0,False
2023-03-12,1009,0.0,False
2023-03-12,1010,0.0,False
2023-03-12,1011,0.0,False
2023-03-12,1012,0.0,False
2023-03-12,1013,0.0,False
2023-03-12,1014,0.0,False
2023-03-12,1015,0.0,False
2023-03-12,1016,0.0,False
2023-03-12,1017,0.0,False
2023-03-12,1018,0.0,False
2023-03-12,1019,0.0,False
2023-03-12,1020,0.0,False
2023-03-12,1021,0.0,False
2023-03-12,1022,0.0,False
2023-03-12,1023,0.0,False
2023-03-12,1024,0.0,False
2023-03-12,1025,0.0,False
2023-03-12,1026,0.0,False
2023-03-12,1027,0.0,False
2023-03-12,1028,0.0,False
2023-03-12,1029,0.0,False
2023-03-12,1030,0.0,False
2023-03-12,1031,0.0,False
2023-03-12,1032,0.0,False
2023-03-12,1033,0.0,False
2023-03-12,1034,0.0,False
2023-03-12,1035,0.0,False
2023-03-12,1036,0.0,False
2023-03-12,1037,0.0,False
2023-03-12,1038,0.0,False
2023-03-12,1039,0.0,False
2023-03-12,1040,0.0,False
2023-03-12,1041,0.0,False
2023-03-12,1042,0.0,False
2023-03-12,1043,0.0,False
2023-03-12,1044,0.0,False
2023-03-12,1045,0.0,False
2023-03-12,1046,0.0,False
2023-03-12,1047,0.0,False
2023-03-12,1048,0.5,False
2023-03-12,1049,0.0,False
2023-03-12,1050,0.0,False
2023-03-13,1001,0.0,False
2023-03-13,1002,0.0,False
2023-03-13,1003,0.0,False
2023-03-13,1004,0.0,False
2023-03-13,1005,2.0,False
2023-03-13,1006,0.0,False
2023-03-13,1007,0.0,False
2023-03-13,1008,0.0,False
2023-03-13,1009,0.0,False
2023-03-13,1010,0.0,False
2023-03-13,1011,0.0,False
2023-03-13,1012,0.0,False
2023-03-13,1013,0.0,False
2023-03-13,1014,0.0,False
2023-03-13,1015,0.0,False
2023-03-13,1016,0.0,False
2023-03-13,1017,0.0,False
2023-03-13,1018,0.0,False
2023-03-13,1019,0.0,False
2023-03-13,1020,0.0,False
2023-03-13,1021,0.0,False
2023-03-13,1022,0.0,False
2023-03-13,1023,0.0,False
2023-03-13,1024,0.0,False
2023-03-13,1025,0.0,False
2023-03-13,1026,0.0,False
2023-03-13,1027,0.0,False
2023-03-13,1028,0.0,False
2023-03-13,1029,0.0,False
2023-03-13,1030,0.0,False
2023-03-13,1031,0.0,False
2023-03-13,1032,0.0,False
2023-03-13,1033,0.0,False
2023-03-13,1034,0.0,False
2023-03-13,1035,0.0,False
2023-03-13,1036,0.0,False
2023-03-13,1037,1.0,False
2023-03-13,1038,0.0,False
2023-03-13,1039,0.0,False
2023-03-13,1040,0.0,False
2023-03-13,1041,0.0,False
2023-03-13,1042,8.0,False
2023-03-13,1043,0.0,False
2023-03-13,1044,0.0,False
2023-03-13,1045,0.0,False
2023-03-13,1046,0.0,False
2023-03-13,1047,0.0,False
2023-03-13,1048,0.0,False
2023-03-13,1049,0.0,False
2023-03-13,1050,0.0,False
2023-03-14,1001,8.0,False
2023-03-14,1002,8.0,False
2023-03-14,1003,10.0,False
2023-03-14,1004,14.0,False
2023-03-14,1005,3.0,False
2023-03-14,1006,23.5,False
2023-03-14,1007,9.5,False
2023-03-14,1008,17.0,False
2023-03-14,1009,1.5,False
2023-03-14,1010,2.5,False
2023-03-14,1011,28.0,False
2023-03-14,1012,30.0,False
2023-03-14,1013,14.5,False
2023-03-14,1014,11.0,False
2023-03-14,1015,8.5,False
2023-03-14,1016,8.5,False
2023-03-14,1017,25.5,False
2023-03-14,1018,16.0,False
2023-03-14,1019,10.0,False
2023-03-14,1020,6.5,False
2023-03-14,1021,6.0,False
2023-03-14,1022,15.5,False
2023-03-14,1023,4.0,False
2023-03-14,1024,42.5,False
2023-03-14,1025,0.5,False
2023-03-14,1026,15.5,False
2023-03-14,1027,0.0,False
2023-03-14,1028,29.0,False
2023-03-14,1029,1.5,False
2023-03-14,1030,3.0,False
2023-03-14,1031,38.5,False
2023-03-14,1032,12.0,False
2023-03-14,1033,20.0,False
2023-03-14,1034,23.5,False
2023-03-14,1035,20.0,False
2023-03-14,1036,3.5,False
2023-03-14,1037,15.5,False
2023-03-14,1038,6.0,False
2023-03-14,1039,10.5,False
2023-03-14,1040,24.0,False
2023-03-14,1041,9.0,False
2023-03-14,1042,3.5,False
2023-03-14,1043,0.5,False
2023-03-14,1044,14.0,False
2023-03-14,1045,32.5,False
2023-03-14,1046,1.0,False
2023-03-14,1047,8.5,False
2023-03-14,1048,5.0,False
2023-03-14,1049,2.0,False
2023-03-14,1050,4.5,False
2023-03-15,1001,0.0,False
2023-03-15,1002,0.0,False
2023-03-15,1003,0.0,False
2023-03-15,1004,0.0,False
2023-03-15,1005,0.0,False
2023-03-15,1006,0.0,False
2023-03-15,1007,0.0,False
2023-03-15,1008,0.0,False
2023-03-15,1009,0.0,False
2023-03-15,1010,0.0,False
2023-03-15,1011,0.0,False
2023-03-15,1012,0.0,False
2023-03-15,1013,0.0,False
2023-03-15,1014,0.0,False
2023-03-15,1015,0.0,False
2023-03-15,1016,0.0,False
2023-03-15,1017,0.0,False
2023-03-15,1018,0.0,False
2023-03-15,1019,0.0,False
2023-03-15,1020,0.0,False
2023-03-15,1021,0.0,False
2023-03-15,1022,0.0,False
2023-03-15,1023,0.0,False
2023-03-15,1024,0.0,False
2023-03-15,1025,0.0,False
2023-03-15,1026,0.0,False
2023-03-15,1027,0.0,False
2023-03-15,1028,0.0,False
2023-03-15,1029,0.0,False
2023-03-15,1030,0.0,False
2023-03-15,1031,0.0,False
2023-03-15,1032,0.0,False
2023-03-15,1033,0.0,False
2023-03-15,1034,0.0,False
2023-03-15,1035,0.0,False
2023-03-15,1036,0.0,False
2023-03-15,1037,0.0,False
2023-03-15,1038,0.0,False
2023-03-15,1039,0.0,False
2023-03-15,1040,0.0,False
2023-03-15,1041,0.0,False
2023-03-15,1042,0.0,False
2023-03-15,1043,0.0,False
2023-03-15,1044,0.0,False
2023-03-15,1045,0.0,False
2023-03-15,1046,0.0,False
2023-03-15,1047,0.0,False
2023-03-15,1048,0.5,False
2023-03-15,1049,0.5,False
2023-03-15,1050,0.0,False
2023-03-16,1001,0.0,False
2023-03-16,1002,0.0,False
2023-03-16,1003,0.0,False
2023-03-16,1004,0.0,False
2023-03-16,1005,0.0,False
2023-03-16,1006,0.0,False
2023-03-16,1007,0.0,False
2023-03-16,1008,0.0,False
2023-03-16,1009,0.0,False
2023-03-16,1010,0.0,False
2023-03-16,1011,0.0,False
2023-03-16,1012,0.0,False
2023-03-16,1013,0.0,False
2023-03-16,1014,0.0,False
2023-03-16,1015,0.0,False
2023-03-16,1016,0.0,False
2023-03-16,1017,0.0,False
2023-03-16,1018,0.0,False
2023-03-16,1019,0.0,False
2023-03-16,1020,0.0,False
2023-03-16,1021,0.0,False
2023-03-16,1022,0.0,False
2023-03-16,1023,0.0,False
2023-03-16,1024,0.0,False
2023-03-16,1025,0.0,False
2023-03-16,1026,0.0,False
2023-03-16,1027,0.0,False
2023-03-16,1028,0.0,False
2023-03-16,1029,0.0,False
2023-03-16,1030,0.0,False
2023-03-16,1031,0.0,False
2023-03-16,1032,0.0,False
2023-03-16,1033,0.0,False
2023-03-16,1034,0.0,False
2023-03-16,1035,0.0,False
2023-03-16,1036,0.0,False
2023-03-16,1037,0.0,False
2023-03-16,1038,0.0,False
2023-03-16,1039,0.0,False
2023-03-16,1040,0.0,False
2023-03-16,1041,0.0,False
2023-03-16,1042,0.0,False
2023-03-16,1043,0.0,False
2023-03-16,1044,0.0,False
2023-03-16,1045,0.0,False
2023-03-16,1046,0.0,False
2023-03-16,1047,0.0,False
2023-03-16,1048,0.0,False
2023-03-16,1049,0.0,False
2023-03-16,1050,0.0,False
2023-03-17,1001,0.5,False
2023-03-17,1002,0.0,False
2023-03-17,1003,0.0,False
2023-03-17,1004,1.5,False
2023-03-17,1005,0.0,False
2023-03-17,1006,0.0,False
2023-03-17,1007,0.5,False
2023-03-17,1008,0.5,False
2023-03-17,1009,0.0,False
2023-03-17,1010,0.0,False
2023-03-17,1011,0.0,False
2023-03-17,1012,1.0,False
2023-03-17,1013,1.0,False
2023-03-17,1014,0.0,False
2023-03-17,1015,0.0,False
2023-03-17,1016,0.0,False
2023-03-17,1017,0.0,False
2023-03-17,1018,2.5,False
2023-03-17,1019,0.0,False
2023-03-17,1020,0.0,False
2023-03-17,1021,0.0,False
2023-03-17,1022,0.0,False
2023-03-17,1023,0.0,False
2023-03-17,1024,0.0,False
2023-03-17,1025,0.0,False
2023-03-17,1026,0.0,False
2023-03-17,1027,0.0,False
2023-03-17,1028,4.0,False
2023-03-17,1029,0.0,False
2023-03-17,1030,0.0,False
2023-03-17,1031,0.0,False
2023-03-17,1032,0.0,False
2023-03-17,1033,0.0,False
2023-03-17,1034,0.5,False
2023-03-17,1035,0.0,False
2023-03-17,1036,0.0,False
2023-03-17,1037,0.0,False
2023-03-17,1038,0.0,False
2023-03-17,1039,0.0,False
2023-03-17,1040,0.0,False
2023-03-17,1041,0.0,False
2023-03-17,1042,1.0,False
2023-03-17,1043,0.0,False
2023-03-17,1044,0.5,False
2023-03-17,1045,0.0,False
2023-03-17,1046,0.0,False
2023-03-17,1047,0.5,False
2023-03-17,1048,0.0,False
2023-03-17,1049,0.0,False
2023-03-17,1050,0.0,False
2023-03-18,1001,0.0,False
2023-03-18,1002,0.0,False
2023-03-18,1003,0.0,False
2023-03-18,1004,0.0,False
2023-03-18,1005,0.0,False
2023-03-18,1006,0.0,False
2023-03-18,1007,0.0,False
2023-03-18,1008,0.0,False
2023-03-18,1009,0.0,False
2023-03-18,1010,0.0,False
2023-03-18,1011,0.0,False
2023-03-18,1012,0.0,False
2023-03-18,1013,0.0,False
2023-03-18,1014,0.0,False
2023-03-18,1015,0.0,False
2023-03-18,1016,0.0,False
2023-03-18,1017,0.0,False
2023-03-18,1018,0.0,False
2023-03-18,1019,0.0,False
2023-03-18,1020,0.0,False
2023-03-18,1021,0.0,False
2023-03-18,1022,0.0,False
2023-03-18,1023,0.0,False
2023-03-18,1024,0.0,False
2023-03-18,1025,0.0,False
2023-03-18,1026,0.0,False
2023-03-18,1027,0.0,False
2023-03-18,1028,0.0,False
2023-03-18,1029,0.0,False
2023-03-18,1030,0.0,False
2023-03-18,1031,0.0,False
2023-03-18,1032,0.0,False
2023-03-18,1033,0.0,False
2023-03-18,1034,0.0,False
2023-03-18,1035,0.0,False
2023-03-18,1036,0.0,False
2023-03-18,1037,0.0,False
2023-03-18,1038,0.0,False
2023-03-18,1039,0.0,False
2023-03-18,1040,0.0,False
2023-03-18,1041,0.0,False
2023-03-18,1042,0.0,False
2023-03-18,1043,0.0,False
2023-03-18,1044,0.0,False
2023-03-18,1045,0.0,False
2023-03-18,1046,0.0,False
2023-03-18,1047,0.0,False
2023-03-18,1048,0.0,False
2023-03-18,1049,0.0,False
2023-03-18,1050,0.0,False
2023-03-19,1001,0.0,False
2023-03-19,1002,0.0,False
2023-03-19,1003,0.0,False
2023-03-19,1004,0.0,False
2023-03-19,1005,0.0,False
2023-03-19,1006,0.0,False
2023-03-19,1007,0.0,False
2023-03-19,1008,0.0,False
2023-03-19,1009,0.0,False
2023-03-19,1010,0.0,False
2023-03-19,1011,0.0,False
2023-03-19,1012,0.0,False
2023-03-19,1013,0.0,False
2023-03-19,1014,0.0,False
2023-03-19,1015,0.0,False
2023-03-19,1016,0.0,False
2023-03-19,1017,0.0,False
2023-03-19,1018,0.0,False
2023-03-19,1019,0.0,False
2023-03-19,1020,0.0,False
2023-03-19,1021,0.0,False
2023-03-19,1022,0.0,False
2023-03-19,1023,0.0,False
2023-03-19,1024,0.0,False
2023-03-19,1025,0.0,False
2023-03-19,1026,0.0,False
2023-03-19,1027,0.0,False
2023-03-19,1028,0.0,False
2023-03-19,1029,0.0,False
2023-03-19,1030,0.0,False
2023-03-19,1031,0.0,False
2023-03-19,1032,0.0,False
2023-03-19,1033,0.0,False
2023-03-19,1034,0.0,False
2023-03-19,1035,0.0,False
2023-03-19,1036,0.0,False
2023-03-19,1037,0.0,False
2023-03-19,1038,0.0,False
2023-03-19,1039,0.0,False
2023-03-19,1040,0.0,False
2023-03-19,1041,0.0,False
2023-03-19,1042,0.0,False
2023-03-19,1043,0.0,False
2023-03-19,1044,0.0,False
2023-03-19,1045,0.0,False
2023-03-19,1046,0.0,False
2023-03-19,1047,0.0,False
2023-03-19,1048,0.0,False
2023-03-19,1049,0.0,False
2023-03-19,1050,0.0,False
2023-03-20,1001,0.0,False
2023-03-20,1002,0.0,False
2023-03-20,1003,0.0,False
2023-03-20,1004,0.0,False
2023-03-20,1005,0.0,False
2023-03-20,1006,0.0,False
2023-03-20,1007,0.0,False
2023-03-20,1008,0.0,False
2023-03-20,1009,0.0,False
2023-03-20,1010,0.0,False
2023-03-20,1011,0.0,False
2023-03-20,1012,0.0,False
2023-03-20,1013,0.0,False
2023-03-20,1014,0.0,False
2023-03-20,1015,0.0,False
2023-03-20,1016,0.0,False
2023-03-20,1017,0.0,False
2023-03-20,1018,0.0,False
2023-03-20,1019,0.0,False
2023-03-20,1020,0.0,False
2023-03-20,1021,0.0,False
2023-03-20,1022,0.0,False
2023-03-20,1023,0.0,False
2023-03-20,1024,0.0,False
2023-03-20,1025,0.0,False
2023-03-20,1026,0.0,False
2023-03-20,1027,0.0,False
2023-03-20,1028,0.0,False
2023-03-20,1029,0.0,False
2023-03-20,1030,0.0,False
2023-03-20,1031,0.0,False
2023-03-20,1032,0.0,False
2023-03-20,1033,0.0,False
2023-03-20,1034,0.0,False
2023-03-20,1035,0.0,False
2023-03-20,1036,0.0,False
2023-03-20,1037,0.0,False
2023-03-20,1038,0.0,False
2023-03-20,1039,0.0,False
2023-03-20,1040,0.0,False
2023-03-20,1041,0.0,False
2023-03-20,1042,0.0,False
2023-03-20,1043,0.0,False
2023-03-20,1044,0.0,False
2023-03-20,1045,0.0,False
2023-03-20,1046,0.0,False
2023-03-20,1047,0.0,False
2023-03-20,1048,0.0,False
2023-03-20,1049,0.0,False
2023-03-20,1050,0.0,False
2023-03-21,1001,0.0,False
2023-03-21,1002,0.0,False
2023-03-21,1003,0.0,False
2023-03-21,1004,0.0,False
2023-03-21,1005,0.0,False
2023-03-21,1006,0.0,False
2023-03-21,1007,0.0,False
2023-03-21,1008,0.0,False
2023-03-21,1009,0.0,False
2023-03-21,1010,0.0,False
2023-03-21,1011,0.0,False
2023-03-21,1012,0.0,False
2023-03-21,1013,0.0,False
2023-03-21,1014,0.0,False
2023-03-21,1015,0.0,False
2023-03-21,1016,0.0,False
2023-03-21,1017,0.0,False
2023-03-21,1018,0.0,False
2023-03-21,1019,0.0,False
2023-03-21,1020,0.0,False
2023-03-21,1021,0.0,False
2023-03-21,1022,0.0,False
2023-03-21,1023,0.0,False
2023-03-21,1024,0.0,False
2023-03-21,1025,0.0,False
2023-03-21,1026,0.0,False
2023-03-21,1027,0.0,False
2023-03-21,1028,0.0,False
2023-03-21,1029,0.0,False
2023-03-21,1030,0.0,False
2023-03-21,1031,0.0,False
2023-03-21,1032,0.0,False
2023-03-21,1033,0.0,False
2023-03-21,1034,0.0,False
2023-03-21,1035,0.0,False
2023-03-21,1036,0.0,False
2023-03-21,1037,0.0,False
2023-03-21,1038,0.0,False
2023-03-21,1039,0.0,False
2023-03-21,1040,0.0,False
2023-03-21,1041,0.0,False
2023-03-21,1042,0.0,False
2023-03-21,1043,0.0,False
2023-03-21,1044,0.0,False
2023-03-21,1045,0.0,False
2023-03-21,1046,0.5,False
2023-03-21,1047,0.0,False
2023-03-21,1048,0.0,False
2023-03-21,1049,0.0,False
2023-03-21,1050,0.0,False
2023-03-22,1001,0.0,False
2023-03-22,1002,0.0,False
2023-03-22,1003,0.0,False
2023-03-22,1004,0.0,False
2023-03-22,1005,0.0,False
2023-03-22,1006,0.0,False
2023-03-22,1007,0.0,False
2023-03-22,1008,0.0,False
2023-03-22,1009,0.0,False
2023-03-22,1010,0.0,False
2023-03-22,1011,0.0,False
2023-03-22,1012,0.0,False
2023-03-22,1013,0.0,False
2023-03-22,1014,0.0,False
2023-03-22,1015,0.0,False
2023-03-22,1016,0.0,False
2023-03-22,1017,0.0,False
2023-03-22,1018,0.0,False
2023-03-22,1019,0.0,False
2023-03-22,1020,0.0,False
2023-03-22,1021,0.0,False
2023-03-22,1022,0.0,False
2023-03-22,1023,0.0,False
2023-03-22,1024,0.0,False
2023-03-22,1025,0.0,False
2023-03-22,1026,0.0,False
2023-03-22,1027,0.0,False
2023-03-22,1028,0.0,False
2023-03-22,1029,0.0,False
2023-03-22,1030,0.0,False
2023-03-22,1031,0.0,False
2023-03-22,1032,0.0,False
2023-03-22,1033,0.0,False
2023-03-22,1034,0.0,False
2023-03-22,1035,0.0,False
2023-03-22,1036,0.0,False
2023-03-22,1037,0.0,False
2023-03-22,1038,0.0,False
2023-03-22,1039,0.0,False
2023-03-22,1040,0.0,False
2023-03-22,1041,0.0,False
2023-03-22,1042,0.0,False
2023-03-22,1043,0.0,False
2023-03-22,1044,0.0,False
2023-03-22,1045,0.0,False
2023-03-22,1046,0.0,False
2023-03-22,1047,0.0,False
2023-03-22,1048,0.0,False
2023-03-22,1049,0.0,False
2023-03-22,1050,0.0,False
2023-03-23,1001,0.0,False
2023-03-23,1002,0.0,False
2023-03-23,1003,0.0,False
2023-03-23,1004,0.0,False
2023-03-23,1005,0.0,False
2023-03-23,1006,0.0,False
2023-03-23,1007,0.0,False
2023-03-23,1008,0.0,False
2023-03-23,1009,0.0,False
2023-03-23,1010,0.0,False
2023-03-23,1011,0.0,False
2023-03-23,1012,0.0,False
2023-03-23,1013,0.0,False
2023-03-23,1014,0.0,False
2023-03-23,1015,0.0,False
2023-03-23,1016,0.0,False
2023-03-23,1017,0.0,False
2023-03-23,1018,0.0,False
2023-03-23,1019,0.0,False
2023-03-23,1020,0.0,False
2023-03-23,1021,0.0,False
2023-03-23,1022,0.0,False
2023-03-23,1023,0.0,False
2023-03-23,1024,0.0,False
2023-03-23,1025,0.0,False
2023-03-23,1026,0.0,False
2023-03-23,1027,0.0,False
2023-03-23,1028,0.0,False
2023-03-23,1029,0.0,False
2023-03-23,1030,0.0,False
2023-03-23,1031,0.0,False
2023-03-23,1032,0.0,False
2023-03-23,1033,0.0,False
2023-03-23,1034,0.0,False
2023-03-23,1035,0.0,False
2023-03-23,1036,0.0,False
2023-03-23,1037,0.0,False
2023-03-23,1038,0.0,False
2023-03-23,1039,0.0,False
2023-03-23,1040,0.0,False
2023-03-23,1041,0.0,False
2023-03-23,1042,0.0,False
2023-03-23,1043,0.0,False
2023-03-23,1044,0.0,False
2023-03-23,1045,0.0,False
2023-03-23,1046,0.0,False
2023-03-23,1047,0.0,False
2023-03-23,1048,0.0,False
2023-03-23,1049,0.0,False
2023-03-23,1050,0.0,False
2023-03-24,1001,0.0,False
2023-03-24,1002,0.0,False
2023-03-24,1003,0.5,False
2023-03-24,1004,0.0,False
2023-03-24,1005,0.0,False
2023-03-24,1006,0.0,False
2023-03-24,1007,0.0,False
2023-03-24,1008,0.0,False
2023-03-24,1009,0.0,False
2023-03-24,1010,0.0,False
2023-03-24,1011,0.0,False
2023-03-24,1012,0.0,False
2023-03-24,1013,0.0,False
2023-03-24,1014,0.0,False
2023-03-24,1015,0.0,False
2023-03-24,1016,0.0,False
2023-03-24,1017,0.0,False
2023-03-24,1018,0.0,False
2023-03-24,1019,0.0,False
2023-03-24,1020,0.0,False
2023-03-24,1021,0.0,False
2023-03-24,1022,0.0,False
2023-03-24,1023,0.0,False
2023-03-24,1024,0.0,False
2023-03-24,1025,0.0,False
2023-03-24,1026,0.0,False
2023-03-24,1027,0.0,False
2023-03-24,1028,0.0,False
2023-03-24,1029,0.0,False
2023-03-24,1030,0.0,False
2023-03-24,1031,0.0,False
2023-03-24,1032,0.0,False
2023-03-24,1033,0.0,False
2023-03-24,1034,0.0,False
2023-03-24,1035,0.0,False
2023-03-24,1036,0.0,False
2023-03-24,1037,0.0,False
2023-03-24,1038,0.0,False
2023-03-24,1039,0.0,False
2023-03-24,1040,0.0,False
2023-03-24,1041,0.0,False
2023-03-24,1042,0.0,False
2023-03-24,1043,0.0,False
2023-03-24,1044,0.0,False
2023-03-24,1045,0.0,False
2023-03-24,1046,0.0,False
2023-03-24,1047,0.0,False
2023-03-24,1048,0.0,False
2023-03-24,1049,0.0,False
2023-03-24,1050,0.0,False
2023-03-25,1001,0.0,False
2023-03-25,1002,0.0,False
2023-03-25,1003,0.0,False
2023-03-25,1004,0.0,False
2023-03-25,1005,0.0,False
2023-03-25,1006,0.0,False
2023-03-25,1007,0.0,False
2023-03-25,1008,0.0,False
2023-03-25,1009,0.0,False
2023-03-25,1010,0.0,False
2023-03-25,1011,0.0,False
2023-03-25,1012,0.0,False
2023-03-25,1013,0.0,False
2023-03-25,1014,0.0,False
2023-03-25,1015,0.0,False
2023-03-25,1016,0.0,False
2023-03-25,1017,0.0,False
2023-03-25,1018,0.0,False
2023-03-25,1019,0.0,False
2023-03-25,1020,0.0,False
2023-03-25,1021,0.0,False
2023-03-25,1022,0.0,False
2023-03-25,1023,0.0,False
2023-03-25,1024,0.0,False
2023-03-25,1025,0.0,False
2023-03-25,1026,0.0,False
2023-03-25,1027,0.0,False
2023-03-25,1028,0.0,False
2023-03-25,1029,0.0,False
2023-03-25,1030,0.0,False
2023-03-25,1031,0.0,False
2023-03-25,1032,0.0,False
2023-03-25,1033,0.0,False
2023-03-25,1034,0.0,False
2023-03-25,1035,0.0,False
2023-03-25,1036,0.0,False
2023-03-25,1037,0.0,False
2023-03-25,1038,0.0,False
2023-03-25,1039,0.0,False
2023-03-25,1040,0.0,False
2023-03-25,1041,0.0,False
2023-03-25,1042,0.0,False
2023-03-25,1043,0.0,False
2023-03-25,1044,0.0,False
2023-03-25,1045,0.0,False
2023-03-25,1046,0.5,False
2023-03-25,1047,0.0,False
2023-03-25,1048,0.5,False
2023-03-25,1049,0.0,False
2023-03-25,1050,0.0,False
2023-03-26,1001,0.0,False
2023-03-26,1002,0.0,False
2023-03-26,1003,0.0,False
2023-03-26,1004,0.0,False
2023-03-26,1005,0.0,False
2023-03-26,1006,0.0,False
2023-03-26,1007,0.0,False
2023-03-26,1008,0.0,False
2023-03-26,1009,0.0,False
2023-03-26,1010,0.0,False
2023-03-26,1011,0.0,False
2023-03-26,1012,0.0,False
2023-03-26,1013,0.0,False
2023-03-26,1014,0.0,False
2023-03-26,1015,0.0,False
2023-03-26,1016,0.0,False
2023-03-26,1017,0.0,False
2023-03-26,1018,0.0,False
2023-03-26,1019,0.0,False
2023-03-26,1020,0.0,False
2023-03-26,1021,0.0,False
2023-03-26,1022,0.0,False
2023-03-26,1023,0.0,False
2023-03-26,1024,0.0,False
2023-03-26,1025,0.0,False
2023-03-26,1026,0.0,False
2023-03-26,1027,0.0,False
2023-03-26,1028,0.0,False
2023-03-26,1029,0.0,False
2023-03-26,1030,0.0,False
2023-03-26,1031,0.0,False
2023-03-26,1032,0.0,False
2023-03-26,1033,0.0,False
2023-03-26,1034,0.0,False
2023-03-26,1035,0.0,False
2023-03-26,1036,0.0,False
2023-03-26,1037,0.0,False
2023-03-26,1038,0.0,False
2023-03-26,1039,0.0,False
2023-03-26,1040,0.0,False
2023-03-26,1041,0.0,False
2023-03-26,1042,0.0,False
2023-03-26,1043,0.0,False
2023-03-26,1044,0.0,False
2023-03-26,1045,0.0,False
2023-03-26,1046,0.0,False
2023-03-26,1047,0.0,False
2023-03-26,1048,0.0,False
2023-03-26,1049,0.0,False
2023-03-26,1050,0.0,False
2023-03-27,1001,0.0,False
2023-03-27,1002,0.0,False
2023-03-27,1003,0.0,False
2023-03-27,1004,0.0,False
2023-03-27,1005,0.0,False
2023-03-27,1006,0.0,False
2023-03-27,1007,0.0,False
2023-03-27,1008,0.0,False
2023-03-27,1009,0.0,False
2023-03-27,1010,0.0,False
2023-03-27,1011,0.0,False
2023-03-27,1012,0.0,False
2023-03-27,1013,0.0,False
2023-03-27,1014,0.0,False
2023-03-27,1015,0.0,False
2023-03-27,1016,0.0,False
2023-03-27,1017,0.0,False
2023-03-27,1018,0.0,False
2023-03-27,1019,0.0,False
2023-03-27,1020,0.0,False
2023-03-27,1021,0.0,False
2023-03-27,1022,0.0,False
2023-03-27,1023,0.0,False
2023-03-27,1024,0.0,False
2023-03-27,1025,0.0,False
2023-03-27,1026,0.0,False
2023-03-27,1027,0.0,False
2023-03-27,1028,0.0,False
2023-03-27,1029,0.0,False
2023-03-27,1030,0.0,False
2023-03-27,1031,0.0,False
2023-03-27,1032,0.0,False
2023-03-27,1033,0.0,False
2023-03-27,1034,0.0,False
2023-03-27,1035,0.0,False
2023-03-27,1036,0.0,False
2023-03-27,1037,0.0,False
2023-03-27,1038,0.0,False
2023-03-27,1039,0.0,False
2023-03-27,1040,0.0,False
2023-03-27,1041,0.0,False
2023-03-27,1042,0.0,False
2023-03-27,1043,0.0,False
2023-03-27,1044,0.0,False
2023-03-27,1045,0.0,False
2023-03-27,1046,0.0,False
2023-03-27,1047,0.0,False
2023-03-27,1048,0.0,False
2023-03-27,1049,0.0,False
2023-03-27,1050,0.0,False
2023-03-28,1001,0.0,False
2023-03-28,1002,0.0,False
2023-03-28,1003,0.0,False
2023-03-28,1004,0.0,False
2023-03-28,1005,0.0,False
2023-03-28,1006,0.0,False
2023-03-28,1007,0.0,False
2023-03-28,1008,0.0,False
2023-03-28,1009,0.0,False
2023-03-28,1010,0.0,False
2023-03-28,1011,0.0,False
2023-03-28,1012,0.0,False
2023-03-28,1013,0.0,False
2023-03-28,1014,0.0,False
2023-03-28,1015,0.0,False
2023-03-28,1016,0.0,False
2023-03-28,1017,0.0,False
2023-03-28,1018,0.0,False
2023-03-28,1019,0.0,False
2023-03-28,1020,0.0,False
2023-03-28,1021,0.0,False
2023-03-28,1022,0.0,False
2023-03-28,1023,0.0,False
2023-03-28,1024,0.0,False
2023-03-28,1025,0.0,False
2023-03-28,1026,0.0,False
2023-03-28,1027,0.0,False
2023-03-28,1028,0.0,False
2023-03-28,1029,0.0,False
2023-03-28,1030,0.0,False
2023-03-28,1031,0.0,False
2023-03-28,1032,0.0,False
2023-03-28,1033,0.0,False
2023-03-28,1034,0.0,False
2023-03-28,1035,0.0,False
2023-03-28,1036,0.0,False
2023-03-28,1037,0.0,False
2023-03-28,1038,0.0,False
2023-03-28,1039,0.0,False
2023-03-28,1040,0.0,False
2023-03-28,1041,0.0,False
2023-03-28,1042,0.0,False
2023-03-28,1043,0.0,False
2023-03-28,1044,0.0,False
2023-03-28,1045,0.0,False
2023-03-28,1046,0.0,False
2023-03-28,1047,0.0,False
2023-03-28,1048,0.0,False
2023-03-28,1049,0.0,False
2023-03-28,1050,0.0,False
2023-03-29,1001,0.0,False
2023-03-29,1002,0.0,False
2023-03-29,1003,0.0,False
2023-03-29,1004,0.0,False
2023-03-29,1005,0.0,False
2023-03-29,1006,0.0,False
2023-03-29,1007,0.0,False
2023-03-29,1008,0.0,False
2023-03-29,1009,0.0,False
2023-03-29,1010,0.0,False
2023-03-29,1011,0.0,False
2023-03-29,1012,0.0,False
2023-03-29,1013,0.0,False
2023-03-29,1014,0.0,False
2023-03-29,1015,0.0,False
2023-03-29,1016,0.0,False
2023-03-29,1017,0.0,False
2023-03-29,1018,0.0,False
2023-03-29,1019,0.0,False
2023-03-29,1020,0.0,False
2023-03-29,1021,0.0,False
2023-03-29,1022,0.0,False
2023-03-29,1023,0.0,False
2023-03-29,1024,0.0,False
2023-03-29,1025,0.0,False
2023-03-29,1026,0.0,False
2023-03-29,1027,0.0,False
2023-03-29,1028,0.0,False
2023-03-29,1029,0.0,False
2023-03-29,1030,0.0,False
2023-03-29,1031,0.0,False
2023-03-29,1032,0.0,False
2023-03-29,1033,0.0,False
2023-03-29,1034,0.0,False
2023-03-29,1035,0.0,False
2023-03-29,1036,0.0,False
2023-03-29,1037,0.0,False
2023-03-29,1038,0.0,False
2023-03-29,1039,0.0,False
2023-03-29,1040,0.0,False
2023-03-29,1041,0.0,False
2023-03-29,1042,0.0,False
2023-03-29,1043,0.0,False
2023-03-29,1044,0.0,False
2023-03-29,1045,0.0,False
2023-03-29,1046,0.0,False
2023-03-29,1047,0.0,False
2023-03-29,1048,0.0,False
2023-03-29,1049,0.0,False
2023-03-29,1050,0.0,False
2023-03-30,1001,0.0,False
2023-03-30,1002,0.0,False
2023-03-30,1003,0.0,False
2023-03-30,1004,0.0,False
2023-03-30,1005,0.0,False
2023-03-30,1006,0.0,False
2023-03-30,1007,0.0,False
2023-03-30,1008,0.0,False
2023-03-30,1009,0.0,False
2023-03-30,1010,0.0,False
2023-03-30,1011,0.0,False
2023-03-30,1012,0.0,False
2023-03-30,1013,0.0,False
2023-03-30,1014,0.0,False
2023-03-30,1015,0.0,False
2023-03-30,1016,0.0,False
2023-03-30,1017,0.0,False
2023-03-30,1018,0.0,False
2023-03-30,1019,0.0,False
2023-03-30,1020,0.0,False
2023-03-30,1021,0.0,False
2023-03-30,1022,0.0,False
2023-03-30,1023,0.0,False
2023-03-30,1024,0.0,False
2023-03-30,1025,0.0,False
2023-03-30,1026,0.0,False
2023-03-30,1027,0.0,False
2023-03-30,1028,0.0,False
2023-03-30,1029,0.0,False
2023-03-30,1030,0.0,False
2023-03-30,1031,0.0,False
2023-03-30,1032,0.0,False
2023-03-30,1033,0.0,False
2023-03-30,1034,0.0,False
2023-03-30,1035,0.0,False
2023-03-30,1036,0.0,False
2023-03-30,1037,0.0,False
2023-03-30,1038,0.0,False
2023-03-30,1039,0.0,False
2023-03-30,1040,0.0,False
2023-03-30,1041,0.0,False
2023-03-30,1042,0.0,False
2023-03-30,1043,0.0,False
2023-03-30,1044,0.0,False
2023-03-30,1045,0.0,False
2023-03-30,1046,0.0,False
2023-03-30,1047,0.0,False
2023-03-30,1048,0.0,False
2023-03-30,1049,0.0,False
2023-03-30,1050,0.0,False
2023-03-31,1001,0.0,False
2023-03-31,1002,0.0,False
2023-03-31,1003,0.0,False
2023-03-31,1004,0.0,False
2023-03-31,1005,0.0,False
2023-03-31,1006,0.0,False
2023-03-31,1007,0.0,False
2023-03-31,1008,0.0,False
2023-03-31,1009,0.0,False
2023-03-31,1010,0.0,False
2023-03-31,1011,0.0,False
2023-03-31,1012,0.0,False
2023-03-31,1013,0.0,False
2023-03-31,1014,0.0,False
2023-03-31,1015,0.0,False
2023-03-31,1016,0.0,False
2023-03-31,1017,0.0,False
2023-03-31,1018,0.0,False
2023-03-31,1019,0.0,False
2023-03-31,1020,0.0,False
2023-03-31,1021,0.0,False
2023-03-31,1022,0.0,False
2023-03-31,1023,0.0,False
2023-03-31,1024,0.0,False
2023-03-31,1025,0.0,False
2023-03-31,1026,0.0,False
2023-03-31,1027,0.0,False
2023-03-31,1028,0.0,False
2023-03-31,1029,0.0,False
2023-03-31,1030,0.0,False
2023-03-31,1031,0.0,False
2023-03-31,1032,0.0,False
2023-03-31,1033,0.0,False
2023-03-31,1034,0.0,False
2023-03-31,1035,0.0,False
2023-03-31,1036,0.0,False
2023-03-31,1037,0.0,False
2023-03-31,1038,0.0,False
2023-03-31,1039,0.0,False
2023-03-31,1040,0.0,False
2023-03-31,1041,0.0,False
2023-03-31,1042,0.0,False
2023-03-31,1043,0.0,False
2023-03-31,1044,0.0,False
2023-03-31,1045,0.0,False
2023-03-31,1046,0.0,False
2023-03-31,1047,0.0,False
2023-03-31,1048,0.0,False
2023-03-31,1049,0.0,False
2023-03-31,1050,0.0,False
2023-04-01,1001,0.0,False
2023-04-01,1002,0.0,False
2023-04-01,1003,0.0,False
2023-04-01,1004,0.0,False
2023-04-01,1005,0.0,False
2023-04-01,1006,0.0,False
2023-04-01,1007,0.0,False
2023-04-01,1008,0.0,False
2023-04-01,1009,0.0,False
2023-04-01,1010,0.0,False
2023-04-01,1011,0.0,False
2023-04-01,1012,0.0,False
2023-04-01,1013,0.0,False
2023-04-01,1014,0.0,False
2023-04-01,1015,0.0,False
2023-04-01,1016,0.0,False
2023-04-01,1017,0.0,False
2023-04-01,1018,0.0,False
2023-04-01,1019,0.0,False
2023-04-01,1020,0.0,False
2023-04-01,1021,0.0,False
2023-04-01,1022,0.0,False
2023-04-01,1023,0.0,False
2023-04-01,1024,0.0,False
2023-04-01,1025,0.0,False
2023-04-01,1026,0.0,False
2023-04-01,1027,0.0,False
2023-04-01,1028,0.0,False
2023-04-01,1029,0.0,False
2023-04-01,1030,0.0,False
2023-04-01,1031,0.0,False
2023-04-01,1032,0.0,False
2023-04-01,1033,0.0,False
2023-04-01,1034,0.0,False
2023-04-01,1035,0.0,False
2023-04-01,1036,0.0,False
2023-04-01,1037,0.0,False
2023-04-01,1038,0.0,False
2023-04-01,1039,0.0,False
2023-04-01,1040,0.0,False
2023-04-01,1041,0.0,False
2023-04-01,1042,0.0,False
2023-04-01,1043,0.0,False
2023-04-01,1044,0.0,False
2023-04-01,1045,0.0,False
2023-04-01,1046,0.0,False
2023-04-01,1047,0.0,False
2023-04-01,1048,0.5,False
2023-04-01,1049,0.0,False
2023-04-01,1050,0.0,False
2023-04-02,1001,0.0,False
2023-04-02,1002,0.0,False
2023-04-02,1003,0.0,False
2023-04-02,1004,0.0,False
2023-04-02,1005,0.0,False
2023-04-02,1006,0.0,False
2023-04-02,1007,0.0,False
2023-04-02,1008,0.0,False
2023-04-02,1009,0.0,False
2023-04-02,1010,0.0,False
2023-04-02,1011,0.0,False
2023-04-02,1012,0.0,False
2023-04-02,1013,0.0,False
2023-04-02,1014,0.0,False
2023-04-02,1015,0.0,False
2023-04-02,1016,0.0,False
2023-04-02,1017,0.0,False
2023-04-02,1018,0.0,False
2023-04-02,1019,0.0,False
2023-04-02,1020,0.0,False
2023-04-02,1021,0.0,False
2023-04-02,1022,0.0,False
2023-04-02,1023,0.0,False
2023-04-02,1024,0.0,False
2023-04-02,1025,0.0,False
2023-04-02,1026,0.0,False
2023-04-02,1027,0.0,False
2023-04-02,1028,0.0,False
2023-04-02,1029,0.0,False
2023-04-02,1030,0.0,False
2023-04-02,1031,0.0,False
2023-04-02,1032,0.0,False
2023-04-02,1033,0.0,False
2023-04-02,1034,0.0,False
2023-04-02,1035,0.0,False
2023-04-02,1036,0.0,False
2023-04-02,1037,0.0,False
2023-04-02,1038,0.0,False
2023-04-02,1039,0.0,False
2023-04-02,1040,0.0,False
2023-04-02,1041,0.0,False
2023-04-02,1042,0.0,False
2023-04-02,1043,0.0,False
2023-04-02,1044,0.0,False
2023-04-02,1045,0.0,False
2023-04-02,1046,0.0,False
2023-04-02,1047,0.0,False
2023-04-02,1048,0.0,False
2023-04-02,1049,0.0,False
2023-04-02,1050,0.0,False
2023-04-03,1001,0.0,False
2023-04-03,1002,0.0,False
2023-04-03,1003,0.0,False
2023-04-03,1004,0.0,False
2023-04-03,1005,2.5,False
2023-04-03,1006,0.0,False
2023-04-03,1007,0.0,False
2023-04-03,1008,0.0,False
2023-04-03,1009,0.0,False
2023-04-03,1010,0.0,False
2023-04-03,1011,0.0,False
2023-04-03,1012,0.0,False
2023-04-03,1013,0.0,False
2023-04-03,1014,0.0,False
2023-04-03,1015,0.0,False
2023-04-03,1016,0.0,False
2023-04-03,1017,0.0,False
2023-04-03,1018,0.0,False
2023-04-03,1019,0.0,False
2023-04-03,1020,0.0,False
2023-04-03,1021,0.0,False
2023-04-03,1022,0.0,False
2023-04-03,1023,0.0,False
2023-04-03,1024,0.0,False
2023-04-03,1025,0.0,False
2023-04-03,1026,0.0,False
2023-04-03,1027,0.0,False
2023-04-03,1028,0.0,False
2023-04-03,1029,0.0,False
2023-04-03,1030,0.0,False
2023-04-03,1031,0.0,False
2023-04-03,1032,0.0,False
2023-04-03,1033,0.0,False
2023-04-03,1034,0.0,False
2023-04-03,1035,0.0,False
2023-04-03,1036,8.5,False
2023-04-03,1037,0.0,False
2023-04-03,1038,0.0,False
2023-04-03,1039,0.0,False
2023-04-03,1040,0.0,False
2023-04-03,1041,13.5,False
2023-04-03,1042,31.0,False
2023-04-03,1043,0.0,False
2023-04-03,1044,0.0,False
2023-04-03,1045,0.0,False
2023-04-03,1046,0.0,False
2023-04-03,1047,0.0,False
2023-04-03,1048,0.0,False
2023-04-03,1049,0.0,False
2023-04-03,1050,0.0,False
2023-04-04,1001,0.0,False
2023-04-04,1002,0.0,False
2023-04-04,1003,0.0,False
2023-04-04,1004,0.0,False
2023-04-04,1005,0.0,False
2023-04-04,1006,0.0,False
2023-04-04,1007,0.0,False
2023-04-04,1008,0.0,False
2023-04-04,1009,0.0,False
2023-04-04,1010,0.0,False
2023-04-04,1011,0.0,False
2023-04-04,1012,0.0,False
2023-04-04,1013,0.0,False
2023-04-04,1014,0.0,False
2023-04-04,1015,0.0,False
2023-04-04,1016,0.0,False
2023-04-04,1017,0.0,False
2023-04-04,1018,0.0,False
2023-04-04,1019,0.0,False
2023-04-04,1020,0.0,False
2023-04-04,1021,0.0,False
2023-04-04,1022,0.0,False
2023-04-04,1023,0.0,False
2023-04-04,1024,0.0,False
2023-04-04,1025,0.0,False
2023-04-04,1026,0.0,False
2023-04-04,1027,0.0,False
2023-04-04,1028,0.0,False
2023-04-04,1029,0.0,False
2023-04-04,1030,0.0,False
2023-04-04,1031,0.0,False
2023-04-04,1032,0.0,False
2023-04-04,1033,0.0,False
2023-04-04,1034,0.0,False
2023-04-04,1035,0.0,False
2023-04-04,1036,0.0,False
2023-04-04,1037,0.0,False
2023-04-04,1038,0.0,False
2023-04-04,1039,0.0,False
2023-04-04,1040,0.5,False
2023-04-04,1041,0.0,False
2023-04-04,1042,0.5,False
2023-04-04,1043,0.0,False
2023-04-04,1044,0.0,False
2023-04-04,1045,0.0,False
2023-04-04,1046,0.0,False
2023-04-04,1047,0.0,False
2023-04-04,1048,0.0,False
2023-04-04,1049,0.0,False
2023-04-04,1050,0.0,False
2023-04-05,1001,0.0,False
2023-04-05,1002,0.0,False
2023-04-05,1003,0.0,False
2023-04-05,1004,0.0,False
2023-04-05,1005,0.0,False
2023-04-05,1006,0.0,False
2023-04-05,1007,0.0,False
2023-04-05,1008,0.0,False
2023-04-05,1009,0.0,False
2023-04-05,1010,0.0,False
2023-04-05,1011,0.0,False
2023-04-05,1012,0.0,False
2023-04-05,1013,0.0,False
2023-04-05,1014,0.0,False
2023-04-05,1015,0.0,False
2023-04-05,1016,0.0,False
2023-04-05,1017,0.0,False
2023-04-05,1018,0.0,False
2023-04-05,1019,0.0,False
2023-04-05,1020,0.0,False
2023-04-05,1021,0.0,False
2023-04-05,1022,0.0,False
2023-04-05,1023,0.0,False
2023-04-05,1024,0.0,False
2023-04-05,1025,0.0,False
2023-04-05,1026,0.0,False
2023-04-05,1027,0.0,False
2023-04-05,1028,0.0,False
2023-04-05,1029,0.0,False
2023-04-05,1030,0.0,False
2023-04-05,1031,0.0,False
2023-04-05,1032,0.0,False
2023-04-05,1033,0.0,False
2023-04-05,1034,0.0,False
2023-04-05,1035,0.0,False
2023-04-05,1036,0.0,False
2023-04-05,1037,0.0,False
2023-04-05,1038,0.0,False
2023-04-05,1039,0.0,False
2023-04-05,1040,0.0,False
2023-04-05,1041,0.0,False
2023-04-05,1042,0.0,False
2023-04-05,1043,0.0,False
2023-04-05,1044,0.0,False
2023-04-05,1045,0.0,False
2023-04-05,1046,0.0,False
2023-04-05,1047,0.0,False
2023-04-05,1048,0.0,False
2023-04-05,1049,0.0,False
2023-04-05,1050,0.0,False
2023-04-06,1001,0.0,False
2023-04-06,1002,0.0,False
2023-04-06,1003,0.0,False
2023-04-06,1004,0.0,False
2023-04-06,1005,0.0,False
2023-04-06,1006,0.0,False
2023-04-06,1007,0.0,False
2023-04-06,1008,0.0,False
2023-04-06,1009,0.0,False
2023-04-06,1010,0.0,False
2023-04-06,1011,0.0,False
2023-04-06,1012,0.0,False
2023-04-06,1013,0.0,False
2023-04-06,1014,0.0,False
2023-04-06,1015,0.0,False
2023-04-06,1016,0.0,False
2023-04-06,1017,0.0,False
2023-04-06,1018,0.0,False
2023-04-06,1019,0.0,False
2023-04-06,1020,0.0,False
2023-04-06,1021,0.0,False
2023-04-06,1022,0.0,False
2023-04-06,1023,0.0,False
2023-04-06,1024,0.0,False
2023-04-06,1025,0.0,False
2023-04-06,1026,0.0,False
2023-04-06,1027,0.0,False
2023-04-06,1028,0.0,False
2023-04-06,1029,0.0,False
2023-04-06,1030,0.0,False
2023-04-06,1031,0.0,False
2023-04-06,1032,0.0,False
2023-04-06,1033,0.0,False
2023-04-06,1034,0.0,False
2023-04-06,1035,0.0,False
2023-04-06,1036,0.0,False
2023-04-06,1037,0.0,False
2023-04-06,1038,0.0,False
2023-04-06,1039,0.0,False
2023-04-06,1040,0.0,False
2023-04-06,1041,0.0,False
2023-04-06,1042,0.0,False
2023-04-06,1043,0.0,False
2023-04-06,1044,0.0,False
2023-04-06,1045,0.0,False
2023-04-06,1046,0.0,False
2023-04-06,1047,0.0,False
2023-04-06,1048,0.0,False
2023-04-06,1049,0.0,False
2023-04-06,1050,0.0,False
2023-04-07,1001,0.0,False
2023-04-07,1002,0.0,False
2023-04-07,1003,0.0,False
2023-04-07,1004,0.0,False
2023-04-07,1005,0.0,False
2023-04-07,1006,0.0,False
2023-04-07,1007,0.0,False
2023-04-07,1008,0.0,False
2023-04-07,1009,0.0,False
2023-04-07,1010,0.0,False
2023-04-07,1011,0.0,False
2023-04-07,1012,0.0,False
2023-04-07,1013,0.0,False
2023-04-07,1014,0.0,False
2023-04-07,1015,0.0,False
2023-04-07,1016,0.0,False
2023-04-07,1017,0.0,False
2023-04-07,1018,0.0,False
2023-04-07,1019,0.0,False
2023-04-07,1020,0.0,False
2023-04-07,1021,0.0,False
2023-04-07,1022,0.0,False
2023-04-07,1023,0.0,False
2023-04-07,1024,0.0,False
2023-04-07,1025,0.0,False
2023-04-07,1026,0.0,False
2023-04-07,1027,0.0,False
2023-04-07,1028,0.0,False
2023-04-07,1029,0.0,False
2023-04-07,1030,0.0,False
2023-04-07,1031,0.0,False
2023-04-07,1032,0.0,False
2023-04-07,1033,0.0,False
2023-04-07,1034,0.0,False
2023-04-07,1035,0.0,False
2023-04-07,1036,0.0,False
2023-04-07,1037,0.0,False
2023-04-07,1038,0.0,False
2023-04-07,1039,0.0,False
2023-04-07,1040,0.0,False
2023-04-07,1041,0.0,False
2023-04-07,1042,0.0,False
2023-04-07,1043,0.0,False
2023-04-07,1044,0.0,False
2023-04-07,1045,0.0,False
2023-04-07,1046,0.0,False
2023-04-07,1047,0.0,False
2023-04-07,1048,0.0,False
2023-04-07,1049,0.0,False
2023-04-07,1050,0.0,False
2023-04-08,1001,0.0,False
2023-04-08,1002,0.0,False
2023-04-08,1003,0.0,False
2023-04-08,1004,0.0,False
2023-04-08,1005,0.0,False
2023-04-08,1006,0.0,False
2023-04-08,1007,0.0,False
2023-04-08,1008,0.0,False
2023-04-08,1009,0.0,False
2023-04-08,1010,0.0,False
2023-04-08,1011,0.0,False
2023-04-08,1012,0.0,False
2023-04-08,1013,0.0,False
2023-04-08,1014,0.0,False
2023-04-08,1015,0.0,False
2023-04-08,1016,0.0,False
2023-04-08,1017,0.0,False
2023-04-08,1018,0.0,False
2023-04-08,1019,0.0,False
2023-04-08,1020,0.0,False
2023-04-08,1021,0.0,False
2023-04-08,1022,0.0,False
2023-04-08,1023,0.0,False
2023-04-08,1024,0.0,False
2023-04-08,1025,0.0,False
2023-04-08,1026,0.0,False
2023-04-08,1027,0.0,False
2023-04-08,1028,0.0,False
2023-04-08,1029,0.0,False
2023-04-08,1030,0.0,False
2023-04-08,1031,0.0,False
2023-04-08,1032,0.0,False
2023-04-08,1033,0.0,False
2023-04-08,1034,0.0,False
2023-04-08,1035,0.0,False
2023-04-08,1036,0.0,False
2023-04-08,1037,0.0,False
2023-04-08,1038,0.0,False
2023-04-08,1039,0.0,False
2023-04-08,1040,0.0,False
2023-04-08,1041,0.0,False
2023-04-08,1042,0.0,False
2023-04-08,1043,0.0,False
2023-04-08,1044,0.0,False
2023-04-08,1045,0.0,False
2023-04-08,1046,0.0,False
2023-04-08,1047,0.0,False
2023-04-08,1048,0.0,False
2023-04-08,1049,0.0,False
2023-04-08,1050,0.0,False
2023-04-09,1001,0.0,False
2023-04-09,1002,0.0,False
2023-04-09,1003,0.0,False
2023-04-09,1004,0.0,False
2023-04-09,1005,0.0,False
2023-04-09,1006,0.0,False
2023-04-09,1007,0.0,False
2023-04-09,1008,0.0,False
2023-04-09,1009,0.0,False
2023-04-09,1010,0.0,False
2023-04-09,1011,0.0,False
2023-04-09,1012,0.0,False
2023-04-09,1013,0.0,False
2023-04-09,1014,0.0,False
2023-04-09,1015,0.0,False
2023-04-09,1016,0.0,False
2023-04-09,1017,0.0,False
2023-04-09,1018,0.0,False
2023-04-09,1019,0.0,False
2023-04-09,1020,0.0,False
2023-04-09,1021,0.0,False
2023-04-09,1022,0.0,False
2023-04-09,1023,0.0,False
2023-04-09,1024,0.0,False
2023-04-09,1025,0.0,False
2023-04-09,1026,0.0,False
2023-04-09,1027,0.0,False
2023-04-09,1028,0.0,False
2023-04-09,1029,0.0,False
2023-04-09,1030,0.0,False
2023-04-09,1031,0.0,False
2023-04-09,1032,0.0,False
2023-04-09,1033,0.0,False
2023-04-09,1034,0.0,False
2023-04-09,1035,0.0,False
2023-04-09,1036,0.0,False
2023-04-09,1037,0.0,False
2023-04-09,1038,0.0,False
2023-04-09,1039,0.0,False
2023-04-09,1040,0.0,False
2023-04-09,1041,0.0,False
2023-04-09,1042,0.0,False
2023-04-09,1043,0.0,False
2023-04-09,1044,0.0,False
2023-04-09,1045,0.0,False
2023-04-09,1046,0.0,False
2023-04-09,1047,0.0,False
2023-04-09,1048,0.5,False
2023-04-09,1049,0.0,False
2023-04-09,1050,0.0,False
2023-04-10,1001,0.0,False
2023-04-10,1002,0.0,False
2023-04-10,1003,0.0,False
2023-04-10,1004,0.0,False
2023-04-10,1005,0.0,False
2023-04-10,1006,0.0,False
2023-04-10,1007,0.0,False
2023-04-10,1008,0.0,False
2023-04-10,1009,0.0,False
2023-04-10,1010,0.0,False
2023-04-10,1011,0.0,False
2023-04-10,1012,0.0,False
2023-04-10,1013,0.0,False
2023-04-10,1014,0.0,False
2023-04-10,1015,0.0,False
2023-04-10,1016,0.0,False
2023-04-10,1017,0.0,False
2023-04-10,1018,0.0,False
2023-04-10,1019,0.0,False
2023-04-10,1020,0.0,False
2023-04-10,1021,0.0,False
2023-04-10,1022,0.0,False
2023-04-10,1023,0.0,False
2023-04-10,1024,0.0,False
2023-04-10,1025,0.0,False
2023-04-10,1026,0.0,False
2023-04-10,1027,0.0,False
2023-04-10,1028,0.0,False
2023-04-10,1029,0.0,False
2023-04-10,1030,0.0,False
2023-04-10,1031,0.0,False
2023-04-10,1032,0.0,False
2023-04-10,1033,0.0,False
2023-04-10,1034,0.0,False
2023-04-10,1035,0.0,False
2023-04-10,1036,0.0,False
2023-04-10,1037,0.0,False
2023-04-10,1038,0.0,False
2023-04-10,1039,0.0,False
2023-04-10,1040,0.0,False
2023-04-10,1041,0.0,False
2023-04-10,1042,0.0,False
2023-04-10,1043,0.0,False
2023-04-10,1044,0.0,False
2023-04-10,1045,0.0,False
2023-04-10,1046,0.0,False
2023-04-10,1047,0.0,False
2023-04-10,1048,0.0,False
2023-04-10,1049,0.0,False
2023-04-10,1050,0.0,False
2023-04-11,1001,0.0,False
2023-04-11,1002,0.0,False
2023-04-11,1003,0.0,False
2023-04-11,1004,0.0,False
2023-04-11,1005,0.0,False
2023-04-11,1006,0.0,False
2023-04-11,1007,0.0,False
2023-04-11,1008,0.0,False
2023-04-11,1009,0.0,False
2023-04-11,1010,0.0,False
2023-04-11,1011,0.0,False
2023-04-11,1012,0.0,False
2023-04-11,1013,0.0,False
2023-04-11,1014,0.0,False
2023-04-11,1015,0.0,False
2023-04-11,1016,0.0,False
2023-04-11,1017,0.0,False
2023-04-11,1018,0.0,False
2023-04-11,1019,0.0,False
2023-04-11,1020,0.0,False
2023-04-11,1021,0.0,False
2023-04-11,1022,0.0,False
2023-04-11,1023,0.0,False
2023-04-11,1024,0.0,False
2023-04-11,1025,0.0,False
2023-04-11,1026,0.0,False
2023-04-11,1027,0.0,False
2023-04-11,1028,0.0,False
2023-04-11,1029,0.0,False
2023-04-11,1030,0.0,False
2023-04-11,1031,0.0,False
2023-04-11,1032,0.0,False
2023-04-11,1033,0.0,False
2023-04-11,1034,0.0,False
2023-04-11,1035,0.0,False
2023-04-11,1036,0.0,False
2023-04-11,1037,0.0,False
2023-04-11,1038,0.0,False
2023-04-11,1039,0.0,False
2023-04-11,1040,0.0,False
2023-04-11,1041,0.0,False
2023-04-11,1042,0.0,False
2023-04-11,1043,0.0,False
2023-04-11,1044,0.0,False
2023-04-11,1045,0.0,False
2023-04-11,1046,0.0,False
2023-04-11,1047,0.0,False
2023-04-11,1048,0.0,False
2023-04-11,1049,0.0,False
2023-04-11,1050,0.0,False
2023-04-12,1001,0.0,False
2023-04-12,1002,0.0,False
2023-04-12,1003,0.5,False
2023-04-12,1004,0.0,False
2023-04-12,1005,0.0,False
2023-04-12,1006,0.0,False
2023-04-12,1007,0.0,False
2023-04-12,1008,0.0,False
2023-04-12,1009,0.0,False
2023-04-12,1010,0.0,False
2023-04-12,1011,0.0,False
2023-04-12,1012,0.0,False
2023-04-12,1013,0.0,False
2023-04-12,1014,0.0,False
2023-04-12,1015,0.0,False
2023-04-12,1016,0.0,False
2023-04-12,1017,0.0,False
2023-04-12,1018,0.0,False
2023-04-12,1019,0.0,False
2023-04-12,1020,0.0,False
2023-04-12,1021,0.0,False
2023-04-12,1022,0.0,False
2023-04-12,1023,0.0,False
2023-04-12,1024,0.0,False
2023-04-12,1025,0.0,False
2023-04-12,1026,0.0,False
2023-04-12,1027,0.0,False
2023-04-12,1028,0.0,False
2023-04-12,1029,0.0,False
2023-04-12,1030,0.0,False
2023-04-12,1031,0.0,False
2023-04-12,1032,0.0,False
2023-04-12,1033,0.0,False
2023-04-12,1034,0.0,False
2023-04-12,1035,0.0,False
2023-04-12,1036,0.0,False
2023-04-12,1037,0.0,False
2023-04-12,1038,0.0,False
2023-04-12,1039,0.0,False
2023-04-12,1040,0.0,False
2023-04-12,1041,0.0,False
2023-04-12,1042,0.0,False
2023-04-12,1043,0.0,False
2023-04-12,1044,0.0,False
2023-04-12,1045,0.0,False
2023-04-12,1046,0.0,False
2023-04-12,1047,0.0,False
2023-04-12,1048,0.0,False
2023-04-12,1049,0.5,False
2023-04-12,1050,0.0,False
2023-04-13,1001,0.0,False
2023-04-13,1002,0.0,False
2023-04-13,1003,0.0,False
2023-04-13,1004,0.0,False
2023-04-13,1005,0.0,False
2023-04-13,1006,0.0,False
2023-04-13,1007,0.0,False
2023-04-13,1008,0.0,False
2023-04-13,1009,0.0,False
2023-04-13,1010,0.0,False
2023-04-13,1011,0.0,False
2023-04-13,1012,0.0,False
2023-04-13,1013,0.0,False
2023-04-13,1014,0.0,False
2023-04-13,1015,0.0,False
2023-04-13,1016,0.0,False
2023-04-13,1017,0.0,False
2023-04-13,1018,0.0,False
2023-04-13,1019,0.0,False
2023-04-13,1020,0.0,False
2023-04-13,1021,0.0,False
2023-04-13,1022,0.0,False
2023-04-13,1023,0.0,False
2023-04-13,1024,0.0,False
2023-04-13,1025,0.0,False
2023-04-13,1026,0.0,False
2023-04-13,1027,0.0,False
2023-04-13,1028,0.0,False
2023-04-13,1029,0.0,False
2023-04-13,1030,0.0,False
2023-04-13,1031,0.0,False
2023-04-13,1032,0.0,False
2023-04-13,1033,0.0,False
2023-04-13,1034,0.0,False
2023-04-13,1035,0.0,False
2023-04-13,1036,0.0,False
2023-04-13,1037,0.0,False
2023-04-13,1038,0.0,False
2023-04-13,1039,0.0,False
2023-04-13,1040,0.0,False
2023-04-13,1041,0.0,False
2023-04-13,1042,0.0,False
2023-04-13,1043,0.0,False
2023-04-13,1044,0.0,False
2023-04-13,1045,0.0,False
2023-04-13,1046,0.0,False
2023-04-13,1047,0.0,False
2023-04-13,1048,0.0,False
2023-04-13,1049,0.0,False
2023-04-13,1050,0.0,False
2023-04-14,1001,0.0,False
2023-04-14,1002,0.0,False
2023-04-14,1003,0.0,False
2023-04-14,1004,0.0,False
2023-04-14,1005,0.0,False
2023-04-14,1006,0.0,False
2023-04-14,1007,0.0,False
2023-04-14,1008,0.0,False
2023-04-14,1009,0.0,False
2023-04-14,1010,0.0,False
2023-04-14,1011,0.0,False
2023-04-14,1012,0.0,False
2023-04-14,1013,0.0,False
2023-04-14,1014,0.0,False
2023-04-14,1015,0.0,False
2023-04-14,1016,0.0,False
2023-04-14,1017,0.0,False
2023-04-14,1018,0.0,False
2023-04-14,1019,0.0,False
2023-04-14,1020,0.0,False
2023-04-14,1021,0.0,False
2023-04-14,1022,0.0,False
2023-04-14,1023,0.0,False
2023-04-14,1024,0.0,False
2023-04-14,1025,0.0,False
2023-04-14,1026,0.0,False
2023-04-14,1027,0.0,False
2023-04-14,1028,0.0,False
2023-04-14,1029,0.0,False
2023-04-14,1030,0.0,False
2023-04-14,1031,0.0,False
2023-04-14,1032,0.0,False
2023-04-14,1033,0.0,False
2023-04-14,1034,0.0,False
2023-04-14,1035,0.0,False
2023-04-14,1036,0.0,False
2023-04-14,1037,0.0,False
2023-04-14,1038,0.0,False
2023-04-14,1039,0.0,False
2023-04-14,1040,0.0,False
2023-04-14,1041,0.0,False
2023-04-14,1042,0.0,False
2023-04-14,1043,0.0,False
2023-04-14,1044,0.0,False
2023-04-14,1045,0.0,False
2023-04-14,1046,0.0,False
2023-04-14,1047,0.0,False
2023-04-14,1048,0.0,False
2023-04-14,1049,0.0,False
2023-04-14,1050,0.0,False
2023-04-15,1001,0.0,False
2023-04-15,1002,0.0,False
2023-04-15,1003,0.0,False
2023-04-15,1004,0.0,False
2023-04-15,1005,0.0,False
2023-04-15,1006,0.0,False
2023-04-15,1007,0.0,False
2023-04-15,1008,0.0,False
2023-04-15,1009,0.0,False
2023-04-15,1010,0.0,False
2023-04-15,1011,0.0,False
2023-04-15,1012,0.0,False
2023-04-15,1013,0.0,False
2023-04-15,1014,0.0,False
2023-04-15,1015,0.0,False
2023-04-15,1016,0.0,False
2023-04-15,1017,0.0,False
2023-04-15,1018,0.0,False
2023-04-15,1019,0.0,False
2023-04-15,1020,0.0,False
2023-04-15,1021,0.0,False
2023-04-15,1022,0.0,False
2023-04-15,1023,0.0,False
2023-04-15,1024,0.0,False
2023-04-15,1025,0.0,False
2023-04-15,1026,0.0,False
2023-04-15,1027,0.0,False
2023-04-15,1028,0.0,False
2023-04-15,1029,0.0,False
2023-04-15,1030,0.0,False
2023-04-15,1031,0.0,False
2023-04-15,1032,0.0,False
2023-04-15,1033,0.0,False
2023-04-15,1034,0.0,False
2023-04-15,1035,0.0,False
2023-04-15,1036,0.0,False
2023-04-15,1037,0.0,False
2023-04-15,1038,0.0,False
2023-04-15,1039,0.0,False
2023-04-15,1040,0.0,False
2023-04-15,1041,0.0,False
2023-04-15,1042,0.0,False
2023-04-15,1043,0.0,False
2023-04-15,1044,0.0,False
2023-04-15,1045,0.0,False
2023-04-15,1046,0.0,False
2023-04-15,1047,0.0,False
2023-04-15,1048,0.0,False
2023-04-15,1049,0.0,False
2023-04-15,1050,0.0,False
2023-04-16,1001,0.0,False
2023-04-16,1002,0.0,False
2023-04-16,1003,0.0,False
2023-04-16,1004,0.0,False
2023-04-16,1005,0.0,False
2023-04-16,1006,0.0,False
2023-04-16,1007,0.0,False
2023-04-16,1008,0.0,False
2023-04-16,1009,0.0,False
2023-04-16,1010,0.0,False
2023-04-16,1011,0.0,False
2023-04-16,1012,0.0,False
2023-04-16,1013,0.0,False
2023-04-16,1014,0.0,False
2023-04-16,1015,0.0,False
2023-04-16,1016,0.0,False
2023-04-16,1017,0.0,False
2023-04-16,1018,0.0,False
2023-04-16,1019,0.0,False
2023-04-16,1020,0.0,False
2023-04-16,1021,0.0,False
2023-04-16,1022,0.0,False
2023-04-16,1023,0.0,False
2023-04-16,1024,0.0,False
2023-04-16,1025,0.0,False
2023-04-16,1026,0.0,False
2023-04-16,1027,0.0,False
2023-04-16,1028,0.0,False
2023-04-16,1029,0.0,False
2023-04-16,1030,0.0,False
2023-04-16,1031,0.0,False
2023-04-16,1032,0.0,False
2023-04-16,1033,0.0,False
2023-04-16,1034,0.0,False
2023-04-16,1035,0.0,False
2023-04-16,1036,0.0,False
2023-04-16,1037,0.0,False
2023-04-16,1038,0.0,False
2023-04-16,1039,0.0,False
2023-04-16,1040,0.0,False
2023-04-16,1041,0.0,False
2023-04-16,1042,0.0,False
2023-04-16,1043,0.0,False
2023-04-16,1044,0.0,False
2023-04-16,1045,0.0,False
2023-04-16,1046,0.0,False
2023-04-16,1047,0.0,False
2023-04-16,1048,0.0,False
2023-04-16,1049,0.0,False
2023-04-16,1050,0.0,False
2023-04-17,1001,10.0,False
2023-04-17,1002,0.0,False
2023-04-17,1003,0.0,False
2023-04-17,1004,11.5,False
2023-04-17,1005,0.0,False
2023-04-17,1006,0.0,False
2023-04-17,1007,0.0,False
2023-04-17,1008,0.5,False
2023-04-17,1009,0.0,False
2023-04-17,1010,0.0,False
2023-04-17,1011,0.0,False
2023-04-17,1012,2.0,False
2023-04-17,1013,10.5,False
2023-04-17,1014,0.0,False
2023-04-17,1015,7.0,False
2023-04-17,1016,17.5,False
2023-04-17,1017,3.0,False
2023-04-17,1018,7.5,False
2023-04-17,1019,0.0,False
2023-04-17,1020,15.0,False
2023-04-17,1021,0.0,False
2023-04-17,1022,17.0,False
2023-04-17,1023,2.0,False
2023-04-17,1024,3.5,False
2023-04-17,1025,0.0,False
2023-04-17,1026,1.0,False
2023-04-17,1027,0.0,False
2023-04-17,1028,10.0,False
2023-04-17,1029,0.5,False
2023-04-17,1030,0.0,False
2023-04-17,1031,6.0,False
2023-04-17,1032,0.0,False
2023-04-17,1033,0.5,False
2023-04-17,1034,0.0,False
2023-04-17,1035,5.0,False
2023-04-17,1036,0.0,False
2023-04-17,1037,2.0,False
2023-04-17,1038,0.0,False
2023-04-17,1039,1.5,False
2023-04-17,1040,6.5,False
2023-04-17,1041,0.0,False
2023-04-17,1042,0.0,False
2023-04-17,1043,0.0,False
2023-04-17,1044,0.0,False
2023-04-17,1045,3.0,False
2023-04-17,1046,0.0,False
2023-04-17,1047,0.0,False
2023-04-17,1048,1.5,False
2023-04-17,1049,2.0,False
2023-04-17,1050,0.0,False
2023-04-18,1001,0.0,False
2023-04-18,1002,0.0,False
2023-04-18,1003,0.0,False
2023-04-18,1004,0.0,False
2023-04-18,1005,0.0,False
2023-04-18,1006,0.0,False
2023-04-18,1007,0.0,False
2023-04-18,1008,0.0,False
2023-04-18,1009,0.0,False
2023-04-18,1010,0.0,False
2023-04-18,1011,0.0,False
2023-04-18,1012,0.0,False
2023-04-18,1013,0.0,False
2023-04-18,1014,0.0,False
2023-04-18,1015,0.0,False
2023-04-18,1016,0.0,False
2023-04-18,1017,0.0,False
2023-04-18,1018,0.0,False
2023-04-18,1019,0.0,False
2023-04-18,1020,0.0,False
2023-04-18,1021,0.0,False
2023-04-18,1022,0.0,False
2023-04-18,1023,0.0,False
2023-04-18,1024,0.0,False
2023-04-18,1025,0.0,False
2023-04-18,1026,0.0,False
2023-04-18,1027,0.0,False
2023-04-18,1028,0.0,False
2023-04-18,1029,0.0,False
2023-04-18,1030,0.0,False
2023-04-18,1031,0.0,False
2023-04-18,1032,0.0,False
2023-04-18,1033,0.0,False
2023-04-18,1034,0.0,False
2023-04-18,1035,0.5,False
2023-04-18,1036,0.0,False
2023-04-18,1037,0.0,False
2023-04-18,1038,0.0,False
2023-04-18,1039,0.0,False
2023-04-18,1040,0.0,False
2023-04-18,1041,0.0,False
2023-04-18,1042,0.0,False
2023-04-18,1043,0.0,False
2023-04-18,1044,0.0,False
2023-04-18,1045,0.0,False
2023-04-18,1046,0.0,False
2023-04-18,1047,0.0,False
2023-04-18,1048,0.0,False
2023-04-18,1049,0.0,False
2023-04-18,1050,0.0,False
2023-04-19,1001,0.0,False
2023-04-19,1002,0.0,False
2023-04-19,1003,0.0,False
2023-04-19,1004,0.0,False
2023-04-19,1005,0.0,False
2023-04-19,1006,0.0,False
2023-04-19,1007,0.0,False
2023-04-19,1008,0.0,False
2023-04-19,1009,0.0,False
2023-04-19,1010,0.0,False
2023-04-19,1011,0.0,False
2023-04-19,1012,0.0,False
2023-04-19,1013,0.0,False
2023-04-19,1014,0.0,False
2023-04-19,1015,0.5,False
2023-04-19,1016,0.0,False
2023-04-19,1017,0.0,False
2023-04-19,1018,0.0,False
2023-04-19,1019,0.0,False
2023-04-19,1020,0.0,False
2023-04-19,1021,0.0,False
2023-04-19,1022,0.0,False
2023-04-19,1023,0.0,False
2023-04-19,1024,0.0,False
2023-04-19,1025,0.0,False
2023-04-19,1026,0.0,False
2023-04-19,1027,0.0,False
2023-04-19,1028,0.0,False
2023-04-19,1029,0.0,False
2023-04-19,1030,0.0,False
2023-04-19,1031,0.0,False
2023-04-19,1032,0.0,False
2023-04-19,1033,0.0,False
2023-04-19,1034,0.0,False
2023-04-19,1035,0.0,False
2023-04-19,1036,0.0,False
2023-04-19,1037,0.0,False
2023-04-19,1038,0.0,False
2023-04-19,1039,0.0,False
2023-04-19,1040,0.0,False
2023-04-19,1041,0.0,False
2023-04-19,1042,0.0,False
2023-04-19,1043,0.0,False
2023-04-19,1044,0.0,False
2023-04-19,1045,0.0,False
2023-04-19,1046,0.0,False
2023-04-19,1047,0.0,False
2023-04-19,1048,0.0,False
2023-04-19,1049,0.0,False
2023-04-19,1050,0.0,False
2023-04-20,1001,0.0,False
2023-04-20,1002,0.0,False
2023-04-20,1003,0.0,False
2023-04-20,1004,0.0,False
2023-04-20,1005,0.0,False
2023-04-20,1006,0.0,False
2023-04-20,1007,0.0,False
2023-04-20,1008,0.0,False
2023-04-20,1009,0.0,False
2023-04-20,1010,0.0,False
2023-04-20,1011,0.0,False
2023-04-20,1012,0.0,False
2023-04-20,1013,0.0,False
2023-04-20,1014,0.0,False
2023-04-20,1015,0.0,False
2023-04-20,1016,0.0,False
2023-04-20,1017,0.0,False
2023-04-20,1018,0.0,False
2023-04-20,1019,0.0,False
2023-04-20,1020,0.0,False
2023-04-20,1021,0.0,False
2023-04-20,1022,0.0,False
2023-04-20,1023,0.0,False
2023-04-20,1024,0.0,False
2023-04-20,1025,0.0,False
2023-04-20,1026,0.0,False
2023-04-20,1027,0.0,False
2023-04-20,1028,0.0,False
2023-04-20,1029,0.0,False
2023-04-20,1030,0.0,False
2023-04-20,1031,0.0,False
2023-04-20,1032,0.0,False
2023-04-20,1033,0.0,False
2023-04-20,1034,0.0,False
2023-04-20,1035,0.0,False
2023-04-20,1036,0.0,False
2023-04-20,1037,0.0,False
2023-04-20,1038,0.0,False
2023-04-20,1039,0.0,False
2023-04-20,1040,0.0,False
2023-04-20,1041,0.0,False
2023-04-20,1042,0.0,False
2023-04-20,1043,0.0,False
2023-04-20,1044,0.0,False
2023-04-20,1045,0.0,False
2023-04-20,1046,0.0,False
2023-04-20,1047,0.0,False
2023-04-20,1048,0.0,False
2023-04-20,1049,0.0,False
2023-04-20,1050,0.0,False
2023-04-21,1001,0.0,False
2023-04-21,1002,0.0,False
2023-04-21,1003,0.0,False
2023-04-21,1004,0.0,False
2023-04-21,1005,0.0,False
2023-04-21,1006,0.0,False
2023-04-21,1007,0.0,False
2023-04-21,1008,0.0,False
2023-04-21,1009,0.0,False
2023-04-21,1010,0.0,False
2023-04-21,1011,0.0,False
2023-04-21,1012,0.0,False
2023-04-21,1013,0.0,False
2023-04-21,1014,0.0,False
2023-04-21,1015,0.0,False
2023-04-21,1016,0.0,False
2023-04-21,1017,0.0,False
2023-04-21,1018,0.0,False
2023-04-21,1019,0.0,False
2023-04-21,1020,0.0,False
2023-04-21,1021,0.0,False
2023-04-21,1022,0.0,False
2023-04-21,1023,0.0,False
2023-04-21,1024,0.0,False
2023-04-21,1025,0.0,False
2023-04-21,1026,0.0,False
2023-04-21,1027,0.0,False
2023-04-21,1028,0.0,False
2023-04-21,1029,0.0,False
2023-04-21,1030,0.0,False
2023-04-21,1031,0.0,False
2023-04-21,1032,0.0,False
2023-04-21,1033,0.0,False
2023-04-21,1034,0.0,False
2023-04-21,1035,0.0,False
2023-04-21,1036,0.0,False
2023-04-21,1037,0.0,False
2023-04-21,1038,0.0,False
2023-04-21,1039,0.0,False
2023-04-21,1040,0.0,False
2023-04-21,1041,0.0,False
2023-04-21,1042,0.0,False
2023-04-21,1043,0.0,False
2023-04-21,1044,0.0,False
2023-04-21,1045,0.0,False
2023-04-21,1046,0.5,False
2023-04-21,1047,0.0,False
2023-04-21,1048,0.0,False
2023-04-21,1049,0.0,False
2023-04-21,1050,0.0,False
2023-04-22,1001,0.0,False
2023-04-22,1002,0.0,False
2023-04-22,1003,0.0,False
2023-04-22,1004,0.0,False
2023-04-22,1005,0.0,False
2023-04-22,1006,0.0,False
2023-04-22,1007,0.0,False
2023-04-22,1008,0.0,False
2023-04-22,1009,0.0,False
2023-04-22,1010,0.0,False
2023-04-22,1011,0.0,False
2023-04-22,1012,0.0,False
2023-04-22,1013,0.0,False
2023-04-22,1014,0.0,False
2023-04-22,1015,0.0,False
2023-04-22,1016,0.0,False
2023-04-22,1017,0.0,False
2023-04-22,1018,0.0,False
2023-04-22,1019,0.0,False
2023-04-22,1020,0.0,False
2023-04-22,1021,0.0,False
2023-04-22,1022,0.0,False
2023-04-22,1023,0.0,False
2023-04-22,1024,0.0,False
2023-04-22,1025,0.0,False
2023-04-22,1026,0.0,False
2023-04-22,1027,0.0,False
2023-04-22,1028,0.0,False
2023-04-22,1029,0.0,False
2023-04-22,1030,0.0,False
2023-04-22,1031,0.0,False
2023-04-22,1032,0.0,False
2023-04-22,1033,0.0,False
2023-04-22,1034,0.0,False
2023-04-22,1035,0.0,False
2023-04-22,1036,0.0,False
2023-04-22,1037,0.0,False
2023-04-22,1038,0.0,False
2023-04-22,1039,0.0,False
2023-04-22,1040,0.0,False
2023-04-22,1041,0.0,False
2023-04-22,1042,0.0,False
2023-04-22,1043,0.0,False
2023-04-22,1044,0.0,False
2023-04-22,1045,0.0,False
2023-04-22,1046,0.0,False
2023-04-22,1047,0.0,False
2023-04-22,1048,0.0,False
2023-04-22,1049,0.0,False
2023-04-22,1050,0.0,False
2023-04-24,1001,0.0,False
2023-04-24,1002,0.0,False
2023-04-24,1003,0.0,False
2023-04-24,1004,0.0,False
2023-04-24,1005,0.0,False
2023-04-24,1006,0.0,False
2023-04-24,1007,0.0,False
2023-04-24,1008,0.0,False
2023-04-24,1009,0.0,False
2023-04-24,1010,0.0,False
2023-04-24,1011,0.0,False
2023-04-24,1012,0.0,False
2023-04-24,1013,0.0,False
2023-04-24,1014,0.0,False
2023-04-24,1015,0.0,False
2023-04-24,1016,0.0,False
2023-04-24,1017,0.0,False
2023-04-24,1018,0.0,False
2023-04-24,1019,0.0,False
2023-04-24,1020,0.0,False
2023-04-24,1021,0.0,False
2023-04-24,1022,0.0,False
2023-04-24,1023,0.0,False
2023-04-24,1024,0.0,False
2023-04-24,1025,0.0,False
2023-04-24,1026,0.0,False
2023-04-24,1027,0.0,False
2023-04-24,1028,0.0,False
2023-04-24,1029,0.0,False
2023-04-24,1030,0.0,False
2023-04-24,1031,0.0,False
2023-04-24,1032,0.0,False
2023-04-24,1033,0.0,False
2023-04-24,1034,0.0,False
2023-04-24,1035,0.0,False
2023-04-24,1036,0.0,False
2023-04-24,1037,0.0,False
2023-04-24,1038,0.0,False
2023-04-24,1039,0.0,False
2023-04-24,1040,0.0,False
2023-04-24,1041,0.0,False
2023-04-24,1042,0.0,False
2023-04-24,1043,0.0,False
2023-04-24,1044,0.0,False
2023-04-24,1045,0.0,False
2023-04-24,1046,0.0,False
2023-04-24,1047,0.0,False
2023-04-24,1048,0.0,False
2023-04-24,1049,0.0,False
2023-04-24,1050,0.0,False
2023-04-25,1001,0.0,False
2023-04-25,1002,0.0,False
2023-04-25,1003,16.5,False
2023-04-25,1004,0.0,False
2023-04-25,1005,0.0,False
2023-04-25,1006,0.0,False
2023-04-25,1007,2.5,False
2023-04-25,1008,0.0,False
2023-04-25,1009,26.0,False
2023-04-25,1010,0.0,False
2023-04-25,1011,0.0,False
2023-04-25,1012,2.5,False
2023-04-25,1013,0.0,False
2023-04-25,1014,6.0,False
2023-04-25,1015,0.0,False
2023-04-25,1016,0.0,False
2023-04-25,1017,0.0,False
2023-04-25,1018,0.0,False
2023-04-25,1019,0.0,False
2023-04-25,1020,0.5,False
2023-04-25,1021,0.0,False
2023-04-25,1022,0.0,False
2023-04-25,1023,0.0,False
2023-04-25,1024,0.0,False
2023-04-25,1025,0.0,False
2023-04-25,1026,5.5,False
2023-04-25,1027,0.0,False
2023-04-25,1028,0.5,False
2023-04-25,1029,1.5,False
2023-04-25,1030,0.5,False
2023-04-25,1031,0.0,False
2023-04-25,1032,2.0,False
2023-04-25,1033,12.5,False
2023-04-25,1034,0.0,False
2023-04-25,1035,0.0,False
2023-04-25,1036,0.0,False
2023-04-25,1037,3.0,False
2023-04-25,1038,0.0,False
2023-04-25,1039,2.0,False
2023-04-25,1040,0.0,False
2023-04-25,1041,0.0,False
2023-04-25,1042,11.0,False
2023-04-25,1043,1.5,False
2023-04-25,1044,0.0,False
2023-04-25,1045,0.0,False
2023-04-25,1046,0.5,False
2023-04-25,1047,29.5,False
2023-04-25,1048,4.0,False
2023-04-25,1049,0.0,False
2023-04-25,1050,0.0,False
2023-04-26,1001,1.0,False
2023-04-26,1002,1.5,False
2023-04-26,1003,28.5,False
2023-04-26,1004,5.0,False
2023-04-26,1005,4.5,False
2023-04-26,1006,25.0,False
2023-04-26,1007,6.0,False
2023-04-26,1008,6.5,False
2023-04-26,1009,8.5,False
2023-04-26,1010,22.0,False
2023-04-26,1011,17.0,False
2023-04-26,1012,1.5,False
2023-04-26,1013,0.0,False
2023-04-26,1014,0.5,False
2023-04-26,1015,0.5,False
2023-04-26,1016,0.5,False
2023-04-26,1017,14.5,False
2023-04-26,1018,1.0,False
2023-04-26,1019,16.0,False
2023-04-26,1020,3.5,False
2023-04-26,1021,0.0,False
2023-04-26,1022,1.5,False
2023-04-26,1023,0.0,False
2023-04-26,1024,0.0,False
2023-04-26,1025,0.0,False
2023-04-26,1026,1.0,False
2023-04-26,1027,0.0,False
2023-04-26,1028,6.5,False
2023-04-26,1029,0.0,False
2023-04-26,1030,0.5,False
2023-04-26,1031,0.0,False
2023-04-26,1032,13.5,False
2023-04-26,1033,6.0,False
2023-04-26,1034,19.0,False
2023-04-26,1035,0.0,False
2023-04-26,1036,10.5,False
2023-04-26,1037,5.0,False
2023-04-26,1038,1.0,False
2023-04-26,1039,8.0,False
2023-04-26,1040,1.0,False
2023-04-26,1041,14.5,False
2023-04-26,1042,12.0,False
2023-04-26,1043,17.0,False
2023-04-26,1044,48.0,False
2023-04-26,1045,18.5,False
2023-04-26,1046,23.5,False
2023-04-26,1047,10.0,False
2023-04-26,1048,29.5,False
2023-04-26,1049,0.0,False
2023-04-26,1050,0.0,False
2023-04-27,1001,3.5,False
2023-04-27,1002,2.0,False
2023-04-27,1003,26.0,False
2023-04-27,1004,0.5,False
2023-04-27,1005,10.0,False
2023-04-27,1006,7.5,False
2023-04-27,1007,3.0,False
2023-04-27,1008,0.5,False
2023-04-27,1009,7.5,False
2023-04-27,1010,15.0,False
2023-04-27,1011,63.5,False
2023-04-27,1012,40.5,False
2023-04-27,1013,0.5,False
2023-04-27,1014,1.0,False
2023-04-27,1015,6.0,False
2023-04-27,1016,1.5,False
2023-04-27,1017,2.5,False
2023-04-27,1018,5.0,False
2023-04-27,1019,39.5,False
2023-04-27,1020,23.5,False
2023-04-27,1021,43.5,False
2023-04-27,1022,30.5,False
2023-04-27,1023,24.0,False
2023-04-27,1024,32.0,False
2023-04-27,1025,1.0,False
2023-04-27,1026,2.5,False
2023-04-27,1027,0.0,False
2023-04-27,1028,2.0,False
2023-04-27,1029,2.5,False
2023-04-27,1030,5.0,False
2023-04-27,1031,23.5,False
2023-04-27,1032,10.5,False
2023-04-27,1033,3.5,False
2023-04-27,1034,16.0,False
2023-04-27,1035,12.0,False
2023-04-27,1036,14.0,False
2023-04-27,1037,6.0,False
2023-04-27,1038,1.0,False
2023-04-27,1039,1.0,False
2023-04-27,1040,34.0,False
2023-04-27,1041,11.0,False
2023-04-27,1042,9.0,False
2023-04-27,1043,15.0,False
2023-04-27,1044,9.0,False
2023-04-27,1045,3.0,False
2023-04-27,1046,21.5,False
2023-04-27,1047,4.5,False
2023-04-27,1048,2.0,False
2023-04-27,1049,78.0,False
2023-04-27,1050,12.5,False
2023-04-28,1001,0.0,False
2023-04-28,1002,0.0,False
2023-04-28,1003,0.0,False
2023-04-28,1004,0.5,False
2023-04-28,1005,12.0,False
2023-04-28,1006,0.0,False
2023-04-28,1007,0.0,False
2023-04-28,1008,0.0,False
2023-04-28,1009,0.0,False
2023-04-28,1010,0.5,False
2023-04-28,1011,0.0,False
2023-04-28,1012,0.0,False
2023-04-28,1013,0.0,False
2023-04-28,1014,0.0,False
2023-04-28,1015,0.0,False
2023-04-28,1016,0.0,False
2023-04-28,1017,0.0,False
2023-04-28,1018,0.0,False
2023-04-28,1019,0.0,False
2023-04-28,1020,0.0,False
2023-04-28,1021,0.5,False
2023-04-28,1022,0.0,False
2023-04-28,1023,0.0,False
2023-04-28,1024,0.0,False
2023-04-28,1025,0.0,False
2023-04-28,1026,0.0,False
2023-04-28,1027,0.0,False
2023-04-28,1028,0.0,False
2023-04-28,1029,0.0,False
2023-04-28,1030,0.5,False
2023-04-28,1031,0.0,False
2023-04-28,1032,0.0,False
2023-04-28,1033,0.0,False
2023-04-28,1034,0.5,False
2023-04-28,1035,0.0,False
2023-04-28,1036,0.0,False
2023-04-28,1037,0.0,False
2023-04-28,1038,0.0,False
2023-04-28,1039,0.0,False
2023-04-28,1040,0.5,False
2023-04-28,1041,15.5,False
2023-04-28,1042,0.0,False
2023-04-28,1043,0.0,False
2023-04-28,1044,0.0,False
2023-04-28,1045,0.0,False
2023-04-28,1046,0.5,False
2023-04-28,1047,0.0,False
2023-04-28,1048,0.0,False
2023-04-28,1049,0.0,False
2023-04-28,1050,0.0,False
2023-04-30,1001,0.0,False
2023-04-30,1002,0.0,False
2023-04-30,1003,0.0,False
2023-04-30,1004,0.0,False
2023-04-30,1005,0.0,False
2023-04-30,1006,0.0,False
2023-04-30,1007,0.0,False
2023-04-30,1008,0.0,False
2023-04-30,1009,0.0,False
2023-04-30,1010,0.0,False
2023-04-30,1011,0.0,False
2023-04-30,1012,0.0,False
2023-04-30,1013,0.0,False
2023-04-30,1014,0.0,False
2023-04-30,1015,0.0,False
2023-04-30,1016,0.0,False
2023-04-30,1017,0.0,False
2023-04-30,1018,0.0,False
2023-04-30,1019,0.0,False
2023-04-30,1020,0.0,False
2023-04-30,1021,0.0,False
2023-04-30,1022,0.0,False
2023-04-30,1023,0.0,False
2023-04-30,1024,0.0,False
2023-04-30,1025,0.0,False
2023-04-30,1026,0.0,False
2023-04-30,1027,0.0,False
2023-04-30,1028,0.0,False
2023-04-30,1029,0.5,False
2023-04-30,1030,0.0,False
2023-04-30,1031,0.0,False
2023-04-30,1032,0.0,False
2023-04-30,1033,0.0,False
2023-04-30,1034,0.0,False
2023-04-30,1035,0.0,False
2023-04-30,1036,0.0,False
2023-04-30,1037,0.0,False
2023-04-30,1038,0.0,False
2023-04-30,1039,0.0,False
2023-04-30,1040,0.0,False
2023-04-30,1041,0.0,False
2023-04-30,1042,0.0,False
2023-04-30,1043,0.0,False
2023-04-30,1044,0.0,False
2023-04-30,1045,0.0,False
2023-04-30,1046,0.0,False
2023-04-30,1047,0.0,False
2023-04-30,1048,0.0,False
2023-04-30,1049,0.0,False
2023-04-30,1050,0.0,False
2023-05-01,1001,9.5,False
2023-05-01,1002,9.0,False
2023-05-01,1003,37.0,False
2023-05-01,1004,5.0,False
2023-05-01,1005,15.5,False
2023-05-01,1006,22.0,False
2023-05-01,1007,19.5,False
2023-05-01,1008,13.0,False
2023-05-01,1009,28.5,False
2023-05-01,1010,20.0,False
2023-05-01,1011,15.5,False
2023-05-01,1012,40.5,False
2023-05-01,1013,4.5,False
2023-05-01,1014,36.0,False
2023-05-01,1015,0.5,False
2023-05-01,1016,0.0,False
2023-05-01,1017,31.5,False
2023-05-01,1018,3.0,False
2023-05-01,1019,0.0,False
2023-05-01,1020,0.0,False
2023-05-01,1021,0.0,False
2023-05-01,1022,2.0,False
2023-05-01,1023,0.0,False
2023-05-01,1024,16.0,False
2023-05-01,1025,4.0,False
2023-05-01,1026,54.5,False
2023-05-01,1027,0.0,False
2023-05-01,1028,15.0,False
2023-05-01,1029,19.5,False
2023-05-01,1030,47.5,False
2023-05-01,1031,9.0,False
2023-05-01,1032,40.0,False
2023-05-01,1033,24.5,False
2023-05-01,1034,22.5,False
2023-05-01,1035,0.0,False
2023-05-01,1036,4.5,False
2023-05-01,1037,46.5,False
2023-05-01,1038,4.0,False
2023-05-01,1039,0.0,False
2023-05-01,1040,0.5,False
2023-05-01,1041,37.5,False
2023-05-01,1042,45.5,False
2023-05-01,1043,17.5,False
2023-05-01,1044,2.5,False
2023-05-01,1045,48.5,False
2023-05-01,1046,34.0,False
2023-05-01,1047,55.5,False
2023-05-01,1048,0.0,False
2023-05-01,1049,24.0,False
2023-05-01,1050,0.5,False
2023-05-02,1001,0.0,False
2023-05-02,1002,0.0,False
2023-05-02,1003,0.0,False
2023-05-02,1004,0.0,False
2023-05-02,1005,0.0,False
2023-05-02,1006,0.0,False
2023-05-02,1007,0.0,False
2023-05-02,1008,0.0,False
2023-05-02,1009,3.0,False
2023-05-02,1010,0.0,False
2023-05-02,1011,0.0,False
2023-05-02,1012,0.0,False
2023-05-02,1013,0.0,False
2023-05-02,1014,0.0,False
2023-05-02,1015,0.0,False
2023-05-02,1016,0.0,False
2023-05-02,1017,0.0,False
2023-05-02,1018,0.0,False
2023-05-02,1019,3.5,False
2023-05-02,1020,0.0,False
2023-05-02,1021,0.0,False
2023-05-02,1022,0.0,False
2023-05-02,1023,1.0,False
2023-05-02,1024,0.0,False
2023-05-02,1025,0.0,False
2023-05-02,1026,0.0,False
2023-05-02,1027,0.0,False
2023-05-02,1028,0.0,False
2023-05-02,1029,0.0,False
2023-05-02,1030,0.0,False
2023-05-02,1031,0.0,False
2023-05-02,1032,0.0,False
2023-05-02,1033,0.0,False
2023-05-02,1034,0.0,False
2023-05-02,1035,0.0,False
2023-05-02,1036,0.0,False
2023-05-02,1037,0.0,False
2023-05-02,1038,0.0,False
2023-05-02,1039,0.0,False
2023-05-02,1040,1.0,False
2023-05-02,1041,0.0,False
2023-05-02,1042,0.0,False
2023-05-02,1043,0.0,False
2023-05-02,1044,0.0,False
2023-05-02,1045,0.0,False
2023-05-02,1046,0.0,False
2023-05-02,1047,0.5,False
2023-05-02,1048,2.5,False
2023-05-02,1049,0.0,False
2023-05-02,1050,0.0,False
2023-05-03,1001,0.0,False
2023-05-03,1002,2.0,False
2023-05-03,1003,0.5,False
2023-05-03,1004,0.0,False
2023-05-03,1005,1.0,False
2023-05-03,1006,0.5,False
2023-05-03,1007,0.0,False
2023-05-03,1008,0.0,False
2023-05-03,1009,0.0,False
2023-05-03,1010,0.5,False
2023-05-03,1011,0.0,False
2023-05-03,1012,0.0,False
2023-05-03,1013,0.0,False
2023-05-03,1014,0.0,False
2023-05-03,1015,0.0,False
2023-05-03,1016,0.0,False
2023-05-03,1017,0.0,False
2023-05-03,1018,0.0,False
2023-05-03,1019,0.0,False
2023-05-03,1020,0.0,False
2023-05-03,1021,0.0,False
2023-05-03,1022,0.0,False
2023-05-03,1023,0.0,False
2023-05-03,1024,0.0,False
2023-05-03,1025,3.0,False
2023-05-03,1026,0.5,False
2023-05-03,1027,0.0,False
2023-05-03,1028,0.0,False
2023-05-03,1029,12.5,False
2023-05-03,1030,9.0,False
2023-05-03,1031,0.0,False
2023-05-03,1032,0.0,False
2023-05-03,1033,0.0,False
2023-05-03,1034,0.0,False
2023-05-03,1035,0.0,False
2023-05-03,1036,2.5,False
2023-05-03,1037,0.0,False
2023-05-03,1038,0.0,False
2023-05-03,1039,0.0,False
2023-05-03,1040,0.0,False
2023-05-03,1041,5.5,False
2023-05-03,1042,0.5,False
2023-05-03,1043,0.0,False
2023-05-03,1044,0.0,False
2023-05-03,1045,0.5,False
2023-05-03,1046,2.5,False
2023-05-03,1047,0.0,False
2023-05-03,1048,0.5,False
2023-05-03,1049,0.0,False
2023-05-03,1050,0.0,False
2023-05-04,1001,0.0,False
2023-05-04,1002,0.0,False
2023-05-04,1003,0.0,False
2023-05-04,1004,0.0,False
2023-05-04,1005,0.0,False
2023-05-04,1006,0.5,False
2023-05-04,1007,0.0,False
2023-05-04,1008,0.0,False
2023-05-04,1009,0.0,False
2023-05-04,1010,0.0,False
2023-05-04,1011,0.0,False
2023-05-04,1012,0.0,False
2023-05-04,1013,0.0,False
2023-05-04,1014,0.5,False
2023-05-04,1015,0.0,False
2023-05-04,1016,0.0,False
2023-05-04,1017,0.0,False
2023-05-04,1018,0.0,False
2023-05-04,1019,0.0,False
2023-05-04,1020,0.0,False
2023-05-04,1021,0.0,False
2023-05-04,1022,0.0,False
2023-05-04,1023,0.0,False
2023-05-04,1024,0.0,False
2023-05-04,1025,0.0,False
2023-05-04,1026,0.0,False
2023-05-04,1027,0.0,False
2023-05-04,1028,0.0,False
2023-05-04,1029,0.5,False
2023-05-04,1030,0.5,False
2023-05-04,1031,0.0,False
2023-05-04,1032,0.0,False
2023-05-04,1033,0.0,False
2023-05-04,1034,0.0,False
2023-05-04,1035,0.0,False
2023-05-04,1036,0.0,False
2023-05-04,1037,0.0,False
2023-05-04,1038,0.0,False
2023-05-04,1039,0.0,False
2023-05-04,1040,0.0,False
2023-05-04,1041,0.0,False
2023-05-04,1042,0.0,False
2023-05-04,1043,0.0,False
2023-05-04,1044,0.0,False
2023-05-04,1045,0.0,False
2023-05-04,1046,0.0,False
2023-05-04,1047,0.0,False
2023-05-04,1048,0.0,False
2023-05-04,1049,0.0,False
2023-05-04,1050,0.0,False
2023-05-05,1001,0.0,False
2023-05-05,1002,0.0,False
2023-05-05,1003,0.0,False
2023-05-05,1004,0.0,False
2023-05-05,1005,0.0,False
2023-05-05,1006,0.0,False
2023-05-05,1007,0.0,False
2023-05-05,1008,0.0,False
2023-05-05,1009,0.0,False
2023-05-05,1010,0.0,False
2023-05-05,1011,0.0,False
2023-05-05,1012,0.0,False
2023-05-05,1013,0.0,False
2023-05-05,1014,0.0,False
2023-05-05,1015,0.0,False
2023-05-05,1016,0.0,False
2023-05-05,1017,0.0,False
2023-05-05,1018,0.0,False
2023-05-05,1019,0.0,False
2023-05-05,1020,0.0,False
2023-05-05,1021,0.0,False
2023-05-05,1022,0.0,False
2023-05-05,1023,0.0,False
2023-05-05,1024,0.0,False
2023-05-05,1025,0.0,False
2023-05-05,1026,0.0,False
2023-05-05,1027,0.0,False
2023-05-05,1028,0.0,False
2023-05-05,1029,0.0,False
2023-05-05,1030,0.0,False
2023-05-05,1031,0.0,False
2023-05-05,1032,0.0,False
2023-05-05,1033,0.0,False
2023-05-05,1034,0.0,False
2023-05-05,1035,0.0,False
2023-05-05,1036,0.0,False
2023-05-05,1037,0.0,False
2023-05-05,1038,0.0,False
2023-05-05,1039,0.0,False
2023-05-05,1040,0.0,False
2023-05-05,1041,0.0,False
2023-05-05,1042,0.0,False
2023-05-05,1043,0.0,False
2023-05-05,1044,0.0,False
2023-05-05,1045,0.0,False
2023-05-05,1046,0.0,False
2023-05-05,1047,0.0,False
2023-05-05,1048,0.0,False
2023-05-05,1049,0.0,False
2023-05-05,1050,0.0,False
2023-05-06,1001,0.0,False
2023-05-06,1002,0.0,False
2023-05-06,1003,0.0,False
2023-05-06,1004,0.0,False
2023-05-06,1005,0.0,False
2023-05-06,1006,0.0,False
2023-05-06,1007,0.0,False
2023-05-06,1008,0.0,False
2023-05-06,1009,0.0,False
2023-05-06,1010,0.0,False
2023-05-06,1011,0.0,False
2023-05-06,1012,0.0,False
2023-05-06,1013,0.0,False
2023-05-06,1014,0.0,False
2023-05-06,1015,0.0,False
2023-05-06,1016,0.0,False
2023-05-06,1017,0.0,False
2023-05-06,1018,0.0,False
2023-05-06,1019,0.0,False
2023-05-06,1020,0.0,False
2023-05-06,1021,0.0,False
2023-05-06,1022,0.0,False
2023-05-06,1023,0.0,False
2023-05-06,1024,0.0,False
2023-05-06,1025,0.0,False
2023-05-06,1026,0.0,False
2023-05-06,1027,0.0,False
2023-05-06,1028,0.0,False
2023-05-06,1029,0.0,False
2023-05-06,1030,0.0,False
2023-05-06,1031,0.0,False
2023-05-06,1032,0.0,False
2023-05-06,1033,0.0,False
2023-05-06,1034,0.0,False
2023-05-06,1035,0.0,False
2023-05-06,1036,0.0,False
2023-05-06,1037,0.0,False
2023-05-06,1038,0.0,False
2023-05-06,1039,0.0,False
2023-05-06,1040,0.0,False
2023-05-06,1041,0.0,False
2023-05-06,1042,0.0,False
2023-05-06,1043,0.0,False
2023-05-06,1044,0.0,False
2023-05-06,1045,0.0,False
2023-05-06,1046,0.0,False
2023-05-06,1047,0.0,False
2023-05-06,1048,0.0,False
2023-05-06,1049,0.0,False
2023-05-06,1050,0.0,False
2023-05-07,1001,0.0,False
2023-05-07,1002,0.0,False
2023-05-07,1003,0.0,False
2023-05-07,1004,0.0,False
2023-05-07,1005,0.0,False
2023-05-07,1006,0.0,False
2023-05-07,1007,0.0,False
2023-05-07,1008,0.0,False
2023-05-07,1009,0.0,False
2023-05-07,1010,0.0,False
2023-05-07,1011,0.0,False
2023-05-07,1012,0.0,False
2023-05-07,1013,0.0,False
2023-05-07,1014,0.0,False
2023-05-07,1015,0.0,False
2023-05-07,1016,0.0,False
2023-05-07,1017,0.0,False
2023-05-07,1018,0.0,False
2023-05-07,1019,0.0,False
2023-05-07,1020,0.0,False
2023-05-07,1021,0.0,False
2023-05-07,1022,0.0,False
2023-05-07,1023,0.0,False
2023-05-07,1024,0.0,False
2023-05-07,1025,0.0,False
2023-05-07,1026,0.0,False
2023-05-07,1027,0.0,False
2023-05-07,1028,0.0,False
2023-05-07,1029,0.0,False
2023-05-07,1030,0.0,False
2023-05-07,1031,0.0,False
2023-05-07,1032,0.0,False
2023-05-07,1033,0.0,False
2023-05-07,1034,0.0,False
2023-05-07,1035,0.0,False
2023-05-07,1036,0.0,False
2023-05-07,1037,0.0,False
2023-05-07,1038,0.0,False
2023-05-07,1039,0.0,False
2023-05-07,1040,0.0,False
2023-05-07,1041,0.0,False
2023-05-07,1042,0.0,False
2023-05-07,1043,0.0,False
2023-05-07,1044,0.0,False
2023-05-07,1045,0.0,False
2023-05-07,1046,0.0,False
2023-05-07,1047,0.0,False
2023-05-07,1048,0.0,False
2023-05-07,1049,0.0,False
2023-05-07,1050,0.0,False
2023-05-08,1001,0.0,False
2023-05-08,1002,0.0,False
2023-05-08,1003,0.0,False
2023-05-08,1004,0.0,False
2023-05-08,1005,0.0,False
2023-05-08,1006,0.0,False
2023-05-08,1007,0.0,False
2023-05-08,1008,0.0,False
2023-05-08,1009,0.0,False
2023-05-08,1010,0.0,False
2023-05-08,1011,0.0,False
2023-05-08,1012,0.0,False
2023-05-08,1013,0.0,False
2023-05-08,1014,0.0,False
2023-05-08,1015,0.0,False
2023-05-08,1016,0.0,False
2023-05-08,1017,0.0,False
2023-05-08,1018,0.0,False
2023-05-08,1019,0.0,False
2023-05-08,1020,0.0,False
2023-05-08,1021,0.0,False
2023-05-08,1022,0.0,False
2023-05-08,1023,0.0,False
2023-05-08,1024,0.0,False
2023-05-08,1025,0.0,False
2023-05-08,1026,0.0,False
2023-05-08,1027,0.0,False
2023-05-08,1028,0.0,False
2023-05-08,1029,0.0,False
2023-05-08,1030,0.0,False
2023-05-08,1031,0.0,False
2023-05-08,1032,0.0,False
2023-05-08,1033,0.0,False
2023-05-08,1034,0.0,False
2023-05-08,1035,0.0,False
2023-05-08,1036,0.0,False
2023-05-08,1037,0.0,False
2023-05-08,1038,0.0,False
2023-05-08,1039,0.0,False
2023-05-08,1040,0.0,False
2023-05-08,1041,0.0,False
2023-05-08,1042,0.0,False
2023-05-08,1043,0.0,False
2023-05-08,1044,0.0,False
2023-05-08,1045,0.0,False
2023-05-08,1046,0.0,False
2023-05-08,1047,0.0,False
2023-05-08,1048,0.0,False
2023-05-08,1049,0.0,False
2023-05-08,1050,0.0,False
2023-05-09,1001,0.0,False
2023-05-09,1002,0.0,False
2023-05-09,1003,0.0,False
2023-05-09,1004,0.0,False
2023-05-09,1005,0.0,False
2023-05-09,1006,0.0,False
2023-05-09,1007,0.0,False
2023-05-09,1008,0.0,False
2023-05-09,1009,0.0,False
2023-05-09,1010,0.0,False
2023-05-09,1011,0.0,False
2023-05-09,1012,0.0,False
2023-05-09,1013,0.0,False
2023-05-09,1014,0.0,False
2023-05-09,1015,0.0,False
2023-05-09,1016,0.0,False
2023-05-09,1017,0.0,False
2023-05-09,1018,0.0,False
2023-05-09,1019,0.0,False
2023-05-09,1020,0.0,False
2023-05-09,1021,0.0,False
2023-05-09,1022,0.0,False
2023-05-09,1023,0.0,False
2023-05-09,1024,0.0,False
2023-05-09,1025,0.0,False
2023-05-09,1026,0.0,False
2023-05-09,1027,0.0,False
2023-05-09,1028,0.0,False
2023-05-09,1029,0.0,False
2023-05-09,1030,0.0,False
2023-05-09,1031,0.0,False
2023-05-09,1032,0.0,False
2023-05-09,1033,0.0,False
2023-05-09,1034,0.0,False
2023-05-09,1035,0.0,False
2023-05-09,1036,0.0,False
2023-05-09,1037,3.0,False
2023-05-09,1038,0.0,False
2023-05-09,1039,0.0,False
2023-05-09,1040,0.0,False
2023-05-09,1041,0.0,False
2023-05-09,1042,0.0,False
2023-05-09,1043,0.0,False
2023-05-09,1044,1.0,False
2023-05-09,1045,0.0,False
2023-05-09,1046,0.0,False
2023-05-09,1047,0.0,False
2023-05-09,1048,0.0,False
2023-05-09,1049,0.0,False
2023-05-09,1050,0.0,False
2023-05-10,1001,0.5,False
2023-05-10,1002,0.0,False
2023-05-10,1003,4.5,False
2023-05-10,1004,0.5,False
2023-05-10,1005,0.0,False
2023-05-10,1006,1.0,False
2023-05-10,1007,0.0,False
2023-05-10,1008,1.5,False
2023-05-10,1009,0.0,False
2023-05-10,1010,3.5,False
2023-05-10,1011,10.0,False
2023-05-10,1012,0.0,False
2023-05-10,1013,0.0,False
2023-05-10,1014,0.0,False
2023-05-10,1015,0.5,False
2023-05-10,1016,3.0,False
2023-05-10,1017,1.0,False
2023-05-10,1018,0.5,False
2023-05-10,1019,4.5,False
2023-05-10,1020,0.0,False
2023-05-10,1021,0.0,False
2023-05-10,1022,10.0,False
2023-05-10,1023,3.0,False
2023-05-10,1024,0.0,False
2023-05-10,1025,0.0,False
2023-05-10,1026,0.0,False
2023-05-10,1027,1.5,False
2023-05-10,1028,0.0,False
2023-05-10,1029,0.0,False
2023-05-10,1030,0.0,False
2023-05-10,1031,0.0,False
2023-05-10,1032,2.5,False
2023-05-10,1033,0.0,False
2023-05-10,1034,1.0,False
2023-05-10,1035,0.0,False
2023-05-10,1036,0.0,False
2023-05-10,1037,3.0,False
2023-05-10,1038,3.0,False
2023-05-10,1039,0.0,False
2023-05-10,1040,3.0,False
2023-05-10,1041,0.0,False
2023-05-10,1042,1.5,False
2023-05-10,1043,1.0,False
2023-05-10,1044,2.5,False
2023-05-10,1045,0.0,False
2023-05-10,1046,2.0,False
2023-05-10,1047,1.5,False
2023-05-10,1048,5.5,False
2023-05-10,1049,0.0,False
2023-05-10,1050,0.0,False
2023-05-11,1001,0.0,False
2023-05-11,1002,0.0,False
2023-05-11,1003,3.0,False
2023-05-11,1004,0.0,False
2023-05-11,1005,0.5,False
2023-05-11,1006,1.0,False
2023-05-11,1007,0.0,False
2023-05-11,1008,0.0,False
2023-05-11,1009,3.0,False
2023-05-11,1010,1.5,False
2023-05-11,1011,12.0,False
2023-05-11,1012,2.0,False
2023-05-11,1013,0.5,False
2023-05-11,1014,0.0,False
2023-05-11,1015,0.0,False
2023-05-11,1016,0.0,False
2023-05-11,1017,1.5,False
2023-05-11,1018,0.5,False
2023-05-11,1019,0.0,False
2023-05-11,1020,0.0,False
2023-05-11,1021,4.5,False
2023-05-11,1022,0.0,False
2023-05-11,1023,0.5,False
2023-05-11,1024,1.0,False
2023-05-11,1025,0.0,False
2023-05-11,1026,0.0,False
2023-05-11,1027,1.0,False
2023-05-11,1028,0.5,False
2023-05-11,1029,0.0,False
2023-05-11,1030,0.5,False
2023-05-11,1031,1.0,False
2023-05-11,1032,2.5,False
2023-05-11,1033,2.5,False
2023-05-11,1034,1.0,False
2023-05-11,1035,1.0,False
2023-05-11,1036,1.5,False
2023-05-11,1037,2.5,False
2023-05-11,1038,0.0,False
2023-05-11,1039,1.0,False
2023-05-11,1040,0.5,False
2023-05-11,1041,10.0,False
2023-05-11,1042,3.0,False
2023-05-11,1043,1.5,False
2023-05-11,1044,1.0,False
2023-05-11,1045,1.0,False
2023-05-11,1046,3.0,False
2023-05-11,1047,5.5,False
2023-05-11,1048,0.0,False
2023-05-11,1049,9.0,False
2023-05-11,1050,1.5,False
2023-05-12,1001,57.5,False
2023-05-12,1002,61.5,False
2023-05-12,1003,2.0,False
2023-05-12,1004,32.0,False
2023-05-12,1005,4.5,False
2023-05-12,1006,3.0,False
2023-05-12,1007,45.0,False
2023-05-12,1008,44.0,False
2023-05-12,1009,22.0,False
2023-05-12,1010,12.5,False
2023-05-12,1011,0.0,False
2023-05-12,1012,0.0,False
2023-05-12,1013,31.0,False
2023-05-12,1014,40.0,False
2023-05-12,1015,0.0,False
2023-05-12,1016,17.5,False
2023-05-12,1017,26.0,False
2023-05-12,1018,25.0,False
2023-05-12,1019,65.0,False
2023-05-12,1020,44.5,False
2023-05-12,1021,0.0,False
2023-05-12,1022,41.5,False
2023-05-12,1023,0.0,False
2023-05-12,1024,0.0,False
2023-05-12,1025,70.0,False
2023-05-12,1026,41.5,False
2023-05-12,1027,2.0,False
2023-05-12,1028,24.5,False
2023-05-12,1029,51.0,False
2023-05-12,1030,39.5,False
2023-05-12,1031,0.0,False
2023-05-12,1032,5.0,False
2023-05-12,1033,24.5,False
2023-05-12,1034,6.5,False
2023-05-12,1035,0.0,False
2023-05-12,1036,0.0,False
2023-05-12,1037,45.5,False
2023-05-12,1038,6.5,False
2023-05-12,1039,8.0,False
2023-05-12,1040,12.0,False
2023-05-12,1041,1.0,False
2023-05-12,1042,3.0,False
2023-05-12,1043,6.5,False
2023-05-12,1044,13.5,False
2023-05-12,1045,7.0,False
2023-05-12,1046,1.0,False
2023-05-12,1047,41.0,False
2023-05-12,1048,2.0,False
2023-05-12,1049,0.0,False
2023-05-12,1050,10.0,False
2023-05-13,1001,47.0,False
2023-05-13,1002,49.0,False
2023-05-13,1003,15.0,False
2023-05-13,1004,38.0,False
2023-05-13,1005,11.5,False
2023-05-13,1006,2.5,False
2023-05-13,1007,24.5,False
2023-05-13,1008,38.5,False
2023-05-13,1009,2.0,False
2023-05-13,1010,47.5,False
2023-05-13,1011,3.5,False
2023-05-13,1012,4.5,False
2023-05-13,1013,58.5,False
2023-05-13,1014,13.5,False
2023-05-13,1015,7.5,False
2023-05-13,1016,10.5,False
2023-05-13,1017,1.5,False
2023-05-13,1018,39.0,False
2023-05-13,1019,13.0,False
2023-05-13,1020,7.0,False
2023-05-13,1021,28.0,False
2023-05-13,1022,4.0,False
2023-05-13,1023,0.0,False
2023-05-13,1024,1.0,False
2023-05-13,1025,34.0,False
2023-05-13,1026,4.5,False
2023-05-13,1027,14.0,False
2023-05-13,1028,29.5,False
2023-05-13,1029,57.0,False
2023-05-13,1030,28.0,False
2023-05-13,1031,6.0,False
2023-05-13,1032,1.0,False
2023-05-13,1033,6.0,False
2023-05-13,1034,1.5,False
2023-05-13,1035,1.5,False
2023-05-13,1036,14.5,False
2023-05-13,1037,11.0,False
2023-05-13,1038,5.0,False
2023-05-13,1039,0.0,False
2023-05-13,1040,2.0,False
2023-05-13,1041,26.0,False
2023-05-13,1042,15.5,False
2023-05-13,1043,12.5,False
2023-05-13,1044,3.0,False
2023-05-13,1045,1.5,False
2023-05-13,1046,16.0,False
2023-05-13,1047,4.5,False
2023-05-13,1048,9.0,False
2023-05-13,1049,2.0,False
2023-05-13,1050,20.0,False
2023-05-14,1001,0.5,False
2023-05-14,1002,0.5,False
2023-05-14,1003,1.0,False
2023-05-14,1004,1.0,False
2023-05-14,1005,0.5,False
2023-05-14,1006,0.5,False
2023-05-14,1007,0.5,False
2023-05-14,1008,0.0,False
2023-05-14,1009,0.5,False
2023-05-14,1010,0.5,False
2023-05-14,1011,0.5,False
2023-05-14,1012,1.5,False
2023-05-14,1013,0.5,False
2023-05-14,1014,0.0,False
2023-05-14,1015,1.0,False
2023-05-14,1016,1.0,False
2023-05-14,1017,0.0,False
2023-05-14,1018,1.5,False
2023-05-14,1019,1.0,False
2023-05-14,1020,0.5,False
2023-05-14,1021,0.5,False
2023-05-14,1022,2.5,False
2023-05-14,1023,0.0,False
2023-05-14,1024,1.5,False
2023-05-14,1025,0.0,False
2023-05-14,1026,0.0,False
2023-05-14,1027,0.0,False
2023-05-14,1028,1.0,False
2023-05-14,1029,4.0,False
2023-05-14,1030,0.5,False
2023-05-14,1031,4.0,False
2023-05-14,1032,1.5,False
2023-05-14,1033,1.0,False
2023-05-14,1034,0.0,False
2023-05-14,1035,0.5,False
2023-05-14,1036,0.0,False
2023-05-14,1037,0.0,False
2023-05-14,1038,0.0,False
2023-05-14,1039,0.0,False
2023-05-14,1040,2.0,False
2023-05-14,1041,0.5,False
2023-05-14,1042,0.5,False
2023-05-14,1043,0.5,False
2023-05-14,1044,0.5,False
2023-05-14,1045,0.0,False
2023-05-14,1046,1.0,False
2023-05-14,1047,0.5,False
2023-05-14,1048,5.0,False
2023-05-14,1049,0.5,False
2023-05-14,1050,0.5,False
2023-05-15,1001,4.0,False
2023-05-15,1002,2.0,False
2023-05-15,1003,12.5,False
2023-05-15,1004,4.5,False
2023-05-15,1005,0.0,False
2023-05-15,1006,0.0,False
2023-05-15,1007,3.0,False
2023-05-15,1008,5.5,False
2023-05-15,1009,7.5,False
2023-05-15,1010,12.5,False
2023-05-15,1011,0.5,False
2023-05-15,1012,9.0,False
2023-05-15,1013,6.5,False
2023-05-15,1014,3.0,False
2023-05-15,1015,6.0,False
2023-05-15,1016,7.0,False
2023-05-15,1017,2.0,False
2023-05-15,1018,5.5,False
2023-05-15,1019,8.0,False
2023-05-15,1020,6.0,False
2023-05-15,1021,19.0,False
2023-05-15,1022,7.5,False
2023-05-15,1023,11.5,False
2023-05-15,1024,2.5,False
2023-05-15,1025,1.0,False
2023-05-15,1026,1.0,False
2023-05-15,1027,0.5,False
2023-05-15,1028,4.0,False
2023-05-15,1029,0.5,False
2023-05-15,1030,4.0,False
2023-05-15,1031,4.0,False
2023-05-15,1032,6.0,False
2023-05-15,1033,7.0,False
2023-05-15,1034,17.0,False
2023-05-15,1035,11.5,False
2023-05-15,1036,3.5,False
2023-05-15,1037,4.5,False
2023-05-15,1038,0.0,False
2023-05-15,1039,1.0,False
2023-05-15,1040,11.0,False
2023-05-15,1041,3.5,False
2023-05-15,1042,6.0,False
2023-05-15,1043,0.0,False
2023-05-15,1044,20.5,False
2023-05-15,1045,0.5,False
2023-05-15,1046,0.0,False
2023-05-15,1047,6.0,False
2023-05-15,1048,38.0,False
2023-05-15,1049,7.5,False
2023-05-15,1050,6.0,False
2023-05-16,1001,0.0,False
2023-05-16,1002,0.0,False
2023-05-16,1003,4.0,False
2023-05-16,1004,0.5,False
2023-05-16,1005,0.0,False
2023-05-16,1006,4.0,False
2023-05-16,1007,0.0,False
2023-05-16,1008,0.0,False
2023-05-16,1009,0.5,False
2023-05-16,1010,7.0,False
2023-05-16,1011,2.0,False
2023-05-16,1012,1.0,False
2023-05-16,1013,0.0,False
2023-05-16,1014,0.0,False
2023-05-16,1015,0.5,False
2023-05-16,1016,0.0,False
2023-05-16,1017,5.0,False
2023-05-16,1018,0.0,False
2023-05-16,1019,0.0,False
2023-05-16,1020,0.5,False
2023-05-16,1021,4.0,False
2023-05-16,1022,0.5,False
2023-05-16,1023,0.5,False
2023-05-16,1024,2.5,False
2023-05-16,1025,0.0,False
2023-05-16,1026,0.5,False
2023-05-16,1027,5.5,False
2023-05-16,1028,2.0,False
2023-05-16,1029,0.0,False
2023-05-16,1030,0.5,False
2023-05-16,1031,1.0,False
2023-05-16,1032,0.5,False
2023-05-16,1033,0.5,False
2023-05-16,1034,4.0,False
2023-05-16,1035,0.0,False
2023-05-16,1036,0.0,False
2023-05-16,1037,0.0,False
2023-05-16,1038,2.0,False
2023-05-16,1039,0.0,False
2023-05-16,1040,0.5,False
2023-05-16,1041,0.0,False
2023-05-16,1042,1.5,False
2023-05-16,1043,0.0,False
2023-05-16,1044,4.5,False
2023-05-16,1045,0.5,False
2023-05-16,1046,11.0,False
2023-05-16,1047,0.0,False
2023-05-16,1048,5.5,False
2023-05-16,1049,4.5,False
2023-05-16,1050,0.0,False
2023-05-17,1001,0.0,False
2023-05-17,1002,0.0,False
2023-05-17,1003,0.0,False
2023-05-17,1004,0.0,False
2023-05-17,1005,0.0,False
2023-05-17,1006,0.0,False
2023-05-17,1007,0.0,False
2023-05-17,1008,0.0,False
2023-05-17,1009,0.0,False
2023-05-17,1010,0.0,False
2023-05-17,1011,0.0,False
2023-05-17,1012,0.5,False
2023-05-17,1013,0.0,False
2023-05-17,1014,0.0,False
2023-05-17,1015,0.0,False
2023-05-17,1016,0.5,False
2023-05-17,1017,0.0,False
2023-05-17,1018,0.0,False
2023-05-17,1019,0.0,False
2023-05-17,1020,0.0,False
2023-05-17,1021,0.0,False
2023-05-17,1022,0.5,False
2023-05-17,1023,0.0,False
2023-05-17,1024,0.5,False
2023-05-17,1025,0.0,False
2023-05-17,1026,0.0,False
2023-05-17,1027,0.0,False
2023-05-17,1028,0.5,False
2023-05-17,1029,0.0,False
2023-05-17,1030,0.0,False
2023-05-17,1031,0.0,False
2023-05-17,1032,0.0,False
2023-05-17,1033,0.0,False
2023-05-17,1034,0.0,False
2023-05-17,1035,0.0,False
2023-05-17,1036,0.0,False
2023-05-17,1037,0.0,False
2023-05-17,1038,0.0,False
2023-05-17,1039,0.0,False
2023-05-17,1040,0.0,False
2023-05-17,1041,0.0,False
2023-05-17,1042,0.5,False
2023-05-17,1043,0.0,False
2023-05-17,1044,0.0,False
2023-05-17,1045,0.0,False
2023-05-17,1046,0.0,False
2023-05-17,1047,0.0,False
2023-05-17,1048,0.0,False
2023-05-17,1049,1.5,False
2023-05-17,1050,0.0,False
2023-05-18,1001,0.0,False
2023-05-18,1002,0.0,False
2023-05-18,1003,0.0,False
2023-05-18,1004,0.0,False
2023-05-18,1005,0.0,False
2023-05-18,1006,0.0,False
2023-05-18,1007,0.0,False
2023-05-18,1008,0.0,False
2023-05-18,1009,0.0,False
2023-05-18,1010,0.0,False
2023-05-18,1011,0.0,False
2023-05-18,1012,0.0,False
2023-05-18,1013,0.0,False
2023-05-18,1014,0.0,False
2023-05-18,1015,0.0,False
2023-05-18,1016,0.0,False
2023-05-18,1017,0.0,False
2023-05-18,1018,0.0,False
2023-05-18,1019,0.0,False
2023-05-18,1020,0.0,False
2023-05-18,1021,0.0,False
2023-05-18,1022,0.0,False
2023-05-18,1023,0.0,False
2023-05-18,1024,0.0,False
2023-05-18,1025,0.0,False
2023-05-18,1026,0.0,False
2023-05-18,1027,0.0,False
2023-05-18,1028,0.0,False
2023-05-18,1029,0.0,False
2023-05-18,1030,0.0,False
2023-05-18,1031,0.0,False
2023-05-18,1032,0.0,False
2023-05-18,1033,0.0,False
2023-05-18,1034,0.0,False
2023-05-18,1035,0.0,False
2023-05-18,1036,0.0,False
2023-05-18,1037,0.0,False
2023-05-18,1038,0.0,False
2023-05-18,1039,0.0,False
2023-05-18,1040,0.0,False
2023-05-18,1041,0.0,False
2023-05-18,1042,0.0,False
2023-05-18,1043,0.0,False
2023-05-18,1044,0.0,False
2023-05-18,1045,0.0,False
2023-05-18,1046,0.0,False
2023-05-18,1047,0.0,False
2023-05-18,1048,0.5,False
2023-05-18,1049,0.0,False
2023-05-18,1050,0.0,False
2023-05-19,1001,0.0,False
2023-05-19,1002,0.0,False
2023-05-19,1003,0.0,False
2023-05-19,1004,0.0,False
2023-05-19,1005,0.0,False
2023-05-19,1006,0.0,False
2023-05-19,1007,0.0,False
2023-05-19,1008,0.0,False
2023-05-19,1009,0.0,False
2023-05-19,1010,0.0,False
2023-05-19,1011,0.0,False
2023-05-19,1012,0.0,False
2023-05-19,1013,0.0,False
2023-05-19,1014,0.0,False
2023-05-19,1015,0.0,False
2023-05-19,1016,0.0,False
2023-05-19,1017,0.0,False
2023-05-19,1018,0.0,False
2023-05-19,1019,0.0,False
2023-05-19,1020,0.0,False
2023-05-19,1021,0.0,False
2023-05-19,1022,0.0,False
2023-05-19,1023,0.0,False
2023-05-19,1024,0.0,False
2023-05-19,1025,0.0,False
2023-05-19,1026,0.0,False
2023-05-19,1027,0.0,False
2023-05-19,1028,0.0,False
2023-05-19,1029,0.0,False
2023-05-19,1030,0.0,False
2023-05-19,1031,0.0,False
2023-05-19,1032,0.0,False
2023-05-19,1033,0.0,False
2023-05-19,1034,0.0,False
2023-05-19,1035,0.0,False
2023-05-19,1036,0.0,False
2023-05-19,1037,0.0,False
2023-05-19,1038,0.0,False
2023-05-19,1039,0.0,False
2023-05-19,1040,0.0,False
2023-05-19,1041,0.0,False
2023-05-19,1042,0.0,False
2023-05-19,1043,0.0,False
2023-05-19,1044,0.0,False
2023-05-19,1045,0.0,False
2023-05-19,1046,0.0,False
2023-05-19,1047,0.0,False
2023-05-19,1048,0.0,False
2023-05-19,1049,0.0,False
2023-05-19,1050,0.0,False
2023-05-20,1001,0.0,False
2023-05-20,1002,0.0,False
2023-05-20,1003,0.0,False
2023-05-20,1004,0.0,False
2023-05-20,1005,0.0,False
2023-05-20,1006,0.0,False
2023-05-20,1007,0.0,False
2023-05-20,1008,0.0,False
2023-05-20,1009,0.5,False
2023-05-20,1010,0.0,False
2023-05-20,1011,0.0,False
2023-05-20,1012,0.0,False
2023-05-20,1013,0.0,False
2023-05-20,1014,0.0,False
2023-05-20,1015,0.0,False
2023-05-20,1016,0.0,False
2023-05-20,1017,0.0,False
2023-05-20,1018,0.0,False
2023-05-20,1019,0.0,False
2023-05-20,1020,0.0,False
2023-05-20,1021,0.0,False
2023-05-20,1022,0.0,False
2023-05-20,1023,0.0,False
2023-05-20,1024,0.0,False
2023-05-20,1025,0.0,False
2023-05-20,1026,0.0,False
2023-05-20,1027,0.0,False
2023-05-20,1028,0.0,False
2023-05-20,1029,0.0,False
2023-05-20,1030,0.0,False
2023-05-20,1031,0.0,False
2023-05-20,1032,0.0,False
2023-05-20,1033,0.0,False
2023-05-20,1034,0.0,False
2023-05-20,1035,0.0,False
2023-05-20,1036,0.0,False
2023-05-20,1037,0.0,False
2023-05-20,1038,0.0,False
2023-05-20,1039,0.0,False
2023-05-20,1040,0.0,False
2023-05-20,1041,0.0,False
2023-05-20,1042,0.0,False
2023-05-20,1043,0.0,False
2023-05-20,1044,0.0,False
2023-05-20,1045,0.0,False
2023-05-20,1046,0.0,False
2023-05-20,1047,0.0,False
2023-05-20,1048,0.0,False
2023-05-20,1049,0.0,False
2023-05-20,1050,0.0,False
2023-05-21,1001,0.0,False
2023-05-21,1002,0.0,False
2023-05-21,1003,0.0,False
2023-05-21,1004,0.0,False
2023-05-21,1005,0.0,False
2023-05-21,1006,0.0,False
2023-05-21,1007,0.0,False
2023-05-21,1008,0.0,False
2023-05-21,1009,0.0,False
2023-05-21,1010,0.0,False
2023-05-21,1011,0.0,False
2023-05-21,1012,0.0,False
2023-05-21,1013,0.0,False
2023-05-21,1014,0.0,False
2023-05-21,1015,0.0,False
2023-05-21,1016,0.0,False
2023-05-21,1017,0.0,False
2023-05-21,1018,0.0,False
2023-05-21,1019,0.0,False
2023-05-21,1020,0.0,False
2023-05-21,1021,0.0,False
2023-05-21,1022,0.0,False
2023-05-21,1023,0.0,False
2023-05-21,1024,0.0,False
2023-05-21,1025,0.0,False
2023-05-21,1026,0.0,False
2023-05-21,1027,0.0,False
2023-05-21,1028,0.0,False
2023-05-21,1029,0.0,False
2023-05-21,1030,0.0,False
2023-05-21,1031,0.0,False
2023-05-21,1032,0.0,False
2023-05-21,1033,0.0,False
2023-05-21,1034,0.0,False
2023-05-21,1035,0.0,False
2023-05-21,1036,0.0,False
2023-05-21,1037,0.5,False
2023-05-21,1038,0.0,False
2023-05-21,1039,0.0,False
2023-05-21,1040,0.0,False
2023-05-21,1041,0.0,False
2023-05-21,1042,0.0,False
2023-05-21,1043,0.0,False
2023-05-21,1044,0.0,False
2023-05-21,1045,0.0,False
2023-05-21,1046,0.0,False
2023-05-21,1047,0.0,False
2023-05-21,1048,0.0,False
2023-05-21,1049,0.0,False
2023-05-21,1050,0.0,False
2023-05-22,1001,0.0,False
2023-05-22,1002,0.0,False
2023-05-22,1003,0.5,False
2023-05-22,1004,0.0,False
2023-05-22,1005,0.0,False
2023-05-22,1006,0.0,False
2023-05-22,1007,0.0,False
2023-05-22,1008,0.0,False
2023-05-22,1009,0.0,False
2023-05-22,1010,0.0,False
2023-05-22,1011,0.0,False
2023-05-22,1012,0.0,False
2023-05-22,1013,0.0,False
2023-05-22,1014,0.0,False
2023-05-22,1015,0.0,False
2023-05-22,1016,0.0,False
2023-05-22,1017,0.0,False
2023-05-22,1018,0.0,False
2023-05-22,1019,0.0,False
2023-05-22,1020,0.0,False
2023-05-22,1021,0.0,False
2023-05-22,1022,0.0,False
2023-05-22,1023,0.0,False
2023-05-22,1024,0.0,False
2023-05-22,1025,0.0,False
2023-05-22,1026,0.0,False
2023-05-22,1027,0.0,False
2023-05-22,1028,0.0,False
2023-05-22,1029,0.0,False
2023-05-22,1030,0.0,False
2023-05-22,1031,0.0,False
2023-05-22,1032,0.0,False
2023-05-22,1033,0.0,False
2023-05-22,1034,0.0,False
2023-05-22,1035,0.0,False
2023-05-22,1036,0.0,False
2023-05-22,1037,0.5,False
2023-05-22,1038,0.0,False
2023-05-22,1039,0.0,False
2023-05-22,1040,0.0,False
2023-05-22,1041,0.0,False
2023-05-22,1042,0.0,False
2023-05-22,1043,0.0,False
2023-05-22,1044,0.0,False
2023-05-22,1045,0.0,False
2023-05-22,1046,0.0,False
2023-05-22,1047,0.0,False
2023-05-22,1048,0.0,False
2023-05-22,1049,0.0,False
2023-05-22,1050,0.0,False
2023-05-23,1001,0.0,False
2023-05-23,1002,0.0,False
2023-05-23,1003,0.0,False
2023-05-23,1004,0.0,False
2023-05-23,1005,0.0,False
2023-05-23,1006,0.0,False
2023-05-23,1007,0.0,False
2023-05-23,1008,0.0,False
2023-05-23,1009,0.0,False
2023-05-23,1010,1.5,False
2023-05-23,1011,0.0,False
2023-05-23,1012,0.0,False
2023-05-23,1013,0.0,False
2023-05-23,1014,0.0,False
2023-05-23,1015,0.0,False
2023-05-23,1016,0.0,False
2023-05-23,1017,0.0,False
2023-05-23,1018,0.0,False
2023-05-23,1019,0.0,False
2023-05-23,1020,0.0,False
2023-05-23,1021,0.0,False
2023-05-23,1022,0.0,False
2023-05-23,1023,0.0,False
2023-05-23,1024,0.0,False
2023-05-23,1025,0.0,False
2023-05-23,1026,0.0,False
2023-05-23,1027,0.0,False
2023-05-23,1028,0.0,False
2023-05-23,1029,0.0,False
2023-05-23,1030,0.0,False
2023-05-23,1031,0.0,False
2023-05-23,1032,0.0,False
2023-05-23,1033,0.0,False
2023-05-23,1034,0.0,False
2023-05-23,1035,0.0,False
2023-05-23,1036,0.0,False
2023-05-23,1037,0.0,False
2023-05-23,1038,0.0,False
2023-05-23,1039,0.0,False
2023-05-23,1040,0.0,False
2023-05-23,1041,0.0,False
2023-05-23,1042,0.0,False
2023-05-23,1043,0.0,False
2023-05-23,1044,0.0,False
2023-05-23,1045,0.0,False
2023-05-23,1046,0.0,False
2023-05-23,1047,0.0,False
2023-05-23,1048,2.5,False
2023-05-23,1049,0.0,False
2023-05-23,1050,0.0,False
2023-05-24,1001,0.0,False
2023-05-24,1002,0.0,False
2023-05-24,1003,0.0,False
2023-05-24,1004,0.0,False
2023-05-24,1005,0.0,False
2023-05-24,1006,0.0,False
2023-05-24,1007,0.0,False
2023-05-24,1008,0.0,False
2023-05-24,1009,0.0,False
2023-05-24,1010,0.0,False
2023-05-24,1011,0.0,False
2023-05-24,1012,0.0,False
2023-05-24,1013,0.0,False
2023-05-24,1014,0.0,False
2023-05-24,1015,0.0,False
2023-05-24,1016,0.0,False
2023-05-24,1017,0.0,False
2023-05-24,1018,0.0,False
2023-05-24,1019,0.0,False
2023-05-24,1020,0.0,False
2023-05-24,1021,0.0,False
2023-05-24,1022,0.0,False
2023-05-24,1023,0.0,False
2023-05-24,1024,0.0,False
2023-05-24,1025,0.0,False
2023-05-24,1026,0.0,False
2023-05-24,1027,0.0,False
2023-05-24,1028,0.0,False
2023-05-24,1029,0.0,False
2023-05-24,1030,0.0,False
2023-05-24,1031,0.5,False
2023-05-24,1032,0.0,False
2023-05-24,1033,0.0,False
2023-05-24,1034,0.0,False
2023-05-24,1035,0.0,False
2023-05-24,1036,0.0,False
2023-05-24,1037,0.0,False
2023-05-24,1038,0.0,False
2023-05-24,1039,0.0,False
2023-05-24,1040,0.0,False
2023-05-24,1041,0.0,False
2023-05-24,1042,1.5,False
2023-05-24,1043,0.0,False
2023-05-24,1044,0.0,False
2023-05-24,1045,0.0,False
2023-05-24,1046,0.0,False
2023-05-24,1047,0.0,False
2023-05-24,1048,0.0,False
2023-05-24,1049,0.0,False
2023-05-24,1050,0.0,False
2023-05-25,1001,0.0,False
2023-05-25,1002,0.0,False
2023-05-25,1003,0.0,False
2023-05-25,1004,0.0,False
2023-05-25,1005,0.0,False
2023-05-25,1006,0.0,False
2023-05-25,1007,0.0,False
2023-05-25,1008,0.0,False
2023-05-25,1009,0.0,False
2023-05-25,1010,0.0,False
2023-05-25,1011,0.0,False
2023-05-25,1012,0.0,False
2023-05-25,1013,0.0,False
2023-05-25,1014,0.0,False
2023-05-25,1015,0.0,False
2023-05-25,1016,0.0,False
2023-05-25,1017,0.0,False
2023-05-25,1018,0.0,False
2023-05-25,1019,0.0,False
2023-05-25,1020,0.0,False
2023-05-25,1021,0.0,False
2023-05-25,1022,0.0,False
2023-05-25,1023,0.0,False
2023-05-25,1024,0.0,False
2023-05-25,1025,0.0,False
2023-05-25,1026,0.0,False
2023-05-25,1027,0.0,False
2023-05-25,1028,0.0,False
2023-05-25,1029,0.0,False
2023-05-25,1030,0.0,False
2023-05-25,1031,0.0,False
2023-05-25,1032,0.0,False
2023-05-25,1033,0.0,False
2023-05-25,1034,0.0,False
2023-05-25,1035,0.0,False
2023-05-25,1036,0.0,False
2023-05-25,1037,0.0,False
2023-05-25,1038,0.0,False
2023-05-25,1039,0.0,False
2023-05-25,1040,0.0,False
2023-05-25,1041,0.0,False
2023-05-25,1042,2.0,False
2023-05-25,1043,0.0,False
2023-05-25,1044,0.0,False
2023-05-25,1045,0.0,False
2023-05-25,1046,0.0,False
2023-05-25,1047,0.0,False
2023-05-25,1048,0.0,False
2023-05-25,1049,0.0,False
2023-05-25,1050,0.0,False
2023-05-27,1001,6.0,False
2023-05-27,1002,7.5,False
2023-05-27,1003,4.0,False
2023-05-27,1004,12.5,False
2023-05-27,1005,0.0,False
2023-05-27,1006,0.0,False
2023-05-27,1007,0.0,False
2023-05-27,1008,0.0,False
2023-05-27,1009,1.5,False
2023-05-27,1010,0.5,False
2023-05-27,1011,1.0,False
2023-05-27,1012,13.0,False
2023-05-27,1013,0.5,False
2023-05-27,1014,1.5,False
2023-05-27,1015,0.5,False
2023-05-27,1016,2.0,False
2023-05-27,1017,0.0,False
2023-05-27,1018,4.5,False
2023-05-27,1019,21.5,False
2023-05-27,1020,13.0,False
2023-05-27,1021,13.0,False
2023-05-27,1022,6.5,False
2023-05-27,1023,0.5,False
2023-05-27,1024,0.5,False
2023-05-27,1025,9.0,False
2023-05-27,1026,0.0,False
2023-05-27,1027,0.0,False
2023-05-27,1028,6.5,False
2023-05-27,1029,5.5,False
2023-05-27,1030,0.0,False
2023-05-27,1031,0.0,False
2023-05-27,1032,4.5,False
2023-05-27,1033,0.0,False
2023-05-27,1034,0.0,False
2023-05-27,1035,15.5,False
2023-05-27,1036,0.0,False
2023-05-27,1037,3.5,False
2023-05-27,1038,0.0,False
2023-05-27,1039,0.0,False
2023-05-27,1040,9.0,False
2023-05-27,1041,0.0,False
2023-05-27,1042,3.0,False
2023-05-27,1043,0.0,False
2023-05-27,1044,2.0,False
2023-05-27,1045,0.0,False
2023-05-27,1046,0.5,False
2023-05-27,1047,11.5,False
2023-05-27,1048,3.5,False
2023-05-27,1049,6.5,False
2023-05-27,1050,0.0,False
2023-05-28,1001,5.5,False
2023-05-28,1002,4.5,False
2023-05-28,1003,29.0,False
2023-05-28,1004,1.5,False
2023-05-28,1005,0.0,False
2023-05-28,1006,0.0,False
2023-05-28,1007,0.5,False
2023-05-28,1008,3.5,False
2023-05-28,1009,0.0,False
2023-05-28,1010,2.5,False
2023-05-28,1011,31.5,False
2023-05-28,1012,0.5,False
2023-05-28,1013,3.0,False
2023-05-28,1014,4.5,False
2023-05-28,1015,7.0,False
2023-05-28,1016,6.5,False
2023-05-28,1017,0.0,False
2023-05-28,1018,7.0,False
2023-05-28,1019,1.0,False
2023-05-28,1020,12.5,False
2023-05-28,1021,0.0,False
2023-05-28,1022,5.0,False
2023-05-28,1023,0.0,False
2023-05-28,1024,1.5,False
2023-05-28,1025,1.0,False
2023-05-28,1026,3.0,False
2023-05-28,1027,0.0,False
2023-05-28,1028,1.0,False
2023-05-28,1029,1.5,False
2023-05-28,1030,0.0,False
2023-05-28,1031,4.5,False
2023-05-28,1032,7.5,False
2023-05-28,1033,0.0,False
2023-05-28,1034,0.0,False
2023-05-28,1035,1.5,False
2023-05-28,1036,0.0,False
2023-05-28,1037,6.0,False
2023-05-28,1038,0.0,False
2023-05-28,1039,0.5,False
2023-05-28,1040,0.5,False
2023-05-28,1041,0.0,False
2023-05-28,1042,6.0,False
2023-05-28,1043,0.0,False
2023-05-28,1044,0.0,False
2023-05-28,1045,0.0,False
2023-05-28,1046,1.0,False
2023-05-28,1047,0.0,False
2023-05-28,1048,0.0,False
2023-05-28,1049,0.0,False
2023-05-28,1050,0.0,False
2023-05-29,1001,5.0,False
2023-05-29,1002,7.5,False
2023-05-29,1003,0.5,False
2023-05-29,1004,10.0,False
2023-05-29,1005,0.0,False
2023-05-29,1006,0.0,False
2023-05-29,1007,15.0,False
2023-05-29,1008,6.5,False
2023-05-29,1009,6.0,False
2023-05-29,1010,0.0,False
2023-05-29,1011,0.0,False
2023-05-29,1012,26.5,False
2023-05-29,1013,4.0,False
2023-05-29,1014,16.5,False
2023-05-29,1015,13.0,False
2023-05-29,1016,16.5,False
2023-05-29,1017,2.0,False
2023-05-29,1018,11.0,False
2023-05-29,1019,40.5,False
2023-05-29,1020,25.0,False
2023-05-29,1021,7.0,False
2023-05-29,1022,29.5,False
2023-05-29,1023,2.0,False
2023-05-29,1024,25.0,False
2023-05-29,1025,6.5,False
2023-05-29,1026,12.5,False
2023-05-29,1027,0.0,False
2023-05-29,1028,11.0,False
2023-05-29,1029,4.0,False
2023-05-29,1030,0.5,False
2023-05-29,1031,14.5,False
2023-05-29,1032,0.0,False
2023-05-29,1033,14.0,False
2023-05-29,1034,0.0,False
2023-05-29,1035,39.5,False
2023-05-29,1036,0.0,False
2023-05-29,1037,17.0,False
2023-05-29,1038,0.0,False
2023-05-29,1039,0.0,False
2023-05-29,1040,10.5,False
2023-05-29,1041,0.0,False
2023-05-29,1042,0.0,False
2023-05-29,1043,0.0,False
2023-05-29,1044,0.0,False
2023-05-29,1045,2.5,False
2023-05-29,1046,0.0,False
2023-05-29,1047,11.0,False
2023-05-29,1048,17.5,False
2023-05-29,1049,4.5,False
2023-05-29,1050,1.5,False
2023-05-30,1001,47.5,False
2023-05-30,1002,28.0,False
2023-05-30,1003,35.5,False
2023-05-30,1004,58.0,False
2023-05-30,1005,20.5,False
2023-05-30,1006,9.5,False
2023-05-30,1007,18.5,False
2023-05-30,1008,19.0,False
2023-05-30,1009,16.5,False
2023-05-30,1010,1.0,False
2023-05-30,1011,78.5,False
2023-05-30,1012,6.5,False
2023-05-30,1013,55.0,False
2023-05-30,1014,46.0,False
2023-05-30,1015,38.5,False
2023-05-30,1016,73.0,False
2023-05-30,1017,36.0,False
2023-05-30,1018,61.5,False
2023-05-30,1019,15.5,False
2023-05-30,1020,61.0,False
2023-05-30,1021,123.0,False
2023-05-30,1022,68.0,False
2023-05-30,1023,37.0,False
2023-05-30,1024,8.5,False
2023-05-30,1025,27.5,False
2023-05-30,1026,30.0,False
2023-05-30,1027,3.5,False
2023-05-30,1028,86.0,False
2023-05-30,1029,24.5,False
2023-05-30,1030,11.5,False
2023-05-30,1031,41.0,False
2023-05-30,1032,82.0,False
2023-05-30,1033,49.0,False
2023-05-30,1034,42.0,False
2023-05-30,1035,20.0,False
2023-05-30,1036,34.5,False
2023-05-30,1037,21.5,False
2023-05-30,1038,9.5,False
2023-05-30,1039,40.0,False
2023-05-30,1040,49.5,False
2023-05-30,1041,41.0,False
2023-05-30,1042,27.5,False
2023-05-30,1043,0.0,False
2023-05-30,1044,10.5,False
2023-05-30,1045,10.5,False
2023-05-30,1046,0.0,False
2023-05-30,1047,4.5,False
2023-05-30,1048,24.5,False
2023-05-30,1049,4.5,False
2023-05-30,1050,47.5,False
2023-05-31,1001,7.5,False
2023-05-31,1002,20.5,False
2023-05-31,1003,26.0,False
2023-05-31,1004,4.5,False
2023-05-31,1005,10.5,False
2023-05-31,1006,1.0,False
2023-05-31,1007,12.0,False
2023-05-31,1008,7.0,False
2023-05-31,1009,2.0,False
2023-05-31,1010,4.0,False
2023-05-31,1011,1.0,False
2023-05-31,1012,1.0,False
2023-05-31,1013,4.5,False
2023-05-31,1014,88.0,False
2023-05-31,1015,3.0,False
2023-05-31,1016,3.5,False
2023-05-31,1017,22.5,False
2023-05-31,1018,4.0,False
2023-05-31,1019,31.5,False
2023-05-31,1020,6.0,False
2023-05-31,1021,1.5,False
2023-05-31,1022,3.5,False
2023-05-31,1023,7.5,False
2023-05-31,1024,1.0,False
2023-05-31,1025,19.0,False
2023-05-31,1026,55.5,False
2023-05-31,1027,5.0,False
2023-05-31,1028,2.0,False
2023-05-31,1029,70.5,False
2023-05-31,1030,68.5,False
2023-05-31,1031,1.0,False
2023-05-31,1032,9.0,False
2023-05-31,1033,8.0,False
2023-05-31,1034,2.0,False
2023-05-31,1035,0.5,False
2023-05-31,1036,19.5,False
2023-05-31,1037,46.5,False
2023-05-31,1038,35.5,False
2023-05-31,1039,2.5,False
2023-05-31,1040,20.0,False
2023-05-31,1041,37.5,False
2023-05-31,1042,47.0,False
2023-05-31,1043,10.0,False
2023-05-31,1044,1.0,False
2023-05-31,1045,2.0,False
2023-05-31,1046,63.5,False
2023-05-31,1047,2.0,False
2023-05-31,1048,50.5,False
2023-05-31,1049,0.5,False
2023-05-31,1050,1.0,False
2023-06-01,1001,0.0,False
2023-06-01,1002,0.5,False
2023-06-01,1003,11.5,False
2023-06-01,1004,0.5,False
2023-06-01,1005,0.0,False
2023-06-01,1006,0.5,False
2023-06-01,1007,0.0,False
2023-06-01,1008,0.0,False
2023-06-01,1009,0.5,False
2023-06-01,1010,9.0,False
2023-06-01,1011,1.5,False
2023-06-01,1012,0.5,False
2023-06-01,1013,0.0,False
2023-06-01,1014,0.0,False
2023-06-01,1015,0.0,False
2023-06-01,1016,0.0,False
2023-06-01,1017,0.0,False
2023-06-01,1018,0.5,False
2023-06-01,1019,0.0,False
2023-06-01,1020,0.0,False
2023-06-01,1021,0.0,False
2023-06-01,1022,0.5,False
2023-06-01,1023,0.5,False
2023-06-01,1024,0.0,False
2023-06-01,1025,0.0,False
2023-06-01,1026,0.0,False
2023-06-01,1027,2.0,False
2023-06-01,1028,0.0,False
2023-06-01,1029,0.5,False
2023-06-01,1030,0.5,False
2023-06-01,1031,0.0,False
2023-06-01,1032,1.0,False
2023-06-01,1033,0.5,False
2023-06-01,1034,7.5,False
2023-06-01,1035,0.5,False
2023-06-01,1036,0.0,False
2023-06-01,1037,8.0,False
2023-06-01,1038,0.0,False
2023-06-01,1039,0.0,False
2023-06-01,1040,0.5,False
2023-06-01,1041,0.0,False
2023-06-01,1042,2.5,False
2023-06-01,1043,0.0,False
2023-06-01,1044,20.0,False
2023-06-01,1045,0.0,False
2023-06-01,1046,42.0,False
2023-06-01,1047,0.0,False
2023-06-01,1048,0.5,False
2023-06-01,1049,0.0,False
2023-06-01,1050,0.0,False
2023-06-02,1001,0.0,False
2023-06-02,1002,0.0,False
2023-06-02,1003,4.5,False
2023-06-02,1004,0.0,False
2023-06-02,1005,0.0,False
2023-06-02,1006,0.0,False
2023-06-02,1007,0.0,False
2023-06-02,1008,0.0,False
2023-06-02,1009,0.0,False
2023-06-02,1010,0.0,False
2023-06-02,1011,0.5,False
2023-06-02,1012,0.0,False
2023-06-02,1013,0.0,False
2023-06-02,1014,0.0,False
2023-06-02,1015,0.0,False
2023-06-02,1016,0.0,False
2023-06-02,1017,0.0,False
2023-06-02,1018,0.0,False
2023-06-02,1019,0.0,False
2023-06-02,1020,0.0,False
2023-06-02,1021,0.0,False
2023-06-02,1022,0.0,False
2023-06-02,1023,0.0,False
2023-06-02,1024,0.0,False
2023-06-02,1025,0.0,False
2023-06-02,1026,0.0,False
2023-06-02,1027,0.0,False
2023-06-02,1028,0.0,False
2023-06-02,1029,0.0,False
2023-06-02,1030,0.0,False
2023-06-02,1031,0.5,False
2023-06-02,1032,0.0,False
2023-06-02,1033,0.0,False
2023-06-02,1034,0.0,False
2023-06-02,1035,0.0,False
2023-06-02,1036,0.0,False
2023-06-02,1037,0.0,False
2023-06-02,1038,0.0,False
2023-06-02,1039,0.0,False
2023-06-02,1040,0.0,False
2023-06-02,1041,0.0,False
2023-06-02,1042,0.0,False
2023-06-02,1043,0.0,False
2023-06-02,1044,0.0,False
2023-06-02,1045,0.0,False
2023-06-02,1046,0.0,False
2023-06-02,1047,0.0,False
2023-06-02,1048,0.0,False
2023-06-02,1049,0.0,False
2023-06-02,1050,0.0,False
2023-06-03,1001,0.0,False
2023-06-03,1002,0.0,False
2023-06-03,1003,1.0,False
2023-06-03,1004,0.0,False
2023-06-03,1005,0.0,False
2023-06-03,1006,0.0,False
2023-06-03,1007,0.0,False
2023-06-03,1008,0.0,False
2023-06-03,1009,0.0,False
2023-06-03,1010,0.0,False
2023-06-03,1011,0.0,False
2023-06-03,1012,0.0,False
2023-06-03,1013,0.0,False
2023-06-03,1014,0.0,False
2023-06-03,1015,0.0,False
2023-06-03,1016,0.0,False
2023-06-03,1017,0.0,False
2023-06-03,1018,0.0,False
2023-06-03,1019,0.0,False
2023-06-03,1020,0.0,False
2023-06-03,1021,0.0,False
2023-06-03,1022,0.0,False
2023-06-03,1023,0.0,False
2023-06-03,1024,0.0,False
2023-06-03,1025,0.0,False
2023-06-03,1026,0.0,False
2023-06-03,1027,0.0,False
2023-06-03,1028,0.0,False
2023-06-03,1029,0.0,False
2023-06-03,1030,0.0,False
2023-06-03,1031,0.0,False
2023-06-03,1032,0.0,False
2023-06-03,1033,0.0,False
2023-06-03,1034,0.0,False
2023-06-03,1035,0.0,False
2023-06-03,1036,0.0,False
2023-06-03,1037,0.0,False
2023-06-03,1038,0.0,False
2023-06-03,1039,0.0,False
2023-06-03,1040,0.0,False
2023-06-03,1041,0.0,False
2023-06-03,1042,0.0,False
2023-06-03,1043,0.0,False
2023-06-03,1044,0.0,False
2023-06-03,1045,0.0,False
2023-06-03,1046,0.0,False
2023-06-03,1047,0.0,False
2023-06-03,1048,0.0,False
2023-06-03,1049,0.0,False
2023-06-03,1050,0.0,False
2023-06-04,1001,0.0,False
2023-06-04,1002,0.0,False
2023-06-04,1003,20.0,False
2023-06-04,1004,0.0,False
2023-06-04,1005,0.0,False
2023-06-04,1006,0.0,False
2023-06-04,1007,0.0,False
2023-06-04,1008,0.0,False
2023-06-04,1009,0.0,False
2023-06-04,1010,0.0,False
2023-06-04,1011,0.0,False
2023-06-04,1012,0.0,False
2023-06-04,1013,0.0,False
2023-06-04,1014,0.0,False
2023-06-04,1015,0.0,False
2023-06-04,1016,0.0,False
2023-06-04,1017,0.0,False
2023-06-04,1018,0.0,False
2023-06-04,1019,0.0,False
2023-06-04,1020,0.0,False
2023-06-04,1021,0.0,False
2023-06-04,1022,0.0,False
2023-06-04,1023,0.0,False
2023-06-04,1024,0.0,False
2023-06-04,1025,0.0,False
2023-06-04,1026,0.0,False
2023-06-04,1027,0.0,False
2023-06-04,1028,0.0,False
2023-06-04,1029,0.0,False
2023-06-04,1030,0.0,False
2023-06-04,1031,0.0,False
2023-06-04,1032,0.0,False
2023-06-04,1033,0.0,False
2023-06-04,1034,0.0,False
2023-06-04,1035,0.0,False
2023-06-04,1036,0.0,False
2023-06-04,1037,0.0,False
2023-06-04,1038,0.0,False
2023-06-04,1039,0.0,False
2023-06-04,1040,0.0,False
2023-06-04,1041,0.0,False
2023-06-04,1042,7.0,False
2023-06-04,1043,0.0,False
2023-06-04,1044,0.0,False
2023-06-04,1045,0.0,False
2023-06-04,1046,10.0,False
2023-06-04,1047,0.0,False
2023-06-04,1048,0.0,False
2023-06-04,1049,0.0,False
2023-06-04,1050,0.0,False
2023-06-05,1001,0.0,False
2023-06-05,1002,0.0,False
2023-06-05,1003,0.0,False
2023-06-05,1004,0.0,False
2023-06-05,1005,0.0,False
2023-06-05,1006,0.0,False
2023-06-05,1007,0.0,False
2023-06-05,1008,0.0,False
2023-06-05,1009,0.0,False
2023-06-05,1010,0.0,False
2023-06-05,1011,0.0,False
2023-06-05,1012,0.0,False
2023-06-05,1013,0.0,False
2023-06-05,1014,0.0,False
2023-06-05,1015,0.0,False
2023-06-05,1016,0.0,False
2023-06-05,1017,0.0,False
2023-06-05,1018,0.0,False
2023-06-05,1019,0.0,False
2023-06-05,1020,0.0,False
2023-06-05,1021,0.0,False
2023-06-05,1022,0.0,False
2023-06-05,1023,0.0,False
2023-06-05,1024,0.0,False
2023-06-05,1025,0.0,False
2023-06-05,1026,0.0,False
2023-06-05,1027,0.0,False
2023-06-05,1028,0.0,False
2023-06-05,1029,0.0,False
2023-06-05,1030,0.0,False
2023-06-05,1031,0.0,False
2023-06-05,1032,0.0,False
2023-06-05,1033,0.0,False
2023-06-05,1034,0.0,False
2023-06-05,1035,0.0,False
2023-06-05,1036,0.0,False
2023-06-05,1037,0.0,False
2023-06-05,1038,0.0,False
2023-06-05,1039,0.0,False
2023-06-05,1040,0.0,False
2023-06-05,1041,0.0,False
2023-06-05,1042,0.0,False
2023-06-05,1043,0.0,False
2023-06-05,1044,0.0,False
2023-06-05,1045,0.0,False
2023-06-05,1046,0.0,False
2023-06-05,1047,0.0,False
2023-06-05,1048,0.0,False
2023-06-05,1049,0.0,False
2023-06-05,1050,0.0,False
2023-06-06,1001,30.0,False
2023-06-06,1002,30.5,False
2023-06-06,1003,0.0,False
2023-06-06,1004,2.5,False
2023-06-06,1005,6.0,False
2023-06-06,1006,0.0,False
2023-06-06,1007,7.0,False
2023-06-06,1008,19.5,False
2023-06-06,1009,0.0,False
2023-06-06,1010,0.0,False
2023-06-06,1011,0.0,False
2023-06-06,1012,0.0,False
2023-06-06,1013,8.0,False
2023-06-06,1014,15.0,False
2023-06-06,1015,10.5,False
2023-06-06,1016,12.0,False
2023-06-06,1017,9.5,False
2023-06-06,1018,3.5,False
2023-06-06,1019,23.0,False
2023-06-06,1020,22.5,False
2023-06-06,1021,13.5,False
2023-06-06,1022,18.0,False
2023-06-06,1023,8.5,False
2023-06-06,1024,2.5,False
2023-06-06,1025,19.5,False
2023-06-06,1026,4.0,False
2023-06-06,1027,0.0,False
2023-06-06,1028,0.5,False
2023-06-06,1029,30.5,False
2023-06-06,1030,18.5,False
2023-06-06,1031,3.0,False
2023-06-06,1032,0.0,False
2023-06-06,1033,0.0,False
2023-06-06,1034,0.0,False
2023-06-06,1035,2.0,False
2023-06-06,1036,0.0,False
2023-06-06,1037,8.0,False
2023-06-06,1038,9.5,False
2023-06-06,1039,0.0,False
2023-06-06,1040,16.0,False
2023-06-06,1041,0.0,False
2023-06-06,1042,10.5,False
2023-06-06,1043,0.5,False
2023-06-06,1044,0.0,False
2023-06-06,1045,0.5,False
2023-06-06,1046,2.0,False
2023-06-06,1047,0.0,False
2023-06-06,1048,0.5,False
2023-06-06,1049,19.5,False
2023-06-06,1050,3.0,False
2023-06-07,1001,0.0,False
2023-06-07,1002,0.0,False
2023-06-07,1003,15.0,False
2023-06-07,1004,2.5,False
2023-06-07,1005,0.0,False
2023-06-07,1006,2.5,False
2023-06-07,1007,4.0,False
2023-06-07,1008,0.0,False
2023-06-07,1009,7.5,False
2023-06-07,1010,1.0,False
2023-06-07,1011,9.0,False
2023-06-07,1012,11.5,False
2023-06-07,1013,2.0,False
2023-06-07,1014,0.0,False
2023-06-07,1015,5.5,False
2023-06-07,1016,1.5,False
2023-06-07,1017,2.5,False
2023-06-07,1018,3.0,False
2023-06-07,1019,1.0,False
2023-06-07,1020,0.5,False
2023-06-07,1021,10.5,False
2023-06-07,1022,4.5,False
2023-06-07,1023,1.0,False
2023-06-07,1024,9.0,False
2023-06-07,1025,0.0,False
2023-06-07,1026,0.0,False
2023-06-07,1027,0.5,False
2023-06-07,1028,6.5,False
2023-06-07,1029,3.0,False
2023-06-07,1030,4.5,False
2023-06-07,1031,9.0,False
2023-06-07,1032,0.0,False
2023-06-07,1033,11.0,False
2023-06-07,1034,1.5,False
2023-06-07,1035,14.0,False
2023-06-07,1036,3.5,False
2023-06-07,1037,0.5,False
2023-06-07,1038,0.0,False
2023-06-07,1039,3.5,False
2023-06-07,1040,6.0,False
2023-06-07,1041,7.0,False
2023-06-07,1042,2.0,False
2023-06-07,1043,0.0,False
2023-06-07,1044,0.5,False
2023-06-07,1045,1.5,False
2023-06-07,1046,0.0,False
2023-06-07,1047,3.0,False
2023-06-07,1048,0.0,False
2023-06-07,1049,6.5,False
2023-06-07,1050,11.5,False
2023-06-08,1001,8.5,False
2023-06-08,1002,8.5,False
2023-06-08,1003,33.5,False
2023-06-08,1004,18.0,False
2023-06-08,1005,6.5,False
2023-06-08,1006,29.5,False
2023-06-08,1007,13.0,False
2023-06-08,1008,10.0,False
2023-06-08,1009,36.5,False
2023-06-08,1010,22.0,False
2023-06-08,1011,30.0,False
2023-06-08,1012,18.5,False
2023-06-08,1013,14.0,False
2023-06-08,1014,14.5,False
2023-06-08,1015,17.5,False
2023-06-08,1016,12.5,False
2023-06-08,1017,20.5,False
2023-06-08,1018,19.0,False
2023-06-08,1019,12.0,False
2023-06-08,1020,12.0,False
2023-06-08,1021,16.0,False
2023-06-08,1022,12.0,False
2023-06-08,1023,8.0,False
2023-06-08,1024,11.5,False
2023-06-08,1025,9.5,False
2023-06-08,1026,14.0,False
2023-06-08,1027,16.0,False
2023-06-08,1028,18.5,False
2023-06-08,1029,15.0,False
2023-06-08,1030,17.0,False
2023-06-08,1031,11.0,False
2023-06-08,1032,25.0,False
2023-06-08,1033,28.5,False
2023-06-08,1034,23.5,False
2023-06-08,1035,16.5,False
2023-06-08,1036,10.0,False
2023-06-08,1037,13.0,False
2023-06-08,1038,7.0,False
2023-06-08,1039,27.0,False
2023-06-08,1040,10.0,False
2023-06-08,1041,16.5,False
2023-06-08,1042,13.0,False
2023-06-08,1043,15.0,False
2023-06-08,1044,25.5,False
2023-06-08,1045,25.0,False
2023-06-08,1046,9.5,False
2023-06-08,1047,35.0,False
2023-06-08,1048,15.5,False
2023-06-08,1049,9.5,False
2023-06-08,1050,5.0,False
2023-06-09,1001,0.0,False
2023-06-09,1002,0.0,False
2023-06-09,1003,3.0,False
2023-06-09,1004,0.5,False
2023-06-09,1005,0.5,False
2023-06-09,1006,1.0,False
2023-06-09,1007,2.0,False
2023-06-09,1008,0.0,False
2023-06-09,1009,1.5,False
2023-06-09,1010,5.0,False
2023-06-09,1011,0.5,False
2023-06-09,1012,1.0,False
2023-06-09,1013,0.5,False
2023-06-09,1014,1.0,False
2023-06-09,1015,1.5,False
2023-06-09,1016,0.5,False
2023-06-09,1017,1.0,False
2023-06-09,1018,0.5,False
2023-06-09,1019,0.5,False
2023-06-09,1020,0.5,False
2023-06-09,1021,1.5,False
2023-06-09,1022,1.0,False
2023-06-09,1023,0.5,False
2023-06-09,1024,1.0,False
2023-06-09,1025,0.0,False
2023-06-09,1026,0.0,False
2023-06-09,1027,1.0,False
2023-06-09,1028,1.0,False
2023-06-09,1029,0.5,False
2023-06-09,1030,1.5,False
2023-06-09,1031,1.0,False
2023-06-09,1032,0.5,False
2023-06-09,1033,1.5,False
2023-06-09,1034,0.5,False
2023-06-09,1035,0.5,False
2023-06-09,1036,1.0,False
2023-06-09,1037,0.5,False
2023-06-09,1038,1.0,False
2023-06-09,1039,1.0,False
2023-06-09,1040,0.5,False
2023-06-09,1041,1.5,False
2023-06-09,1042,1.5,False
2023-06-09,1043,1.5,False
2023-06-09,1044,2.0,False
2023-06-09,1045,0.5,False
2023-06-09,1046,3.0,False
2023-06-09,1047,0.5,False
2023-06-09,1048,1.5,False
2023-06-09,1049,2.5,False
2023-06-09,1050,0.5,False
2023-06-10,1001,0.0,False
2023-06-10,1002,0.5,False
2023-06-10,1003,0.0,False
2023-06-10,1004,0.0,False
2023-06-10,1005,0.5,False
2023-06-10,1006,0.0,False
2023-06-10,1007,0.0,False
2023-06-10,1008,0.0,False
2023-06-10,1009,0.5,False
2023-06-10,1010,0.0,False
2023-06-10,1011,0.0,False
2023-06-10,1012,0.0,False
2023-06-10,1013,0.0,False
2023-06-10,1014,0.0,False
2023-06-10,1015,0.5,False
2023-06-10,1016,0.0,False
2023-06-10,1017,0.0,False
2023-06-10,1018,0.5,False
2023-06-10,1019,0.0,False
2023-06-10,1020,0.0,False
2023-06-10,1021,0.0,False
2023-06-10,1022,0.0,False
2023-06-10,1023,0.0,False
2023-06-10,1024,0.0,False
2023-06-10,1025,0.0,False
2023-06-10,1026,0.0,False
2023-06-10,1027,0.0,False
2023-06-10,1028,0.0,False
2023-06-10,1029,0.0,False
2023-06-10,1030,0.0,False
2023-06-10,1031,0.0,False
2023-06-10,1032,0.0,False
2023-06-10,1033,0.5,False
2023-06-10,1034,0.0,False
2023-06-10,1035,0.5,False
2023-06-10,1036,0.0,False
2023-06-10,1037,0.0,False
2023-06-10,1038,0.0,False
2023-06-10,1039,0.0,False
2023-06-10,1040,1.0,False
2023-06-10,1041,0.0,False
2023-06-10,1042,0.5,False
2023-06-10,1043,0.0,False
2023-06-10,1044,0.0,False
2023-06-10,1045,0.0,False
2023-06-10,1046,0.5,False
2023-06-10,1047,0.0,False
2023-06-10,1048,0.0,False
2023-06-10,1049,0.0,False
2023-06-10,1050,0.0,False
2023-06-11,1001,0.5,False
2023-06-11,1002,0.0,False
2023-06-11,1003,7.5,False
2023-06-11,1004,0.0,False
2023-06-11,1005,0.0,False
2023-06-11,1006,0.0,False
2023-06-11,1007,0.0,False
2023-06-11,1008,0.0,False
2023-06-11,1009,0.0,False
2023-06-11,1010,0.5,False
2023-06-11,1011,0.0,False
2023-06-11,1012,0.0,False
2023-06-11,1013,0.0,False
2023-06-11,1014,0.0,False
2023-06-11,1015,0.0,False
2023-06-11,1016,0.0,False
2023-06-11,1017,0.0,False
2023-06-11,1018,0.0,False
2023-06-11,1019,0.0,False
2023-06-11,1020,0.0,False
2023-06-11,1021,0.0,False
2023-06-11,1022,0.0,False
2023-06-11,1023,0.0,False
2023-06-11,1024,0.0,False
2023-06-11,1025,0.0,False
2023-06-11,1026,0.0,False
2023-06-11,1027,0.5,False
2023-06-11,1028,0.0,False
2023-06-11,1029,0.0,False
2023-06-11,1030,0.0,False
2023-06-11,1031,0.0,False
2023-06-11,1032,0.0,False
2023-06-11,1033,0.0,False
2023-06-11,1034,0.0,False
2023-06-11,1035,0.0,False
2023-06-11,1036,0.0,False
2023-06-11,1037,0.0,False
2023-06-11,1038,0.0,False
2023-06-11,1039,0.0,False
2023-06-11,1040,0.0,False
2023-06-11,1041,0.0,False
2023-06-11,1042,0.0,False
2023-06-11,1043,0.0,False
2023-06-11,1044,0.5,False
2023-06-11,1045,0.0,False
2023-06-11,1046,0.0,False
2023-06-11,1047,0.0,False
2023-06-11,1048,0.5,False
2023-06-11,1049,0.0,False
2023-06-11,1050,0.0,False
2023-06-12,1001,0.0,False
2023-06-12,1002,0.0,False
2023-06-12,1003,0.0,False
2023-06-12,1004,0.0,False
2023-06-12,1005,0.0,False
2023-06-12,1006,0.0,False
2023-06-12,1007,0.0,False
2023-06-12,1008,0.0,False
2023-06-12,1009,0.0,False
2023-06-12,1010,0.0,False
2023-06-12,1011,0.5,False
2023-06-12,1012,0.0,False
2023-06-12,1013,0.0,False
2023-06-12,1014,0.0,False
2023-06-12,1015,0.0,False
2023-06-12,1016,0.0,False
2023-06-12,1017,0.0,False
2023-06-12,1018,0.0,False
2023-06-12,1019,0.0,False
2023-06-12,1020,0.0,False
2023-06-12,1021,0.0,False
2023-06-12,1022,0.0,False
2023-06-12,1023,0.0,False
2023-06-12,1024,0.0,False
2023-06-12,1025,0.0,False
2023-06-12,1026,0.0,False
2023-06-12,1027,0.0,False
2023-06-12,1028,0.0,False
2023-06-12,1029,0.0,False
2023-06-12,1030,0.0,False
2023-06-12,1031,0.0,False
2023-06-12,1032,0.0,False
2023-06-12,1033,0.0,False
2023-06-12,1034,0.0,False
2023-06-12,1035,0.0,False
2023-06-12,1036,0.0,False
2023-06-12,1037,0.0,False
2023-06-12,1038,0.0,False
2023-06-12,1039,0.0,False
2023-06-12,1040,0.0,False
2023-06-12,1041,0.0,False
2023-06-12,1042,0.0,False
2023-06-12,1043,0.0,False
2023-06-12,1044,0.0,False
2023-06-12,1045,0.0,False
2023-06-12,1046,0.0,False
2023-06-12,1047,0.0,False
2023-06-12,1048,0.0,False
2023-06-12,1049,0.0,False
2023-06-12,1050,0.0,False
2023-06-13,1001,2.0,False
2023-06-13,1002,3.0,False
2023-06-13,1003,0.0,False
2023-06-13,1004,0.0,False
2023-06-13,1005,1.0,False
2023-06-13,1006,0.0,False
2023-06-13,1007,0.0,False
2023-06-13,1008,0.5,False
2023-06-13,1009,0.5,False
2023-06-13,1010,0.0,False
2023-06-13,1011,0.0,False
2023-06-13,1012,1.5,False
2023-06-13,1013,0.0,False
2023-06-13,1014,1.0,False
2023-06-13,1015,0.0,False
2023-06-13,1016,0.5,False
2023-06-13,1017,0.0,False
2023-06-13,1018,0.0,False
2023-06-13,1019,8.0,False
2023-06-13,1020,3.0,False
2023-06-13,1021,3.0,False
2023-06-13,1022,4.0,False
2023-06-13,1023,4.0,False
2023-06-13,1024,1.0,False
2023-06-13,1025,7.0,False
2023-06-13,1026,0.5,False
2023-06-13,1027,0.5,False
2023-06-13,1028,1.0,False
2023-06-13,1029,5.5,False
2023-06-13,1030,4.5,False
2023-06-13,1031,1.0,False
2023-06-13,1032,0.0,False
2023-06-13,1033,3.0,False
2023-06-13,1034,0.0,False
2023-06-13,1035,0.5,False
2023-06-13,1036,1.0,False
2023-06-13,1037,0.5,False
2023-06-13,1038,0.0,False
2023-06-13,1039,0.0,False
2023-06-13,1040,7.0,False
2023-06-13,1041,0.5,False
2023-06-13,1042,3.0,False
2023-06-13,1043,1.0,False
2023-06-13,1044,0.0,False
2023-06-13,1045,0.0,False
2023-06-13,1046,0.5,False
2023-06-13,1047,2.5,False
2023-06-13,1048,2.5,False
2023-06-13,1049,8.5,False
2023-06-13,1050,0.0,False
2023-06-14,1001,4.5,False
2023-06-14,1002,6.5,False
2023-06-14,1003,6.5,False
2023-06-14,1004,8.5,False
2023-06-14,1005,1.0,False
2023-06-14,1006,8.0,False
2023-06-14,1007,5.0,False
2023-06-14,1008,3.0,False
2023-06-14,1009,8.0,False
2023-06-14,1010,5.5,False
2023-06-14,1011,6.0,False
2023-06-14,1012,14.5,False
2023-06-14,1013,5.5,False
2023-06-14,1014,3.5,False
2023-06-14,1015,7.0,False
2023-06-14,1016,3.0,False
2023-06-14,1017,4.5,False
2023-06-14,1018,11.5,False
2023-06-14,1019,7.5,False
2023-06-14,1020,5.5,False
2023-06-14,1021,13.0,False
2023-06-14,1022,5.5,False
2023-06-14,1023,8.0,False
2023-06-14,1024,9.0,False
2023-06-14,1025,7.5,False
2023-06-14,1026,2.5,False
2023-06-14,1027,5.5,False
2023-06-14,1028,10.5,False
2023-06-14,1029,8.5,False
2023-06-14,1030,8.0,False
2023-06-14,1031,12.0,False
2023-06-14,1032,6.0,False
2023-06-14,1033,12.5,False
2023-06-14,1034,5.5,False
2023-06-14,1035,12.0,False
2023-06-14,1036,0.5,False
2023-06-14,1037,3.5,False
2023-06-14,1038,1.0,False
2023-06-14,1039,7.5,False
2023-06-14,1040,11.0,False
2023-06-14,1041,2.0,False
2023-06-14,1042,10.0,False
2023-06-14,1043,1.0,False
2023-06-14,1044,8.5,False
2023-06-14,1045,4.0,False
2023-06-14,1046,0.5,False
2023-06-14,1047,9.0,False
2023-06-14,1048,16.5,False
2023-06-14,1049,9.5,False
2023-06-14,1050,17.5,False
2023-06-15,1001,2.0,False
2023-06-15,1002,2.5,False
2023-06-15,1003,22.0,False
2023-06-15,1004,0.0,False
2023-06-15,1005,0.5,False
2023-06-15,1006,2.5,False
2023-06-15,1007,0.5,False
2023-06-15,1008,0.5,False
2023-06-15,1009,9.5,False
2023-06-15,1010,17.5,False
2023-06-15,1011,11.5,False
2023-06-15,1012,1.5,False
2023-06-15,1013,0.5,False
2023-06-15,1014,1.5,False
2023-06-15,1015,0.5,False
2023-06-15,1016,0.5,False
2023-06-15,1017,0.5,False
2023-06-15,1018,0.5,False
2023-06-15,1019,0.5,False
2023-06-15,1020,1.5,False
2023-06-15,1021,2.5,False
2023-06-15,1022,2.0,False
2023-06-15,1023,0.5,False
2023-06-15,1024,2.0,False
2023-06-15,1025,1.5,False
2023-06-15,1026,1.0,False
2023-06-15,1027,1.0,False
2023-06-15,1028,0.5,False
2023-06-15,1029,1.5,False
2023-06-15,1030,1.5,False
2023-06-15,1031,2.0,False
2023-06-15,1032,3.5,False
2023-06-15,1033,2.0,False
2023-06-15,1034,4.5,False
2023-06-15,1035,0.5,False
2023-06-15,1036,0.0,False
2023-06-15,1037,1.0,False
2023-06-15,1038,0.5,False
2023-06-15,1039,1.0,False
2023-06-15,1040,2.5,False
2023-06-15,1041,1.0,False
2023-06-15,1042,0.5,False
2023-06-15,1043,1.5,False
2023-06-15,1044,6.0,False
2023-06-15,1045,1.0,False
2023-06-15,1046,4.5,False
2023-06-15,1047,11.0,False
2023-06-15,1048,0.5,False
2023-06-15,1049,1.0,False
2023-06-15,1050,0.5,False
2023-06-16,1001,0.0,False
2023-06-16,1002,0.0,False
2023-06-16,1003,3.0,False
2023-06-16,1004,0.0,False
2023-06-16,1005,0.0,False
2023-06-16,1006,0.5,False
2023-06-16,1007,0.0,False
2023-06-16,1008,0.0,False
2023-06-16,1009,0.5,False
2023-06-16,1010,1.0,False
2023-06-16,1011,1.0,False
2023-06-16,1012,0.5,False
2023-06-16,1013,0.0,False
2023-06-16,1014,0.0,False
2023-06-16,1015,0.0,False
2023-06-16,1016,0.0,False
2023-06-16,1017,0.0,False
2023-06-16,1018,0.0,False
2023-06-16,1019,0.0,False
2023-06-16,1020,0.0,False
2023-06-16,1021,0.0,False
2023-06-16,1022,0.0,False
2023-06-16,1023,0.0,False
2023-06-16,1024,0.5,False
2023-06-16,1025,0.0,False
2023-06-16,1026,0.0,False
2023-06-16,1027,0.5,False
2023-06-16,1028,0.0,False
2023-06-16,1029,0.5,False
2023-06-16,1030,0.0,False
2023-06-16,1031,0.5,False
2023-06-16,1032,0.5,False
2023-06-16,1033,0.5,False
2023-06-16,1034,0.5,False
2023-06-16,1035,0.0,False
2023-06-16,1036,0.0,False
2023-06-16,1037,0.0,False
2023-06-16,1038,0.0,False
2023-06-16,1039,0.5,False
2023-06-16,1040,0.0,False
2023-06-16,1041,0.0,False
2023-06-16,1042,0.0,False
2023-06-16,1043,0.0,False
2023-06-16,1044,0.5,False
2023-06-16,1045,0.5,False
2023-06-16,1046,0.5,False
2023-06-16,1047,0.5,False
2023-06-16,1048,0.0,False
2023-06-16,1049,0.0,False
2023-06-16,1050,0.0,False
2023-06-17,1001,7.5,False
2023-06-17,1002,5.5,False
2023-06-17,1003,5.0,False
2023-06-17,1004,0.0,False
2023-06-17,1005,0.0,False
2023-06-17,1006,0.0,False
2023-06-17,1007,0.0,False
2023-06-17,1008,1.5,False
2023-06-17,1009,0.0,False
2023-06-17,1010,0.5,False
2023-06-17,1011,0.0,False
2023-06-17,1012,0.5,False
2023-06-17,1013,0.0,False
2023-06-17,1014,14.0,False
2023-06-17,1015,0.0,False
2023-06-17,1016,0.0,False
2023-06-17,1017,12.5,False
2023-06-17,1018,0.0,False
2023-06-17,1019,2.5,False
2023-06-17,1020,3.5,False
2023-06-17,1021,0.0,False
2023-06-17,1022,0.0,False
2023-06-17,1023,0.0,False
2023-06-17,1024,0.0,False
2023-06-17,1025,1.5,False
2023-06-17,1026,4.0,False
2023-06-17,1027,0.0,False
2023-06-17,1028,0.0,False
2023-06-17,1029,8.5,False
2023-06-17,1030,4.0,False
2023-06-17,1031,0.0,False
2023-06-17,1032,0.0,False
2023-06-17,1033,0.0,False
2023-06-17,1034,0.0,False
2023-06-17,1035,0.0,False
2023-06-17,1036,0.0,False
2023-06-17,1037,0.0,False
2023-06-17,1038,7.0,False
2023-06-17,1039,0.0,False
2023-06-17,1040,0.0,False
2023-06-17,1041,1.0,False
2023-06-17,1042,2.0,False
2023-06-17,1043,0.0,False
2023-06-17,1044,0.0,False
2023-06-17,1045,0.5,False
2023-06-17,1046,3.5,False
2023-06-17,1047,0.0,False
2023-06-17,1048,0.0,False
2023-06-17,1049,0.0,False
2023-06-17,1050,0.0,False
2023-06-19,1001,0.5,False
2023-06-19,1002,0.5,False
2023-06-19,1003,10.0,False
2023-06-19,1004,0.5,False
2023-06-19,1005,6.0,False
2023-06-19,1006,0.5,False
2023-06-19,1007,0.5,False
2023-06-19,1008,0.5,False
2023-06-19,1009,0.5,False
2023-06-19,1010,0.5,False
2023-06-19,1011,0.5,False
2023-06-19,1012,0.5,False
2023-06-19,1013,0.5,False
2023-06-19,1014,1.0,False
2023-06-19,1015,0.5,False
2023-06-19,1016,0.5,False
2023-06-19,1017,1.0,False
2023-06-19,1018,0.5,False
2023-06-19,1019,5.5,False
2023-06-19,1020,1.0,False
2023-06-19,1021,1.0,False
2023-06-19,1022,2.5,False
2023-06-19,1023,0.5,False
2023-06-19,1024,0.5,False
2023-06-19,1025,0.5,False
2023-06-19,1026,0.5,False
2023-06-19,1027,0.0,False
2023-06-19,1028,0.5,False
2023-06-19,1029,1.5,False
2023-06-19,1030,0.5,False
2023-06-19,1031,0.5,False
2023-06-19,1032,0.5,False
2023-06-19,1033,0.5,False
2023-06-19,1034,0.5,False
2023-06-19,1035,0.0,False
2023-06-19,1036,1.5,False
2023-06-19,1037,0.5,False
2023-06-19,1038,0.0,False
2023-06-19,1039,0.5,False
2023-06-19,1040,2.0,False
2023-06-19,1041,16.0,False
2023-06-19,1042,5.0,False
2023-06-19,1043,2.0,False
2023-06-19,1044,0.5,False
2023-06-19,1045,3.0,False
2023-06-19,1046,1.0,False
2023-06-19,1047,0.5,False
2023-06-19,1048,1.0,False
2023-06-19,1049,0.0,False
2023-06-19,1050,0.5,False
2023-06-20,1001,0.0,False
2023-06-20,1002,0.0,False
2023-06-20,1003,0.0,False
2023-06-20,1004,0.0,False
2023-06-20,1005,0.5,False
2023-06-20,1006,0.0,False
2023-06-20,1007,0.0,False
2023-06-20,1008,0.0,False
2023-06-20,1009,0.0,False
2023-06-20,1010,0.0,False
2023-06-20,1011,0.0,False
2023-06-20,1012,0.0,False
2023-06-20,1013,0.0,False
2023-06-20,1014,0.0,False
2023-06-20,1015,0.0,False
2023-06-20,1016,0.0,False
2023-06-20,1017,0.0,False
2023-06-20,1018,0.0,False
2023-06-20,1019,0.0,False
2023-06-20,1020,0.0,False
2023-06-20,1021,0.0,False
2023-06-20,1022,0.0,False
2023-06-20,1023,0.0,False
2023-06-20,1024,0.0,False
2023-06-20,1025,0.0,False
2023-06-20,1026,0.0,False
2023-06-20,1027,0.0,False
2023-06-20,1028,0.0,False
2023-06-20,1029,0.0,False
2023-06-20,1030,0.5,False
2023-06-20,1031,0.0,False
2023-06-20,1032,0.0,False
2023-06-20,1033,0.0,False
2023-06-20,1034,0.0,False
2023-06-20,1035,0.0,False
2023-06-20,1036,0.0,False
2023-06-20,1037,0.0,False
2023-06-20,1038,0.0,False
2023-06-20,1039,0.0,False
2023-06-20,1040,0.5,False
2023-06-20,1041,0.0,False
2023-06-20,1042,0.0,False
2023-06-20,1043,0.0,False
2023-06-20,1044,0.0,False
2023-06-20,1045,0.0,False
2023-06-20,1046,0.0,False
2023-06-20,1047,0.0,False
2023-06-20,1048,0.5,False
2023-06-20,1049,0.0,False
2023-06-20,1050,0.0,False
2023-06-21,1001,6.0,False
2023-06-21,1002,3.5,False
2023-06-21,1003,33.5,False
2023-06-21,1004,1.0,False
2023-06-21,1005,0.5,False
2023-06-21,1006,0.0,False
2023-06-21,1007,1.0,False
2023-06-21,1008,4.0,False
2023-06-21,1009,0.0,False
2023-06-21,1010,33.0,False
2023-06-21,1011,7.0,False
2023-06-21,1012,0.0,False
2023-06-21,1013,1.5,False
2023-06-21,1014,1.5,False
2023-06-21,1015,4.5,False
2023-06-21,1016,5.5,False
2023-06-21,1017,1.0,False
2023-06-21,1018,1.0,False
2023-06-21,1019,45.5,False
2023-06-21,1020,9.0,False
2023-06-21,1021,0.0,False
2023-06-21,1022,12.0,False
2023-06-21,1023,2.0,False
2023-06-21,1024,0.0,False
2023-06-21,1025,2.5,False
2023-06-21,1026,0.0,False
2023-06-21,1027,0.0,False
2023-06-21,1028,1.5,False
2023-06-21,1029,1.5,False
2023-06-21,1030,0.0,False
2023-06-21,1031,0.0,False
2023-06-21,1032,7.5,False
2023-06-21,1033,3.5,False
2023-06-21,1034,16.0,False
2023-06-21,1035,3.0,False
2023-06-21,1036,1.0,False
2023-06-21,1037,1.0,False
2023-06-21,1038,0.0,False
2023-06-21,1039,7.5,False
2023-06-21,1040,10.0,False
2023-06-21,1041,2.5,False
2023-06-21,1042,1.5,False
2023-06-21,1043,0.5,False
2023-06-21,1044,1.0,False
2023-06-21,1045,0.5,False
2023-06-21,1046,25.0,False
2023-06-21,1047,0.0,False
2023-06-21,1048,57.0,False
2023-06-21,1049,0.0,False
2023-06-21,1050,0.0,False
2023-06-22,1001,25.5,False
2023-06-22,1002,5.5,False
2023-06-22,1003,16.5,False
2023-06-22,1004,32.0,False
2023-06-22,1005,12.0,False
2023-06-22,1006,4.5,False
2023-06-22,1007,35.0,False
2023-06-22,1008,21.5,False
2023-06-22,1009,54.0,False
2023-06-22,1010,6.5,False
2023-06-22,1011,1.0,False
2023-06-22,1012,62.0,False
2023-06-22,1013,22.5,False
2023-06-22,1014,13.5,False
2023-06-22,1015,4.5,False
2023-06-22,1016,17.5,False
2023-06-22,1017,4.5,False
2023-06-22,1018,20.5,False
2023-06-22,1019,9.5,False
2023-06-22,1020,16.5,False
2023-06-22,1021,20.5,False
2023-06-22,1022,2.5,False
2023-06-22,1023,3.0,False
2023-06-22,1024,12.0,False
2023-06-22,1025,3.5,False
2023-06-22,1026,11.0,False
2023-06-22,1027,18.5,False
2023-06-22,1028,16.5,False
2023-06-22,1029,2.5,False
2023-06-22,1030,1.0,False
2023-06-22,1031,8.5,False
2023-06-22,1032,54.5,False
2023-06-22,1033,49.0,False
2023-06-22,1034,42.5,False
2023-06-22,1035,4.0,False
2023-06-22,1036,0.0,False
2023-06-22,1037,27.0,False
2023-06-22,1038,0.0,False
2023-06-22,1039,7.5,False
2023-06-22,1040,4.5,False
2023-06-22,1041,0.0,False
2023-06-22,1042,0.5,False
2023-06-22,1043,8.5,False
2023-06-22,1044,31.0,False
2023-06-22,1045,2.5,False
2023-06-22,1046,9.0,False
2023-06-22,1047,65.5,False
2023-06-22,1048,13.5,False
2023-06-22,1049,47.0,False
2023-06-22,1050,71.5,False
2023-06-23,1001,4.0,False
2023-06-23,1002,4.0,False
2023-06-23,1003,32.0,False
2023-06-23,1004,4.5,False
2023-06-23,1005,1.0,False
2023-06-23,1006,8.5,False
2023-06-23,1007,6.0,False
2023-06-23,1008,5.5,False
2023-06-23,1009,12.0,False
2023-06-23,1010,27.0,False
2023-06-23,1011,11.0,False
2023-06-23,1012,9.0,False
2023-06-23,1013,4.0,False
2023-06-23,1014,4.5,False
2023-06-23,1015,5.0,False
2023-06-23,1016,5.0,False
2023-06-23,1017,6.5,False
2023-06-23,1018,5.0,False
2023-06-23,1019,3.5,False
2023-06-23,1020,4.0,False
2023-06-23,1021,5.5,False
2023-06-23,1022,5.0,False
2023-06-23,1023,2.0,False
2023-06-23,1024,7.0,False
2023-06-23,1025,2.5,False
2023-06-23,1026,4.0,False
2023-06-23,1027,11.0,False
2023-06-23,1028,7.0,False
2023-06-23,1029,3.0,False
2023-06-23,1030,4.0,False
2023-06-23,1031,7.5,False
2023-06-23,1032,16.0,False
2023-06-23,1033,9.0,False
2023-06-23,1034,12.5,False
2023-06-23,1035,4.0,False
2023-06-23,1036,0.5,False
2023-06-23,1037,5.5,False
2023-06-23,1038,3.0,False
2023-06-23,1039,10.5,False
2023-06-23,1040,3.0,False
2023-06-23,1041,0.5,False
2023-06-23,1042,0.5,False
2023-06-23,1043,1.5,False
2023-06-23,1044,16.5,False
2023-06-23,1045,8.0,False
2023-06-23,1046,3.5,False
2023-06-23,1047,11.5,False
2023-06-23,1048,2.0,False
2023-06-23,1049,6.0,False
2023-06-23,1050,3.0,False
2023-06-24,1001,4.5,False
2023-06-24,1002,3.5,False
2023-06-24,1003,0.0,False
2023-06-24,1004,0.0,False
2023-06-24,1005,0.0,False
2023-06-24,1006,0.0,False
2023-06-24,1007,0.0,False
2023-06-24,1008,0.5,False
2023-06-24,1009,0.0,False
2023-06-24,1010,0.0,False
2023-06-24,1011,0.0,False
2023-06-24,1012,0.0,False
2023-06-24,1013,0.0,False
2023-06-24,1014,0.0,False
2023-06-24,1015,0.0,False
2023-06-24,1016,0.0,False
2023-06-24,1017,0.0,False
2023-06-24,1018,0.0,False
2023-06-24,1019,16.0,False
2023-06-24,1020,2.0,False
2023-06-24,1021,6.5,False
2023-06-24,1022,1.0,False
2023-06-24,1023,14.0,False
2023-06-24,1024,0.0,False
2023-06-24,1025,7.5,False
2023-06-24,1026,0.0,False
2023-06-24,1027,0.0,False
2023-06-24,1028,0.0,False
2023-06-24,1029,12.5,False
2023-06-24,1030,0.0,False
2023-06-24,1031,0.0,False
2023-06-24,1032,0.0,False
2023-06-24,1033,0.0,False
2023-06-24,1034,0.0,False
2023-06-24,1035,3.0,False
2023-06-24,1036,2.0,False
2023-06-24,1037,0.0,False
2023-06-24,1038,0.0,False
2023-06-24,1039,0.0,False
2023-06-24,1040,12.0,False
2023-06-24,1041,4.0,False
2023-06-24,1042,9.5,False
2023-06-24,1043,0.0,False
2023-06-24,1044,0.0,False
2023-06-24,1045,0.0,False
2023-06-24,1046,0.0,False
2023-06-24,1047,0.0,False
2023-06-24,1048,20.0,False
2023-06-24,1049,0.0,False
2023-06-24,1050,13.5,False
2023-06-25,1001,0.5,False
2023-06-25,1002,0.0,False
2023-06-25,1003,22.5,False
2023-06-25,1004,0.0,False
2023-06-25,1005,5.5,False
2023-06-25,1006,0.0,False
2023-06-25,1007,0.0,False
2023-06-25,1008,0.0,False
2023-06-25,1009,0.0,False
2023-06-25,1010,0.0,False
2023-06-25,1011,0.0,False
2023-06-25,1012,0.0,False
2023-06-25,1013,0.0,False
2023-06-25,1014,0.0,False
2023-06-25,1015,0.0,False
2023-06-25,1016,0.0,False
2023-06-25,1017,0.0,False
2023-06-25,1018,0.0,False
2023-06-25,1019,0.0,False
2023-06-25,1020,0.0,False
2023-06-25,1021,0.0,False
2023-06-25,1022,0.0,False
2023-06-25,1023,0.0,False
2023-06-25,1024,0.0,False
2023-06-25,1025,0.0,False
2023-06-25,1026,0.0,False
2023-06-25,1027,0.0,False
2023-06-25,1028,0.0,False
2023-06-25,1029,0.5,False
2023-06-25,1030,0.0,False
2023-06-25,1031,0.0,False
2023-06-25,1032,0.0,False
2023-06-25,1033,0.0,False
2023-06-25,1034,0.0,False
2023-06-25,1035,0.0,False
2023-06-25,1036,0.0,False
2023-06-25,1037,0.0,False
2023-06-25,1038,0.0,False
2023-06-25,1039,0.0,False
2023-06-25,1040,0.0,False
2023-06-25,1041,3.0,False
2023-06-25,1042,1.0,False
2023-06-25,1043,0.5,False
2023-06-25,1044,0.0,False
2023-06-25,1045,0.5,False
2023-06-25,1046,2.5,False
2023-06-25,1047,0.0,False
2023-06-25,1048,0.0,False
2023-06-25,1049,0.0,False
2023-06-25,1050,0.5,False
2023-06-26,1001,0.0,False
2023-06-26,1002,0.0,False
2023-06-26,1003,0.5,False
2023-06-26,1004,0.0,False
2023-06-26,1005,0.0,False
2023-06-26,1006,3.0,False
2023-06-26,1007,0.0,False
2023-06-26,1008,0.0,False
2023-06-26,1009,0.0,False
2023-06-26,1010,4.5,False
2023-06-26,1011,6.0,False
2023-06-26,1012,0.0,False
2023-06-26,1013,0.0,False
2023-06-26,1014,0.0,False
2023-06-26,1015,0.0,False
2023-06-26,1016,0.0,False
2023-06-26,1017,0.0,False
2023-06-26,1018,0.0,False
2023-06-26,1019,0.0,False
2023-06-26,1020,0.0,False
2023-06-26,1021,0.0,False
2023-06-26,1022,0.0,False
2023-06-26,1023,0.0,False
2023-06-26,1024,0.0,False
2023-06-26,1025,0.0,False
2023-06-26,1026,0.0,False
2023-06-26,1027,9.0,False
2023-06-26,1028,0.0,False
2023-06-26,1029,0.0,False
2023-06-26,1030,0.0,False
2023-06-26,1031,0.0,False
2023-06-26,1032,7.5,False
2023-06-26,1033,0.0,False
2023-06-26,1034,0.0,False
2023-06-26,1035,0.0,False
2023-06-26,1036,0.0,False
2023-06-26,1037,0.0,False
2023-06-26,1038,0.0,False
2023-06-26,1039,0.0,False
2023-06-26,1040,0.0,False
2023-06-26,1041,0.0,False
2023-06-26,1042,0.0,False
2023-06-26,1043,0.0,False
2023-06-26,1044,26.0,False
2023-06-26,1045,0.0,False
2023-06-26,1046,0.0,False
2023-06-26,1047,0.0,False
2023-06-26,1048,0.5,False
2023-06-26,1049,0.0,False
2023-06-26,1050,0.0,False
2023-06-27,1001,0.0,False
2023-06-27,1002,0.0,False
2023-06-27,1003,0.5,False
2023-06-27,1004,0.0,False
2023-06-27,1005,0.0,False
2023-06-27,1006,0.0,False
2023-06-27,1007,0.0,False
2023-06-27,1008,0.0,False
2023-06-27,1009,0.0,False
2023-06-27,1010,0.0,False
2023-06-27,1011,0.0,False
2023-06-27,1012,0.0,False
2023-06-27,1013,0.0,False
2023-06-27,1014,0.0,False
2023-06-27,1015,0.0,False
2023-06-27,1016,0.0,False
2023-06-27,1017,0.0,False
2023-06-27,1018,0.0,False
2023-06-27,1019,0.0,False
2023-06-27,1020,0.0,False
2023-06-27,1021,0.0,False
2023-06-27,1022,0.0,False
2023-06-27,1023,0.0,False
2023-06-27,1024,0.0,False
2023-06-27,1025,0.0,False
2023-06-27,1026,0.0,False
2023-06-27,1027,0.0,False
2023-06-27,1028,0.0,False
2023-06-27,1029,0.0,False
2023-06-27,1030,0.0,False
2023-06-27,1031,0.0,False
2023-06-27,1032,0.0,False
2023-06-27,1033,0.0,False
2023-06-27,1034,0.0,False
2023-06-27,1035,0.0,False
2023-06-27,1036,0.0,False
2023-06-27,1037,0.0,False
2023-06-27,1038,0.0,False
2023-06-27,1039,0.0,False
2023-06-27,1040,0.0,False
2023-06-27,1041,0.0,False
2023-06-27,1042,0.0,False
2023-06-27,1043,0.0,False
2023-06-27,1044,0.0,False
2023-06-27,1045,0.0,False
2023-06-27,1046,0.0,False
2023-06-27,1047,0.0,False
2023-06-27,1048,0.0,False
2023-06-27,1049,0.0,False
2023-06-27,1050,0.0,False
2023-06-28,1001,0.5,False
2023-06-28,1002,0.0,False
2023-06-28,1003,0.0,False
2023-06-28,1004,0.0,False
2023-06-28,1005,0.0,False
2023-06-28,1006,0.0,False
2023-06-28,1007,0.0,False
2023-06-28,1008,0.0,False
2023-06-28,1009,0.0,False
2023-06-28,1010,0.0,False
2023-06-28,1011,0.0,False
2023-06-28,1012,0.0,False
2023-06-28,1013,0.0,False
2023-06-28,1014,0.0,False
2023-06-28,1015,0.0,False
2023-06-28,1016,0.0,False
2023-06-28,1017,0.0,False
2023-06-28,1018,0.0,False
2023-06-28,1019,0.0,False
2023-06-28,1020,0.0,False
2023-06-28,1021,0.0,False
2023-06-28,1022,0.0,False
2023-06-28,1023,7.5,False
2023-06-28,1024,0.0,False
2023-06-28,1025,0.0,False
2023-06-28,1026,0.0,False
2023-06-28,1027,0.0,False
2023-06-28,1028,0.0,False
2023-06-28,1029,0.0,False
2023-06-28,1030,0.0,False
2023-06-28,1031,0.0,False
2023-06-28,1032,0.0,False
2023-06-28,1033,0.0,False
2023-06-28,1034,0.0,False
2023-06-28,1035,0.0,False
2023-06-28,1036,0.0,False
2023-06-28,1037,0.0,False
2023-06-28,1038,0.0,False
2023-06-28,1039,0.0,False
2023-06-28,1040,12.5,False
2023-06-28,1041,0.0,False
2023-06-28,1042,0.0,False
2023-06-28,1043,0.0,False
2023-06-28,1044,0.0,False
2023-06-28,1045,0.0,False
2023-06-28,1046,0.0,False
2023-06-28,1047,0.0,False
2023-06-28,1048,7.5,False
2023-06-28,1049,0.0,False
2023-06-28,1050,10.5,False
2023-06-29,1001,11.5,False
2023-06-29,1002,5.0,False
2023-06-29,1003,0.5,False
2023-06-29,1004,13.0,False
2023-06-29,1005,35.0,False
2023-06-29,1006,7.5,False
2023-06-29,1007,13.0,False
2023-06-29,1008,14.0,False
2023-06-29,1009,3.0,False
2023-06-29,1010,0.0,False
2023-06-29,1011,0.0,False
2023-06-29,1012,0.0,False
2023-06-29,1013,12.5,False
2023-06-29,1014,7.0,False
2023-06-29,1015,10.5,False
2023-06-29,1016,13.0,False
2023-06-29,1017,10.0,False
2023-06-29,1018,10.5,False
2023-06-29,1019,2.0,False
2023-06-29,1020,12.5,False
2023-06-29,1021,11.0,False
2023-06-29,1022,19.5,False
2023-06-29,1023,10.0,False
2023-06-29,1024,0.0,False
2023-06-29,1025,2.0,False
2023-06-29,1026,5.5,False
2023-06-29,1027,25.0,False
2023-06-29,1028,16.5,False
2023-06-29,1029,4.0,False
2023-06-29,1030,19.5,False
2023-06-29,1031,0.0,False
2023-06-29,1032,0.0,False
2023-06-29,1033,6.0,False
2023-06-29,1034,5.0,False
2023-06-29,1035,3.5,False
2023-06-29,1036,32.0,False
2023-06-29,1037,16.5,False
2023-06-29,1038,17.0,False
2023-06-29,1039,9.0,False
2023-06-29,1040,2.5,False
2023-06-29,1041,93.5,False
2023-06-29,1042,46.5,False
2023-06-29,1043,0.5,False
2023-06-29,1044,14.5,False
2023-06-29,1045,5.0,False
2023-06-29,1046,0.5,False
2023-06-29,1047,0.5,False
2023-06-29,1048,1.5,False
2023-06-29,1049,2.0,False
2023-06-29,1050,27.5,False
2023-06-30,1001,0.0,False
2023-06-30,1002,0.0,False
2023-06-30,1003,1.0,False
2023-06-30,1004,0.0,False
2023-06-30,1005,2.5,False
2023-06-30,1006,0.0,False
2023-06-30,1007,0.5,False
2023-06-30,1008,0.0,False
2023-06-30,1009,0.5,False
2023-06-30,1010,0.0,False
2023-06-30,1011,0.0,False
2023-06-30,1012,0.0,False
2023-06-30,1013,0.0,False
2023-06-30,1014,0.5,False
2023-06-30,1015,0.0,False
2023-06-30,1016,0.0,False
2023-06-30,1017,0.0,False
2023-06-30,1018,0.0,False
2023-06-30,1019,0.0,False
2023-06-30,1020,0.0,False
2023-06-30,1021,0.5,False
2023-06-30,1022,0.5,False
2023-06-30,1023,0.0,False
2023-06-30,1024,0.0,False
2023-06-30,1025,0.0,False
2023-06-30,1026,0.0,False
2023-06-30,1027,0.0,False
2023-06-30,1028,0.5,False
2023-06-30,1029,0.0,False
2023-06-30,1030,7.5,False
2023-06-30,1031,0.0,False
2023-06-30,1032,0.0,False
2023-06-30,1033,0.0,False
2023-06-30,1034,0.0,False
2023-06-30,1035,0.0,False
2023-06-30,1036,0.0,False
2023-06-30,1037,0.0,False
2023-06-30,1038,0.0,False
2023-06-30,1039,0.0,False
2023-06-30,1040,0.0,False
2023-06-30,1041,5.0,False
2023-06-30,1042,0.0,False
2023-06-30,1043,0.0,False
2023-06-30,1044,0.0,False
2023-06-30,1045,0.0,False
2023-06-30,1046,0.0,False
2023-06-30,1047,0.0,False
2023-06-30,1048,0.0,False
2023-06-30,1049,0.0,False
2023-06-30,1050,0.0,False
2023-07-01,1001,1.5,False
2023-07-01,1002,0.0,False
2023-07-01,1003,38.5,False
2023-07-01,1004,3.5,False
2023-07-01,1005,0.0,False
2023-07-01,1006,3.0,False
2023-07-01,1007,1.0,False
2023-07-01,1008,1.0,False
2023-07-01,1009,17.5,False
2023-07-01,1010,44.5,False
2023-07-01,1011,29.0,False
2023-07-01,1012,0.0,False
2023-07-01,1013,1.5,False
2023-07-01,1014,3.0,False
2023-07-01,1015,8.0,False
2023-07-01,1016,5.5,False
2023-07-01,1017,7.0,False
2023-07-01,1018,8.0,False
2023-07-01,1019,0.0,False
2023-07-01,1020,2.5,False
2023-07-01,1021,0.5,False
2023-07-01,1022,11.0,False
2023-07-01,1023,0.0,False
2023-07-01,1024,0.0,False
2023-07-01,1025,0.0,False
2023-07-01,1026,11.5,False
2023-07-01,1027,0.0,False
2023-07-01,1028,3.0,False
2023-07-01,1029,0.0,False
2023-07-01,1030,0.0,False
2023-07-01,1031,4.5,False
2023-07-01,1032,4.5,False
2023-07-01,1033,22.0,False
2023-07-01,1034,0.0,False
2023-07-01,1035,12.0,False
2023-07-01,1036,0.0,False
2023-07-01,1037,10.5,False
2023-07-01,1038,6.0,False
2023-07-01,1039,17.0,False
2023-07-01,1040,12.5,False
2023-07-01,1041,0.0,False
2023-07-01,1042,6.5,False
2023-07-01,1043,17.5,False
2023-07-01,1044,12.0,False
2023-07-01,1045,1.5,False
2023-07-01,1046,25.0,False
2023-07-01,1047,12.5,False
2023-07-01,1048,0.0,False
2023-07-01,1049,0.0,False
2023-07-01,1050,1.5,False
2023-07-02,1001,1.5,False
2023-07-02,1002,8.0,False
2023-07-02,1003,18.0,False
2023-07-02,1004,0.5,False
2023-07-02,1005,23.5,False
2023-07-02,1006,46.5,False
2023-07-02,1007,2.0,False
2023-07-02,1008,2.5,False
2023-07-02,1009,3.0,False
2023-07-02,1010,46.5,False
2023-07-02,1011,25.5,False
2023-07-02,1012,0.5,False
2023-07-02,1013,0.5,False
2023-07-02,1014,11.5,False
2023-07-02,1015,0.0,False
2023-07-02,1016,0.5,False
2023-07-02,1017,9.5,False
2023-07-02,1018,0.0,False
2023-07-02,1019,3.0,False
2023-07-02,1020,0.0,False
2023-07-02,1021,0.5,False
2023-07-02,1022,0.5,False
2023-07-02,1023,0.0,False
2023-07-02,1024,0.0,False
2023-07-02,1025,3.0,False
2023-07-02,1026,2.0,False
2023-07-02,1027,44.0,False
2023-07-02,1028,0.0,False
2023-07-02,1029,11.0,False
2023-07-02,1030,9.5,False
2023-07-02,1031,0.0,False
2023-07-02,1032,46.5,False
2023-07-02,1033,3.5,False
2023-07-02,1034,18.0,False
2023-07-02,1035,0.0,False
2023-07-02,1036,25.0,False
2023-07-02,1037,5.0,False
2023-07-02,1038,2.0,False
2023-07-02,1039,4.5,False
2023-07-02,1040,0.0,False
2023-07-02,1041,53.0,False
2023-07-02,1042,50.5,False
2023-07-02,1043,32.5,False
2023-07-02,1044,24.5,False
2023-07-02,1045,3.0,False
2023-07-02,1046,15.5,False
2023-07-02,1047,4.5,False
2023-07-02,1048,0.0,False
2023-07-02,1049,0.0,False
2023-07-02,1050,0.0,False
2023-07-03,1001,8.5,False
2023-07-03,1002,7.5,False
2023-07-03,1003,7.0,False
2023-07-03,1004,9.0,False
2023-07-03,1005,5.0,False
2023-07-03,1006,6.0,False
2023-07-03,1007,12.0,False
2023-07-03,1008,7.5,False
2023-07-03,1009,4.5,False
2023-07-03,1010,8.5,False
2023-07-03,1011,8.0,False
2023-07-03,1012,8.5,False
2023-07-03,1013,14.0,False
2023-07-03,1014,14.5,False
2023-07-03,1015,13.0,False
2023-07-03,1016,8.0,False
2023-07-03,1017,6.5,False
2023-07-03,1018,13.5,False
2023-07-03,1019,19.0,False
2023-07-03,1020,12.5,False
2023-07-03,1021,18.0,False
2023-07-03,1022,17.5,False
2023-07-03,1023,14.0,False
2023-07-03,1024,11.0,False
2023-07-03,1025,9.0,False
2023-07-03,1026,13.5,False
2023-07-03,1027,3.5,False
2023-07-03,1028,8.0,False
2023-07-03,1029,9.0,False
2023-07-03,1030,7.5,False
2023-07-03,1031,15.0,False
2023-07-03,1032,6.0,False
2023-07-03,1033,9.5,False
2023-07-03,1034,3.0,False
2023-07-03,1035,11.5,False
2023-07-03,1036,13.0,False
2023-07-03,1037,14.5,False
2023-07-03,1038,7.0,False
2023-07-03,1039,9.0,False
2023-07-03,1040,27.0,False
2023-07-03,1041,12.5,False
2023-07-03,1042,15.5,False
2023-07-03,1043,2.0,False
2023-07-03,1044,16.0,False
2023-07-03,1045,7.0,False
2023-07-03,1046,3.0,False
2023-07-03,1047,7.0,False
2023-07-03,1048,9.5,False
2023-07-03,1049,13.5,False
2023-07-03,1050,9.5,False
2023-07-04,1001,2.0,False
2023-07-04,1002,3.0,False
2023-07-04,1003,8.5,False
2023-07-04,1004,14.0,False
2023-07-04,1005,6.0,False
2023-07-04,1006,3.0,False
2023-07-04,1007,13.0,False
2023-07-04,1008,9.5,False
2023-07-04,1009,7.5,False
2023-07-04,1010,4.5,False
2023-07-04,1011,9.0,False
2023-07-04,1012,11.5,False
2023-07-04,1013,12.5,False
2023-07-04,1014,14.5,False
2023-07-04,1015,6.0,False
2023-07-04,1016,1.5,False
2023-07-04,1017,12.0,False
2023-07-04,1018,14.5,False
2023-07-04,1019,2.5,False
2023-07-04,1020,2.0,False
2023-07-04,1021,1.5,False
2023-07-04,1022,2.5,False
2023-07-04,1023,0.5,False
2023-07-04,1024,11.0,False
2023-07-04,1025,2.0,False
2023-07-04,1026,13.5,False
2023-07-04,1027,0.0,False
2023-07-04,1028,18.5,False
2023-07-04,1029,4.0,False
2023-07-04,1030,14.5,False
2023-07-04,1031,15.5,False
2023-07-04,1032,9.5,False
2023-07-04,1033,11.0,False
2023-07-04,1034,8.0,False
2023-07-04,1035,5.5,False
2023-07-04,1036,1.0,False
2023-07-04,1037,13.0,False
2023-07-04,1038,9.5,False
2023-07-04,1039,8.0,False
2023-07-04,1040,6.5,False
2023-07-04,1041,1.0,False
2023-07-04,1042,19.0,False
2023-07-04,1043,7.5,False
2023-07-04,1044,4.5,False
2023-07-04,1045,7.0,False
2023-07-04,1046,4.0,False
2023-07-04,1047,11.0,False
2023-07-04,1048,0.5,False
2023-07-04,1049,7.5,False
2023-07-04,1050,1.5,False
2023-07-05,1001,0.5,False
2023-07-05,1002,0.0,False
2023-07-05,1003,1.0,False
2023-07-05,1004,1.0,False
2023-07-05,1005,1.5,False
2023-07-05,1006,0.0,False
2023-07-05,1007,0.0,False
2023-07-05,1008,0.0,False
2023-07-05,1009,1.0,False
2023-07-05,1010,0.5,False
2023-07-05,1011,0.0,False
2023-07-05,1012,3.5,False
2023-07-05,1013,0.0,False
2023-07-05,1014,0.0,False
2023-07-05,1015,7.0,False
2023-07-05,1016,2.0,False
2023-07-05,1017,0.0,False
2023-07-05,1018,7.5,False
2023-07-05,1019,0.5,False
2023-07-05,1020,0.0,False
2023-07-05,1021,1.0,False
2023-07-05,1022,3.5,False
2023-07-05,1023,0.0,False
2023-07-05,1024,5.0,False
2023-07-05,1025,0.0,False
2023-07-05,1026,0.5,False
2023-07-05,1027,0.0,False
2023-07-05,1028,3.5,False
2023-07-05,1029,0.5,False
2023-07-05,1030,1.0,False
2023-07-05,1031,7.0,False
2023-07-05,1032,0.5,False
2023-07-05,1033,1.0,False
2023-07-05,1034,1.0,False
2023-07-05,1035,0.5,False
2023-07-05,1036,1.0,False
2023-07-05,1037,0.5,False
2023-07-05,1038,0.0,False
2023-07-05,1039,0.5,False
2023-07-05,1040,0.5,False
2023-07-05,1041,0.5,False
2023-07-05,1042,3.5,False
2023-07-05,1043,0.5,False
2023-07-05,1044,0.0,False
2023-07-05,1045,0.5,False
2023-07-05,1046,1.5,False
2023-07-05,1047,0.5,False
2023-07-05,1048,6.5,False
2023-07-05,1049,0.0,False
2023-07-05,1050,0.0,False
2023-07-06,1001,13.0,False
2023-07-06,1002,37.5,False
2023-07-06,1003,29.0,False
2023-07-06,1004,2.5,False
2023-07-06,1005,49.0,False
2023-07-06,1006,42.0,False
2023-07-06,1007,2.0,False
2023-07-06,1008,2.0,False
2023-07-06,1009,0.5,False
2023-07-06,1010,28.5,False
2023-07-06,1011,40.0,False
2023-07-06,1012,0.5,False
2023-07-06,1013,5.0,False
2023-07-06,1014,48.0,False
2023-07-06,1015,1.5,False
2023-07-06,1016,4.5,False
2023-07-06,1017,21.0,False
2023-07-06,1018,5.0,False
2023-07-06,1019,23.0,False
2023-07-06,1020,14.5,False
2023-07-06,1021,5.0,False
2023-07-06,1022,11.0,False
2023-07-06,1023,2.0,False
2023-07-06,1024,0.0,False
2023-07-06,1025,44.5,False
2023-07-06,1026,9.0,False
2023-07-06,1027,0.0,False
2023-07-06,1028,0.5,False
2023-07-06,1029,68.0,False
2023-07-06,1030,76.5,False
2023-07-06,1031,0.5,False
2023-07-06,1032,25.5,False
2023-07-06,1033,1.5,False
2023-07-06,1034,5.0,False
2023-07-06,1035,0.0,False
2023-07-06,1036,38.0,False
2023-07-06,1037,4.0,False
2023-07-06,1038,37.0,False
2023-07-06,1039,4.5,False
2023-07-06,1040,6.0,False
2023-07-06,1041,45.0,False
2023-07-06,1042,59.5,False
2023-07-06,1043,20.0,False
2023-07-06,1044,63.0,False
2023-07-06,1045,23.5,False
2023-07-06,1046,52.5,False
2023-07-06,1047,0.0,False
2023-07-06,1048,6.0,False
2023-07-06,1049,0.5,False
2023-07-06,1050,0.0,False
2023-07-07,1001,0.0,False
2023-07-07,1002,0.5,False
2023-07-07,1003,0.5,False
2023-07-07,1004,0.0,False
2023-07-07,1005,1.0,False
2023-07-07,1006,0.0,False
2023-07-07,1007,0.0,False
2023-07-07,1008,0.0,False
2023-07-07,1009,0.0,False
2023-07-07,1010,0.0,False
2023-07-07,1011,0.5,False
2023-07-07,1012,0.0,False
2023-07-07,1013,0.0,False
2023-07-07,1014,0.5,False
2023-07-07,1015,0.0,False
2023-07-07,1016,0.0,False
2023-07-07,1017,0.5,False
2023-07-07,1018,0.0,False
2023-07-07,1019,0.0,False
2023-07-07,1020,0.5,False
2023-07-07,1021,0.0,False
2023-07-07,1022,0.5,False
2023-07-07,1023,0.0,False
2023-07-07,1024,0.0,False
2023-07-07,1025,0.0,False
2023-07-07,1026,0.0,False
2023-07-07,1027,0.0,False
2023-07-07,1028,0.0,False
2023-07-07,1029,0.5,False
2023-07-07,1030,0.5,False
2023-07-07,1031,0.0,False
2023-07-07,1032,0.5,False
2023-07-07,1033,0.0,False
2023-07-07,1034,0.0,False
2023-07-07,1035,0.0,False
2023-07-07,1036,8.5,False
2023-07-07,1037,0.0,False
2023-07-07,1038,0.0,False
2023-07-07,1039,0.5,False
2023-07-07,1040,0.0,False
2023-07-07,1041,12.0,False
2023-07-07,1042,20.0,False
2023-07-07,1043,0.0,False
2023-07-07,1044,0.0,False
2023-07-07,1045,0.5,False
2023-07-07,1046,0.5,False
2023-07-07,1047,0.0,False
2023-07-07,1048,0.5,False
2023-07-07,1049,0.5,False
2023-07-07,1050,0.5,False
2023-07-08,1001,0.0,False
2023-07-08,1002,2.0,False
2023-07-08,1003,14.0,False
2023-07-08,1004,0.0,False
2023-07-08,1005,0.0,False
2023-07-08,1006,0.0,False
2023-07-08,1007,0.0,False
2023-07-08,1008,0.5,False
2023-07-08,1009,0.0,False
2023-07-08,1010,5.0,False
2023-07-08,1011,0.0,False
2023-07-08,1012,0.0,False
2023-07-08,1013,0.0,False
2023-07-08,1014,4.0,False
2023-07-08,1015,0.0,False
2023-07-08,1016,0.0,False
2023-07-08,1017,0.0,False
2023-07-08,1018,0.0,False
2023-07-08,1019,0.0,False
2023-07-08,1020,0.0,False
2023-07-08,1021,0.0,False
2023-07-08,1022,0.0,False
2023-07-08,1023,0.0,False
2023-07-08,1024,0.0,False
2023-07-08,1025,0.0,False
2023-07-08,1026,0.0,False
2023-07-08,1027,0.0,False
2023-07-08,1028,0.0,False
2023-07-08,1029,0.0,False
2023-07-08,1030,0.0,False
2023-07-08,1031,0.0,False
2023-07-08,1032,0.0,False
2023-07-08,1033,0.0,False
2023-07-08,1034,0.0,False
2023-07-08,1035,0.0,False
2023-07-08,1036,0.0,False
2023-07-08,1037,1.0,False
2023-07-08,1038,0.0,False
2023-07-08,1039,0.0,False
2023-07-08,1040,0.0,False
2023-07-08,1041,0.0,False
2023-07-08,1042,10.5,False
2023-07-08,1043,0.0,False
2023-07-08,1044,0.0,False
2023-07-08,1045,0.0,False
2023-07-08,1046,28.5,False
2023-07-08,1047,0.0,False
2023-07-08,1048,0.0,False
2023-07-08,1049,0.0,False
2023-07-08,1050,0.0,False
2023-07-09,1001,23.0,False
2023-07-09,1002,16.5,False
2023-07-09,1003,1.5,False
2023-07-09,1004,2.0,False
2023-07-09,1005,11.0,False
2023-07-09,1006,0.0,False
2023-07-09,1007,3.0,False
2023-07-09,1008,20.5,False
2023-07-09,1009,0.0,False
2023-07-09,1010,22.5,False
2023-07-09,1011,11.5,False
2023-07-09,1012,0.0,False
2023-07-09,1013,4.5,False
2023-07-09,1014,5.5,False
2023-07-09,1015,7.0,False
2023-07-09,1016,6.0,False
2023-07-09,1017,1.5,False
2023-07-09,1018,3.0,False
2023-07-09,1019,8.0,False
2023-07-09,1020,5.5,False
2023-07-09,1021,16.0,False
2023-07-09,1022,8.5,False
2023-07-09,1023,3.5,False
2023-07-09,1024,0.5,False
2023-07-09,1025,9.5,False
2023-07-09,1026,2.0,False
2023-07-09,1027,1.0,False
2023-07-09,1028,3.0,False
2023-07-09,1029,5.5,False
2023-07-09,1030,6.0,False
2023-07-09,1031,1.5,False
2023-07-09,1032,3.5,False
2023-07-09,1033,0.0,False
2023-07-09,1034,0.5,False
2023-07-09,1035,13.0,False
2023-07-09,1036,11.5,False
2023-07-09,1037,1.5,False
2023-07-09,1038,3.5,False
2023-07-09,1039,1.5,False
2023-07-09,1040,5.5,False
2023-07-09,1041,20.5,False
2023-07-09,1042,0.0,False
2023-07-09,1043,1.5,False
2023-07-09,1044,11.0,False
2023-07-09,1045,1.0,False
2023-07-09,1046,12.5,False
2023-07-09,1047,0.0,False
2023-07-09,1048,0.0,False
2023-07-09,1049,0.0,False
2023-07-09,1050,1.5,False
2023-07-10,1001,12.0,False
2023-07-10,1002,20.0,False
2023-07-10,1003,36.5,False
2023-07-10,1004,24.5,False
2023-07-10,1005,19.0,False
2023-07-10,1006,16.0,False
2023-07-10,1007,13.0,False
2023-07-10,1008,10.5,False
2023-07-10,1009,29.5,False
2023-07-10,1010,11.5,False
2023-07-10,1011,15.5,False
2023-07-10,1012,58.0,False
2023-07-10,1013,21.0,False
2023-07-10,1014,26.5,False
2023-07-10,1015,24.5,False
2023-07-10,1016,17.5,False
2023-07-10,1017,9.5,False
2023-07-10,1018,34.0,False
2023-07-10,1019,5.0,False
2023-07-10,1020,8.0,False
2023-07-10,1021,48.5,False
2023-07-10,1022,19.0,False
2023-07-10,1023,10.0,False
2023-07-10,1024,44.0,False
2023-07-10,1025,35.0,False
2023-07-10,1026,24.0,False
2023-07-10,1027,0.5,False
2023-07-10,1028,37.5,False
2023-07-10,1029,17.5,False
2023-07-10,1030,13.0,False
2023-07-10,1031,41.5,False
2023-07-10,1032,13.5,False
2023-07-10,1033,40.0,False
2023-07-10,1034,12.0,False
2023-07-10,1035,33.0,False
2023-07-10,1036,20.5,False
2023-07-10,1037,19.5,False
2023-07-10,1038,5.5,False
2023-07-10,1039,11.5,False
2023-07-10,1040,22.0,False
2023-07-10,1041,35.0,False
2023-07-10,1042,20.0,False
2023-07-10,1043,4.5,False
2023-07-10,1044,20.5,False
2023-07-10,1045,7.0,False
2023-07-10,1046,14.0,False
2023-07-10,1047,34.5,False
2023-07-10,1048,5.0,False
2023-07-10,1049,36.0,False
2023-07-10,1050,12.5,False
2023-07-11,1001,21.0,False
2023-07-11,1002,30.0,False
2023-07-11,1003,1.0,False
2023-07-11,1004,42.0,False
2023-07-11,1005,6.5,False
2023-07-11,1006,11.5,False
2023-07-11,1007,40.0,False
2023-07-11,1008,34.0,False
2023-07-11,1009,10.0,False
2023-07-11,1010,5.5,False
2023-07-11,1011,8.0,False
2023-07-11,1012,18.0,False
2023-07-11,1013,33.0,False
2023-07-11,1014,42.5,False
2023-07-11,1015,19.5,False
2023-07-11,1016,17.5,False
2023-07-11,1017,20.0,False
2023-07-11,1018,29.5,False
2023-07-11,1019,25.5,False
2023-07-11,1020,17.0,False
2023-07-11,1021,36.5,False
2023-07-11,1022,20.0,False
2023-07-11,1023,22.5,False
2023-07-11,1024,26.5,False
2023-07-11,1025,22.5,False
2023-07-11,1026,25.5,False
2023-07-11,1027,6.0,False
2023-07-11,1028,30.5,False
2023-07-11,1029,29.0,False
2023-07-11,1030,39.5,False
2023-07-11,1031,35.0,False
2023-07-11,1032,9.5,False
2023-07-11,1033,14.0,False
2023-07-11,1034,13.5,False
2023-07-11,1035,23.5,False
2023-07-11,1036,2.0,False
2023-07-11,1037,41.5,False
2023-07-11,1038,1.5,False
2023-07-11,1039,13.0,False
2023-07-11,1040,24.5,False
2023-07-11,1041,9.0,False
2023-07-11,1042,3.5,False
2023-07-11,1043,5.0,False
2023-07-11,1044,7.0,False
2023-07-11,1045,6.0,False
2023-07-11,1046,2.0,False
2023-07-11,1047,10.5,False
2023-07-11,1048,26.5,False
2023-07-11,1049,12.5,False
2023-07-11,1050,41.0,False
2023-07-12,1001,9.0,False
2023-07-12,1002,10.5,False
2023-07-12,1003,7.0,False
2023-07-12,1004,11.5,False
2023-07-12,1005,4.0,False
2023-07-12,1006,27.0,False
2023-07-12,1007,11.5,False
2023-07-12,1008,14.5,False
2023-07-12,1009,11.0,False
2023-07-12,1010,10.5,False
2023-07-12,1011,8.5,False
2023-07-12,1012,5.5,False
2023-07-12,1013,15.5,False
2023-07-12,1014,29.0,False
2023-07-12,1015,12.0,False
2023-07-12,1016,7.0,False
2023-07-12,1017,42.0,False
2023-07-12,1018,14.5,False
2023-07-12,1019,11.0,False
2023-07-12,1020,10.5,False
2023-07-12,1021,6.0,False
2023-07-12,1022,23.0,False
2023-07-12,1023,13.5,False
2023-07-12,1024,6.5,False
2023-07-12,1025,7.0,False
2023-07-12,1026,40.0,False
2023-07-12,1027,8.0,False
2023-07-12,1028,7.5,False
2023-07-12,1029,9.0,False
2023-07-12,1030,33.0,False
2023-07-12,1031,8.0,False
2023-07-12,1032,29.0,False
2023-07-12,1033,23.0,False
2023-07-12,1034,25.0,False
2023-07-12,1035,9.0,False
2023-07-12,1036,1.5,False
2023-07-12,1037,31.5,False
2023-07-12,1038,25.0,False
2023-07-12,1039,24.0,False
2023-07-12,1040,38.0,False
2023-07-12,1041,8.0,False
2023-07-12,1042,17.0,False
2023-07-12,1043,25.5,False
2023-07-12,1044,18.0,False
2023-07-12,1045,21.0,False
2023-07-12,1046,15.0,False
2023-07-12,1047,12.5,False
2023-07-12,1048,5.0,False
2023-07-12,1049,5.5,False
2023-07-12,1050,9.0,False
2023-07-13,1001,0.0,False
2023-07-13,1002,0.0,False
2023-07-13,1003,0.0,False
2023-07-13,1004,0.0,False
2023-07-13,1005,0.0,False
2023-07-13,1006,0.0,False
2023-07-13,1007,0.0,False
2023-07-13,1008,0.0,False
2023-07-13,1009,0.0,False
2023-07-13,1010,0.0,False
2023-07-13,1011,0.0,False
2023-07-13,1012,0.0,False
2023-07-13,1013,0.0,False
2023-07-13,1014,0.0,False
2023-07-13,1015,0.0,False
2023-07-13,1016,0.0,False
2023-07-13,1017,0.0,False
2023-07-13,1018,0.0,False
2023-07-13,1019,0.0,False
2023-07-13,1020,0.0,False
2023-07-13,1021,0.0,False
2023-07-13,1022,0.0,False
2023-07-13,1023,0.0,False
2023-07-13,1024,0.0,False
2023-07-13,1025,0.0,False
2023-07-13,1026,0.0,False
2023-07-13,1027,0.5,False
2023-07-13,1028,0.0,False
2023-07-13,1029,0.0,False
2023-07-13,1030,0.0,False
2023-07-13,1031,0.0,False
2023-07-13,1032,0.0,False
2023-07-13,1033,0.0,False
2023-07-13,1034,0.0,False
2023-07-13,1035,0.0,False
2023-07-13,1036,0.0,False
2023-07-13,1037,0.0,False
2023-07-13,1038,0.0,False
2023-07-13,1039,0.0,False
2023-07-13,1040,0.0,False
2023-07-13,1041,0.0,False
2023-07-13,1042,0.0,False
2023-07-13,1043,0.0,False
2023-07-13,1044,0.0,False
2023-07-13,1045,0.0,False
2023-07-13,1046,0.0,False
2023-07-13,1047,0.0,False
2023-07-13,1048,0.0,False
2023-07-13,1049,0.0,False
2023-07-13,1050,0.0,False
2023-07-14,1001,1.0,False
2023-07-14,1002,1.0,False
2023-07-14,1003,20.5,False
2023-07-14,1004,0.0,False
2023-07-14,1005,1.5,False
2023-07-14,1006,0.0,False
2023-07-14,1007,1.0,False
2023-07-14,1008,3.0,False
2023-07-14,1009,6.0,False
2023-07-14,1010,0.0,False
2023-07-14,1011,1.0,False
2023-07-14,1012,8.5,False
2023-07-14,1013,0.0,False
2023-07-14,1014,1.0,False
2023-07-14,1015,9.5,False
2023-07-14,1016,1.0,False
2023-07-14,1017,0.5,False
2023-07-14,1018,2.5,False
2023-07-14,1019,2.0,False
2023-07-14,1020,0.5,False
2023-07-14,1021,0.0,False
2023-07-14,1022,5.0,False
2023-07-14,1023,0.0,False
2023-07-14,1024,5.0,False
2023-07-14,1025,0.0,False
2023-07-14,1026,0.0,False
2023-07-14,1027,0.0,False
2023-07-14,1028,1.0,False
2023-07-14,1029,0.5,False
2023-07-14,1030,2.0,False
2023-07-14,1031,8.0,False
2023-07-14,1032,0.0,False
2023-07-14,1033,0.5,False
2023-07-14,1034,0.0,False
2023-07-14,1035,8.0,False
2023-07-14,1036,1.5,False
2023-07-14,1037,0.0,False
2023-07-14,1038,1.0,False
2023-07-14,1039,1.5,False
2023-07-14,1040,2.5,False
2023-07-14,1041,8.0,False
2023-07-14,1042,0.0,False
2023-07-14,1043,1.0,False
2023-07-14,1044,0.0,False
2023-07-14,1045,0.0,False
2023-07-14,1046,0.5,False
2023-07-14,1047,7.5,False
2023-07-14,1048,0.0,False
2023-07-14,1049,18.0,False
2023-07-14,1050,0.0,False
2023-07-15,1001,0.0,False
2023-07-15,1002,0.0,False
2023-07-15,1003,0.5,False
2023-07-15,1004,0.0,False
2023-07-15,1005,0.0,False
2023-07-15,1006,0.0,False
2023-07-15,1007,0.0,False
2023-07-15,1008,0.0,False
2023-07-15,1009,0.0,False
2023-07-15,1010,0.0,False
2023-07-15,1011,0.0,False
2023-07-15,1012,0.5,False
2023-07-15,1013,0.0,False
2023-07-15,1014,0.0,False
2023-07-15,1015,1.0,False
2023-07-15,1016,0.0,False
2023-07-15,1017,0.0,False
2023-07-15,1018,0.0,False
2023-07-15,1019,0.5,False
2023-07-15,1020,0.0,False
2023-07-15,1021,0.0,False
2023-07-15,1022,0.0,False
2023-07-15,1023,0.0,False
2023-07-15,1024,0.0,False
2023-07-15,1025,0.0,False
2023-07-15,1026,0.0,False
2023-07-15,1027,0.0,False
2023-07-15,1028,0.0,False
2023-07-15,1029,0.0,False
2023-07-15,1030,0.0,False
2023-07-15,1031,0.0,False
2023-07-15,1032,0.0,False
2023-07-15,1033,0.5,False
2023-07-15,1034,0.0,False
2023-07-15,1035,0.0,False
2023-07-15,1036,0.0,False
2023-07-15,1037,0.0,False
2023-07-15,1038,0.0,False
2023-07-15,1039,0.0,False
2023-07-15,1040,0.5,False
2023-07-15,1041,0.0,False
2023-07-15,1042,0.0,False
2023-07-15,1043,0.0,False
2023-07-15,1044,0.0,False
2023-07-15,1045,0.0,False
2023-07-15,1046,0.0,False
2023-07-15,1047,0.5,False
2023-07-15,1048,0.0,False
2023-07-15,1049,0.0,False
2023-07-15,1050,0.0,False
2023-07-16,1001,0.5,False
2023-07-16,1002,0.0,False
2023-07-16,1003,0.0,False
2023-07-16,1004,0.0,False
2023-07-16,1005,0.0,False
2023-07-16,1006,0.0,False
2023-07-16,1007,0.0,False
2023-07-16,1008,0.0,False
2023-07-16,1009,0.0,False
2023-07-16,1010,0.0,False
2023-07-16,1011,0.0,False
2023-07-16,1012,0.0,False
2023-07-16,1013,0.0,False
2023-07-16,1014,0.0,False
2023-07-16,1015,0.0,False
2023-07-16,1016,0.0,False
2023-07-16,1017,0.0,False
2023-07-16,1018,0.0,False
2023-07-16,1019,0.0,False
2023-07-16,1020,0.0,False
2023-07-16,1021,0.0,False
2023-07-16,1022,0.0,False
2023-07-16,1023,0.0,False
2023-07-16,1024,0.0,False
2023-07-16,1025,0.0,False
2023-07-16,1026,0.0,False
2023-07-16,1027,0.0,False
2023-07-16,1028,0.0,False
2023-07-16,1029,0.0,False
2023-07-16,1030,0.0,False
2023-07-16,1031,0.0,False
2023-07-16,1032,0.0,False
2023-07-16,1033,0.0,False
2023-07-16,1034,0.0,False
2023-07-16,1035,0.0,False
2023-07-16,1036,0.0,False
2023-07-16,1037,0.0,False
2023-07-16,1038,0.0,False
2023-07-16,1039,0.0,False
2023-07-16,1040,0.0,False
2023-07-16,1041,0.0,False
2023-07-16,1042,0.0,False
2023-07-16,1043,0.0,False
2023-07-16,1044,0.0,False
2023-07-16,1045,0.0,False
2023-07-16,1046,0.0,False
2023-07-16,1047,0.0,False
2023-07-16,1048,0.0,False
2023-07-16,1049,0.5,False
2023-07-16,1050,0.0,False
2023-07-17,1001,0.0,False
2023-07-17,1002,0.0,False
2023-07-17,1003,0.0,False
2023-07-17,1004,0.0,False
2023-07-17,1005,0.0,False
2023-07-17,1006,0.0,False
2023-07-17,1007,0.0,False
2023-07-17,1008,0.0,False
2023-07-17,1009,0.0,False
2023-07-17,1010,0.0,False
2023-07-17,1011,0.0,False
2023-07-17,1012,0.0,False
2023-07-17,1013,0.0,False
2023-07-17,1014,0.0,False
2023-07-17,1015,0.0,False
2023-07-17,1016,0.0,False
2023-07-17,1017,0.0,False
2023-07-17,1018,0.0,False
2023-07-17,1019,0.0,False
2023-07-17,1020,0.0,False
2023-07-17,1021,0.0,False
2023-07-17,1022,0.0,False
2023-07-17,1023,0.0,False
2023-07-17,1024,0.0,False
2023-07-17,1025,0.0,False
2023-07-17,1026,0.0,False
2023-07-17,1027,0.0,False
2023-07-17,1028,0.0,False
2023-07-17,1029,0.0,False
2023-07-17,1030,0.0,False
2023-07-17,1031,0.0,False
2023-07-17,1032,0.0,False
2023-07-17,1033,0.0,False
2023-07-17,1034,0.0,False
2023-07-17,1035,0.0,False
2023-07-17,1036,0.0,False
2023-07-17,1037,0.0,False
2023-07-17,1038,0.0,False
2023-07-17,1039,0.0,False
2023-07-17,1040,0.0,False
2023-07-17,1041,0.0,False
2023-07-17,1042,0.0,False
2023-07-17,1043,0.0,False
2023-07-17,1044,0.0,False
2023-07-17,1045,0.0,False
2023-07-17,1046,0.0,False
2023-07-17,1047,0.0,False
2023-07-17,1048,0.5,False
2023-07-17,1049,0.0,False
2023-07-17,1050,0.0,False
2023-07-18,1001,0.0,False
2023-07-18,1002,0.0,False
2023-07-18,1003,0.0,False
2023-07-18,1004,0.0,False
2023-07-18,1005,0.0,False
2023-07-18,1006,0.0,False
2023-07-18,1007,0.0,False
2023-07-18,1008,0.0,False
2023-07-18,1009,0.5,False
2023-07-18,1010,0.0,False
2023-07-18,1011,0.0,False
2023-07-18,1012,1.0,False
2023-07-18,1013,0.0,False
2023-07-18,1014,0.0,False
2023-07-18,1015,0.5,False
2023-07-18,1016,0.0,False
2023-07-18,1017,0.0,False
2023-07-18,1018,0.5,False
2023-07-18,1019,0.0,False
2023-07-18,1020,0.0,False
2023-07-18,1021,0.0,False
2023-07-18,1022,0.0,False
2023-07-18,1023,0.0,False
2023-07-18,1024,1.0,False
2023-07-18,1025,0.0,False
2023-07-18,1026,0.0,False
2023-07-18,1027,0.0,False
2023-07-18,1028,0.0,False
2023-07-18,1029,0.0,False
2023-07-18,1030,0.0,False
2023-07-18,1031,1.0,False
2023-07-18,1032,0.0,False
2023-07-18,1033,0.0,False
2023-07-18,1034,0.0,False
2023-07-18,1035,1.5,False
2023-07-18,1036,0.0,False
2023-07-18,1037,0.0,False
2023-07-18,1038,0.0,False
2023-07-18,1039,0.0,False
2023-07-18,1040,0.5,False
2023-07-18,1041,0.0,False
2023-07-18,1042,0.0,False
2023-07-18,1043,0.0,False
2023-07-18,1044,0.0,False
2023-07-18,1045,0.0,False
2023-07-18,1046,0.5,False
2023-07-18,1047,0.5,False
2023-07-18,1048,0.0,False
2023-07-18,1049,0.0,False
2023-07-18,1050,0.0,False
2023-07-19,1001,0.0,False
2023-07-19,1002,0.0,False
2023-07-19,1003,0.0,False
2023-07-19,1004,0.0,False
2023-07-19,1005,0.0,False
2023-07-19,1006,0.0,False
2023-07-19,1007,0.0,False
2023-07-19,1008,0.0,False
2023-07-19,1009,0.0,False
2023-07-19,1010,0.0,False
2023-07-19,1011,0.0,False
2023-07-19,1012,0.0,False
2023-07-19,1013,0.0,False
2023-07-19,1014,0.0,False
2023-07-19,1015,0.0,False
2023-07-19,1016,0.0,False
2023-07-19,1017,0.0,False
2023-07-19,1018,0.0,False
2023-07-19,1019,0.0,False
2023-07-19,1020,0.0,False
2023-07-19,1021,0.0,False
2023-07-19,1022,0.0,False
2023-07-19,1023,0.0,False
2023-07-19,1024,0.0,False
2023-07-19,1025,0.0,False
2023-07-19,1026,0.0,False
2023-07-19,1027,0.0,False
2023-07-19,1028,0.0,False
2023-07-19,1029,0.0,False
2023-07-19,1030,0.0,False
2023-07-19,1031,0.0,False
2023-07-19,1032,0.0,False
2023-07-19,1033,0.0,False
2023-07-19,1034,0.0,False
2023-07-19,1035,0.0,False
2023-07-19,1036,0.0,False
2023-07-19,1037,0.0,False
2023-07-19,1038,0.0,False
2023-07-19,1039,0.0,False
2023-07-19,1040,0.0,False
2023-07-19,1041,0.0,False
2023-07-19,1042,0.0,False
2023-07-19,1043,0.0,False
2023-07-19,1044,0.0,False
2023-07-19,1045,0.0,False
2023-07-19,1046,0.0,False
2023-07-19,1047,0.0,False
2023-07-19,1048,0.0,False
2023-07-19,1049,0.0,False
2023-07-19,1050,0.0,False
2023-07-20,1001,0.0,False
2023-07-20,1002,0.0,False
2023-07-20,1003,0.0,False
2023-07-20,1004,0.0,False
2023-07-20,1005,0.0,False
2023-07-20,1006,0.0,False
2023-07-20,1007,0.0,False
2023-07-20,1008,0.0,False
2023-07-20,1009,0.0,False
2023-07-20,1010,0.0,False
2023-07-20,1011,0.5,False
2023-07-20,1012,0.0,False
2023-07-20,1013,0.0,False
2023-07-20,1014,0.0,False
2023-07-20,1015,0.0,False
2023-07-20,1016,0.0,False
2023-07-20,1017,0.0,False
2023-07-20,1018,0.0,False
2023-07-20,1019,0.0,False
2023-07-20,1020,0.0,False
2023-07-20,1021,1.0,False
2023-07-20,1022,0.0,False
2023-07-20,1023,0.0,False
2023-07-20,1024,0.0,False
2023-07-20,1025,0.0,False
2023-07-20,1026,0.0,False
2023-07-20,1027,0.0,False
2023-07-20,1028,0.0,False
2023-07-20,1029,0.0,False
2023-07-20,1030,0.0,False
2023-07-20,1031,0.0,False
2023-07-20,1032,0.0,False
2023-07-20,1033,0.0,False
2023-07-20,1034,0.0,False
2023-07-20,1035,0.0,False
2023-07-20,1036,0.0,False
2023-07-20,1037,0.0,False
2023-07-20,1038,0.0,False
2023-07-20,1039,0.0,False
2023-07-20,1040,0.0,False
2023-07-20,1041,0.0,False
2023-07-20,1042,0.0,False
2023-07-20,1043,0.0,False
2023-07-20,1044,0.0,False
2023-07-20,1045,0.0,False
2023-07-20,1046,0.0,False
2023-07-20,1047,0.0,False
2023-07-20,1048,0.0,False
2023-07-20,1049,0.0,False
2023-07-20,1050,0.0,False
2023-07-21,1001,10.0,False
2023-07-21,1002,19.0,False
2023-07-21,1003,24.0,False
2023-07-21,1004,17.0,False
2023-07-21,1005,5.0,False
2023-07-21,1006,61.5,False
2023-07-21,1007,16.0,False
2023-07-21,1008,10.0,False
2023-07-21,1009,34.0,False
2023-07-21,1010,44.5,False
2023-07-21,1011,26.0,False
2023-07-21,1012,14.0,False
2023-07-21,1013,11.5,False
2023-07-21,1014,35.5,False
2023-07-21,1015,10.0,False
2023-07-21,1016,7.0,False
2023-07-21,1017,34.5,False
2023-07-21,1018,11.5,False
2023-07-21,1019,9.0,False
2023-07-21,1020,7.5,False
2023-07-21,1021,5.5,False
2023-07-21,1022,6.5,False
2023-07-21,1023,3.0,False
2023-07-21,1024,10.5,False
2023-07-21,1025,15.5,False
2023-07-21,1026,28.5,False
2023-07-21,1027,55.0,False
2023-07-21,1028,16.0,False
2023-07-21,1029,36.0,False
2023-07-21,1030,45.0,False
2023-07-21,1031,10.0,False
2023-07-21,1032,37.0,False
2023-07-21,1033,21.5,False
2023-07-21,1034,33.5,False
2023-07-21,1035,6.0,False
2023-07-21,1036,2.5,False
2023-07-21,1037,24.0,False
2023-07-21,1038,18.0,False
2023-07-21,1039,32.5,False
2023-07-21,1040,3.0,False
2023-07-21,1041,2.0,False
2023-07-21,1042,1.0,False
2023-07-21,1043,2.5,False
2023-07-21,1044,57.5,False
2023-07-21,1045,48.5,False
2023-07-21,1046,13.5,False
2023-07-21,1047,31.0,False
2023-07-21,1048,2.0,False
2023-07-21,1049,5.0,False
2023-07-21,1050,3.0,False
2023-07-22,1001,9.0,False
2023-07-22,1002,22.0,False
2023-07-22,1003,22.0,False
2023-07-22,1004,5.0,False
2023-07-22,1005,11.0,False
2023-07-22,1006,4.0,False
2023-07-22,1007,5.0,False
2023-07-22,1008,8.0,False
2023-07-22,1009,22.0,False
2023-07-22,1010,29.5,False
2023-07-22,1011,33.5,False
2023-07-22,1012,10.5,False
2023-07-22,1013,4.0,False
2023-07-22,1014,35.0,False
2023-07-22,1015,5.0,False
2023-07-22,1016,3.0,False
2023-07-22,1017,8.0,False
2023-07-22,1018,5.0,False
2023-07-22,1019,4.5,False
2023-07-22,1020,4.0,False
2023-07-22,1021,0.0,False
2023-07-22,1022,3.0,False
2023-07-22,1023,0.0,False
2023-07-22,1024,1.5,False
2023-07-22,1025,16.0,False
2023-07-22,1026,18.5,False
2023-07-22,1027,2.5,False
2023-07-22,1028,10.0,False
2023-07-22,1029,22.5,False
2023-07-22,1030,47.0,False
2023-07-22,1031,4.5,False
2023-07-22,1032,25.0,False
2023-07-22,1033,31.5,False
2023-07-22,1034,44.5,False
2023-07-22,1035,0.5,False
2023-07-22,1036,4.0,False
2023-07-22,1037,8.5,False
2023-07-22,1038,11.5,False
2023-07-22,1039,10.0,False
2023-07-22,1040,0.0,False
2023-07-22,1041,6.5,False
2023-07-22,1042,8.5,False
2023-07-22,1043,4.5,False
2023-07-22,1044,11.0,False
2023-07-22,1045,6.5,False
2023-07-22,1046,26.5,False
2023-07-22,1047,19.5,False
2023-07-22,1048,2.0,False
2023-07-22,1049,0.0,False
2023-07-22,1050,0.5,False
2023-07-23,1001,35.0,False
2023-07-23,1002,46.5,False
2023-07-23,1003,40.0,False
2023-07-23,1004,36.5,False
2023-07-23,1005,84.0,False
2023-07-23,1006,83.5,False
2023-07-23,1007,31.5,False
2023-07-23,1008,28.5,False
2023-07-23,1009,111.0,False
2023-07-23,1010,41.0,False
2023-07-23,1011,15.5,False
2023-07-23,1012,61.0,False
2023-07-23,1013,33.0,False
2023-07-23,1014,61.5,False
2023-07-23,1015,23.5,False
2023-07-23,1016,25.0,False
2023-07-23,1017,76.0,False
2023-07-23,1018,30.0,False
2023-07-23,1019,45.5,False
2023-07-23,1020,24.0,False
2023-07-23,1021,12.5,False
2023-07-23,1022,29.0,False
2023-07-23,1023,18.5,False
2023-07-23,1024,32.5,False
2023-07-23,1025,50.5,False
2023-07-23,1026,50.5,False
2023-07-23,1027,62.5,False
2023-07-23,1028,42.5,False
2023-07-23,1029,69.0,False
2023-07-23,1030,94.5,False
2023-07-23,1031,31.0,False
2023-07-23,1032,50.5,False
2023-07-23,1033,103.0,False
2023-07-23,1034,67.5,False
2023-07-23,1035,17.5,False
2023-07-23,1036,16.0,False
2023-07-23,1037,40.5,False
2023-07-23,1038,24.5,False
2023-07-23,1039,87.0,False
2023-07-23,1040,29.0,False
2023-07-23,1041,66.5,False
2023-07-23,1042,50.0,False
2023-07-23,1043,64.5,False
2023-07-23,1044,77.0,False
2023-07-23,1045,89.5,False
2023-07-23,1046,77.0,False
2023-07-23,1047,64.5,False
2023-07-23,1048,35.0,False
2023-07-23,1049,18.5,False
2023-07-23,1050,9.5,False
2023-07-24,1001,84.0,False
2023-07-24,1002,45.5,False
2023-07-24,1003,38.0,False
2023-07-24,1004,18.0,False
2023-07-24,1005,17.0,False
2023-07-24,1006,10.5,False
2023-07-24,1007,69.5,False
2023-07-24,1008,76.0,False
2023-07-24,1009,18.0,False
2023-07-24,1010,40.0,False
2023-07-24,1011,100.0,False
2023-07-24,1012,9.0,False
2023-07-24,1013,20.0,False
2023-07-24,1014,51.0,False
2023-07-24,1015,14.0,False
2023-07-24,1016,46.5,False
2023-07-24,1017,23.0,False
2023-07-24,1018,15.0,False
2023-07-24,1019,80.5,False
2023-07-24,1020,56.5,False
2023-07-24,1021,26.0,False
2023-07-24,1022,42.0,False
2023-07-24,1023,34.5,False
2023-07-24,1024,14.0,False
2023-07-24,1025,33.5,False
2023-07-24,1026,53.0,False
2023-07-24,1027,7.5,False
2023-07-24,1028,10.0,False
2023-07-24,1029,59.0,False
2023-07-24,1030,34.5,False
2023-07-24,1031,17.0,False
2023-07-24,1032,60.0,False
2023-07-24,1033,36.5,False
2023-07-24,1034,42.5,False
2023-07-24,1035,14.0,False
2023-07-24,1036,3.0,False
2023-07-24,1037,71.5,False
2023-07-24,1038,0.0,False
2023-07-24,1039,23.0,False
2023-07-24,1040,35.0,False
2023-07-24,1041,5.0,False
2023-07-24,1042,4.0,False
2023-07-24,1043,4.0,False
2023-07-24,1044,21.5,False
2023-07-24,1045,19.5,False
2023-07-24,1046,7.0,False
2023-07-24,1047,10.0,False
2023-07-24,1048,37.0,False
2023-07-24,1049,16.5,False
2023-07-24,1050,17.0,False
2023-07-25,1001,0.0,False
2023-07-25,1002,0.5,False
2023-07-25,1003,3.0,False
2023-07-25,1004,0.5,False
2023-07-25,1005,1.0,False
2023-07-25,1006,1.0,False
2023-07-25,1007,0.5,False
2023-07-25,1008,0.0,False
2023-07-25,1009,1.0,False
2023-07-25,1010,1.5,False
2023-07-25,1011,0.5,False
2023-07-25,1012,0.5,False
2023-07-25,1013,0.5,False
2023-07-25,1014,0.5,False
2023-07-25,1015,0.5,False
2023-07-25,1016,0.5,False
2023-07-25,1017,0.5,False
2023-07-25,1018,0.5,False
2023-07-25,1019,0.0,False
2023-07-25,1020,0.5,False
2023-07-25,1021,1.0,False
2023-07-25,1022,0.5,False
2023-07-25,1023,0.5,False
2023-07-25,1024,0.5,False
2023-07-25,1025,0.0,False
2023-07-25,1026,0.0,False
2023-07-25,1027,1.0,False
2023-07-25,1028,0.5,False
2023-07-25,1029,1.5,False
2023-07-25,1030,0.5,False
2023-07-25,1031,0.5,False
2023-07-25,1032,0.5,False
2023-07-25,1033,0.5,False
2023-07-25,1034,0.5,False
2023-07-25,1035,0.5,False
2023-07-25,1036,1.0,False
2023-07-25,1037,0.5,False
2023-07-25,1038,0.0,False
2023-07-25,1039,0.5,False
2023-07-25,1040,0.5,False
2023-07-25,1041,0.5,False
2023-07-25,1042,2.0,False
2023-07-25,1043,0.5,False
2023-07-25,1044,1.0,False
2023-07-25,1045,1.0,False
2023-07-25,1046,2.0,False
2023-07-25,1047,0.5,False
2023-07-25,1048,0.5,False
2023-07-25,1049,1.0,False
2023-07-25,1050,1.0,False
2023-07-26,1001,0.0,False
2023-07-26,1002,0.0,False
2023-07-26,1003,9.5,False
2023-07-26,1004,0.0,False
2023-07-26,1005,0.5,False
2023-07-26,1006,0.0,False
2023-07-26,1007,0.0,False
2023-07-26,1008,0.0,False
2023-07-26,1009,0.0,False
2023-07-26,1010,9.0,False
2023-07-26,1011,0.0,False
2023-07-26,1012,0.0,False
2023-07-26,1013,0.0,False
2023-07-26,1014,0.0,False
2023-07-26,1015,0.0,False
2023-07-26,1016,0.0,False
2023-07-26,1017,0.0,False
2023-07-26,1018,0.0,False
2023-07-26,1019,0.0,False
2023-07-26,1020,0.0,False
2023-07-26,1021,0.0,False
2023-07-26,1022,0.0,False
2023-07-26,1023,0.0,False
2023-07-26,1024,0.0,False
2023-07-26,1025,0.0,False
2023-07-26,1026,0.0,False
2023-07-26,1027,0.5,False
2023-07-26,1028,0.0,False
2023-07-26,1029,0.0,False
2023-07-26,1030,0.5,False
2023-07-26,1031,0.0,False
2023-07-26,1032,0.0,False
2023-07-26,1033,0.0,False
2023-07-26,1034,0.0,False
2023-07-26,1035,0.0,False
2023-07-26,1036,0.0,False
2023-07-26,1037,0.0,False
2023-07-26,1038,1.5,False
2023-07-26,1039,0.0,False
2023-07-26,1040,2.5,False
2023-07-26,1041,0.5,False
2023-07-26,1042,0.5,False
2023-07-26,1043,2.5,False
2023-07-26,1044,1.0,False
2023-07-26,1045,0.0,False
2023-07-26,1046,0.5,False
2023-07-26,1047,0.0,False
2023-07-26,1048,0.0,False
2023-07-26,1049,3.0,False
2023-07-26,1050,1.0,False
2023-07-27,1001,0.0,False
2023-07-27,1002,0.0,False
2023-07-27,1003,0.5,False
2023-07-27,1004,0.0,False
2023-07-27,1005,0.0,False
2023-07-27,1006,0.0,False
2023-07-27,1007,0.0,False
2023-07-27,1008,0.0,False
2023-07-27,1009,0.0,False
2023-07-27,1010,0.5,False
2023-07-27,1011,0.0,False
2023-07-27,1012,1.0,False
2023-07-27,1013,0.0,False
2023-07-27,1014,0.0,False
2023-07-27,1015,0.0,False
2023-07-27,1016,0.0,False
2023-07-27,1017,0.0,False
2023-07-27,1018,0.0,False
2023-07-27,1019,0.0,False
2023-07-27,1020,0.0,False
2023-07-27,1021,0.0,False
2023-07-27,1022,0.0,False
2023-07-27,1023,0.0,False
2023-07-27,1024,0.0,False
2023-07-27,1025,0.0,False
2023-07-27,1026,0.0,False
2023-07-27,1027,0.0,False
2023-07-27,1028,0.0,False
2023-07-27,1029,0.0,False
2023-07-27,1030,0.0,False
2023-07-27,1031,0.0,False
2023-07-27,1032,0.0,False
2023-07-27,1033,0.0,False
2023-07-27,1034,0.0,False
2023-07-27,1035,0.0,False
2023-07-27,1036,0.0,False
2023-07-27,1037,0.0,False
2023-07-27,1038,0.0,False
2023-07-27,1039,0.0,False
2023-07-27,1040,0.5,False
2023-07-27,1041,0.0,False
2023-07-27,1042,0.0,False
2023-07-27,1043,0.0,False
2023-07-27,1044,0.0,False
2023-07-27,1045,0.0,False
2023-07-27,1046,0.5,False
2023-07-27,1047,0.0,False
2023-07-27,1048,0.0,False
2023-07-27,1049,0.0,False
2023-07-27,1050,0.0,False
2023-07-28,1001,0.0,False
2023-07-28,1002,0.0,False
2023-07-28,1003,0.0,False
2023-07-28,1004,0.0,False
2023-07-28,1005,0.0,False
2023-07-28,1006,0.0,False
2023-07-28,1007,0.0,False
2023-07-28,1008,0.0,False
2023-07-28,1009,0.0,False
2023-07-28,1010,0.0,False
2023-07-28,1011,0.0,False
2023-07-28,1012,0.0,False
2023-07-28,1013,0.0,False
2023-07-28,1014,0.0,False
2023-07-28,1015,0.0,False
2023-07-28,1016,0.0,False
2023-07-28,1017,0.0,False
2023-07-28,1018,0.0,False
2023-07-28,1019,0.0,False
2023-07-28,1020,0.0,False
2023-07-28,1021,0.0,False
2023-07-28,1022,0.0,False
2023-07-28,1023,0.0,False
2023-07-28,1024,0.0,False
2023-07-28,1025,0.0,False
2023-07-28,1026,0.0,False
2023-07-28,1027,0.0,False
2023-07-28,1028,0.0,False
2023-07-28,1029,0.0,False
2023-07-28,1030,0.0,False
2023-07-28,1031,0.0,False
2023-07-28,1032,0.0,False
2023-07-28,1033,0.0,False
2023-07-28,1034,0.0,False
2023-07-28,1035,0.0,False
2023-07-28,1036,0.0,False
2023-07-28,1037,0.0,False
2023-07-28,1038,0.0,False
2023-07-28,1039,0.0,False
2023-07-28,1040,0.5,False
2023-07-28,1041,0.0,False
2023-07-28,1042,0.0,False
2023-07-28,1043,0.0,False
2023-07-28,1044,0.0,False
2023-07-28,1045,0.0,False
2023-07-28,1046,0.0,False
2023-07-28,1047,0.0,False
2023-07-28,1048,0.0,False
2023-07-28,1049,0.0,False
2023-07-28,1050,0.0,False
2023-07-29,1001,0.0,False
2023-07-29,1002,0.0,False
2023-07-29,1003,0.0,False
2023-07-29,1004,0.0,False
2023-07-29,1005,0.0,False
2023-07-29,1006,0.0,False
2023-07-29,1007,0.0,False
2023-07-29,1008,0.0,False
2023-07-29,1009,0.0,False
2023-07-29,1010,0.0,False
2023-07-29,1011,0.0,False
2023-07-29,1012,0.0,False
2023-07-29,1013,0.0,False
2023-07-29,1014,0.0,False
2023-07-29,1015,0.0,False
2023-07-29,1016,0.0,False
2023-07-29,1017,0.0,False
2023-07-29,1018,0.0,False
2023-07-29,1019,0.0,False
2023-07-29,1020,0.0,False
2023-07-29,1021,0.0,False
2023-07-29,1022,0.0,False
2023-07-29,1023,0.0,False
2023-07-29,1024,0.0,False
2023-07-29,1025,0.0,False
2023-07-29,1026,0.0,False
2023-07-29,1027,0.0,False
2023-07-29,1028,0.0,False
2023-07-29,1029,0.0,False
2023-07-29,1030,0.0,False
2023-07-29,1031,0.0,False
2023-07-29,1032,0.0,False
2023-07-29,1033,0.0,False
2023-07-29,1034,0.0,False
2023-07-29,1035,0.0,False
2023-07-29,1036,0.0,False
2023-07-29,1037,0.0,False
2023-07-29,1038,0.0,False
2023-07-29,1039,0.0,False
2023-07-29,1040,0.5,False
2023-07-29,1041,0.0,False
2023-07-29,1042,0.0,False
2023-07-29,1043,0.0,False
2023-07-29,1044,0.0,False
2023-07-29,1045,0.0,False
2023-07-29,1046,0.0,False
2023-07-29,1047,0.0,False
2023-07-29,1048,0.0,False
2023-07-29,1049,0.0,False
2023-07-29,1050,0.0,False
2023-07-30,1001,0.0,False
2023-07-30,1002,0.0,False
2023-07-30,1003,0.0,False
2023-07-30,1004,0.0,False
2023-07-30,1005,0.0,False
2023-07-30,1006,0.0,False
2023-07-30,1007,0.0,False
2023-07-30,1008,0.0,False
2023-07-30,1009,0.0,False
2023-07-30,1010,0.0,False
2023-07-30,1011,0.0,False
2023-07-30,1012,0.0,False
2023-07-30,1013,0.0,False
2023-07-30,1014,0.0,False
2023-07-30,1015,0.0,False
2023-07-30,1016,0.0,False
2023-07-30,1017,0.0,False
2023-07-30,1018,0.0,False
2023-07-30,1019,0.0,False
2023-07-30,1020,0.0,False
2023-07-30,1021,0.0,False
2023-07-30,1022,0.0,False
2023-07-30,1023,0.0,False
2023-07-30,1024,0.0,False
2023-07-30,1025,0.0,False
2023-07-30,1026,0.0,False
2023-07-30,1027,0.0,False
2023-07-30,1028,0.0,False
2023-07-30,1029,0.0,False
2023-07-30,1030,0.0,False
2023-07-30,1031,0.0,False
2023-07-30,1032,0.0,False
2023-07-30,1033,0.0,False
2023-07-30,1034,0.0,False
2023-07-30,1035,0.0,False
2023-07-30,1036,0.0,False
2023-07-30,1037,0.0,False
2023-07-30,1038,0.0,False
2023-07-30,1039,0.0,False
2023-07-30,1040,0.5,False
2023-07-30,1041,0.0,False
2023-07-30,1042,0.0,False
2023-07-30,1043,0.0,False
2023-07-30,1044,0.0,False
2023-07-30,1045,0.0,False
2023-07-30,1046,0.0,False
2023-07-30,1047,0.0,False
2023-07-30,1048,0.0,False
2023-07-30,1049,0.0,False
2023-07-30,1050,0.0,False
2023-07-31,1001,0.0,False
2023-07-31,1002,3.5,False
2023-07-31,1003,13.5,False
2023-07-31,1004,0.0,False
2023-07-31,1005,4.0,False
2023-07-31,1006,1.0,False
2023-07-31,1007,0.0,False
2023-07-31,1008,0.0,False
2023-07-31,1009,0.0,False
2023-07-31,1010,10.5,False
2023-07-31,1011,0.0,False
2023-07-31,1012,0.0,False
2023-07-31,1013,0.0,False
2023-07-31,1014,0.0,False
2023-07-31,1015,0.0,False
2023-07-31,1016,0.0,False
2023-07-31,1017,0.5,False
2023-07-31,1018,0.0,False
2023-07-31,1019,2.0,False
2023-07-31,1020,0.0,False
2023-07-31,1021,0.0,False
2023-07-31,1022,0.0,False
2023-07-31,1023,0.0,False
2023-07-31,1024,0.0,False
2023-07-31,1025,2.0,False
2023-07-31,1026,0.0,False
2023-07-31,1027,2.5,False
2023-07-31,1028,0.0,False
2023-07-31,1029,3.5,False
2023-07-31,1030,3.0,False
2023-07-31,1031,0.0,False
2023-07-31,1032,0.0,False
2023-07-31,1033,0.0,False
2023-07-31,1034,0.0,False
2023-07-31,1035,0.0,False
2023-07-31,1036,1.0,False
2023-07-31,1037,0.0,False
2023-07-31,1038,0.5,False
2023-07-31,1039,0.0,False
2023-07-31,1040,0.5,False
2023-07-31,1041,1.5,False
2023-07-31,1042,3.0,False
2023-07-31,1043,0.0,False
2023-07-31,1044,6.5,False
2023-07-31,1045,0.5,False
2023-07-31,1046,5.5,False
2023-07-31,1047,0.0,False
2023-07-31,1048,2.0,False
2023-07-31,1049,0.0,False
2023-07-31,1050,0.0,False
2023-08-01,1001,1.5,False
2023-08-01,1002,1.5,False
2023-08-01,1003,3.5,False
2023-08-01,1004,0.5,False
2023-08-01,1005,1.0,False
2023-08-01,1006,1.0,False
2023-08-01,1007,1.0,False
2023-08-01,1008,1.5,False
2023-08-01,1009,0.0,False
2023-08-01,1010,1.0,False
2023-08-01,1011,0.0,False
2023-08-01,1012,0.0,False
2023-08-01,1013,1.5,False
2023-08-01,1014,2.0,False
2023-08-01,1015,1.0,False
2023-08-01,1016,1.0,False
2023-08-01,1017,2.0,False
2023-08-01,1018,0.5,False
2023-08-01,1019,2.0,False
2023-08-01,1020,1.5,False
2023-08-01,1021,0.0,False
2023-08-01,1022,1.5,False
2023-08-01,1023,1.0,False
2023-08-01,1024,0.0,False
2023-08-01,1025,1.0,False
2023-08-01,1026,2.0,False
2023-08-01,1027,0.5,False
2023-08-01,1028,0.0,False
2023-08-01,1029,1.5,False
2023-08-01,1030,1.5,False
2023-08-01,1031,0.0,False
2023-08-01,1032,0.0,False
2023-08-01,1033,0.0,False
2023-08-01,1034,0.0,False
2023-08-01,1035,0.0,False
2023-08-01,1036,0.5,False
2023-08-01,1037,1.5,False
2023-08-01,1038,0.5,False
2023-08-01,1039,0.5,False
2023-08-01,1040,1.0,False
2023-08-01,1041,1.0,False
2023-08-01,1042,4.0,False
2023-08-01,1043,0.5,False
2023-08-01,1044,1.0,False
2023-08-01,1045,1.0,False
2023-08-01,1046,1.5,False
2023-08-01,1047,0.0,False
2023-08-01,1048,2.5,False
2023-08-01,1049,0.0,False
2023-08-01,1050,0.0,False
2023-08-02,1001,0.0,False
2023-08-02,1002,0.0,False
2023-08-02,1003,3.5,False
2023-08-02,1004,1.0,False
2023-08-02,1005,0.0,False
2023-08-02,1006,0.0,False
2023-08-02,1007,0.0,False
2023-08-02,1008,0.0,False
2023-08-02,1009,1.5,False
2023-08-02,1010,0.5,False
2023-08-02,1011,0.5,False
2023-08-02,1012,3.0,False
2023-08-02,1013,0.0,False
2023-08-02,1014,0.0,False
2023-08-02,1015,1.0,False
2023-08-02,1016,0.0,False
2023-08-02,1017,0.0,False
2023-08-02,1018,1.0,False
2023-08-02,1019,0.0,False
2023-08-02,1020,0.0,False
2023-08-02,1021,1.5,False
2023-08-02,1022,1.0,False
2023-08-02,1023,3.0,False
2023-08-02,1024,0.0,False
2023-08-02,1025,0.0,False
2023-08-02,1026,0.0,False
2023-08-02,1027,0.0,False
2023-08-02,1028,1.5,False
2023-08-02,1029,0.0,False
2023-08-02,1030,0.0,False
2023-08-02,1031,2.0,False
2023-08-02,1032,3.0,False
2023-08-02,1033,1.5,False
2023-08-02,1034,0.0,False
2023-08-02,1035,0.5,False
2023-08-02,1036,0.0,False
2023-08-02,1037,0.0,False
2023-08-02,1038,0.0,False
2023-08-02,1039,0.0,False
2023-08-02,1040,2.0,False
2023-08-02,1041,0.0,False
2023-08-02,1042,0.0,False
2023-08-02,1043,1.0,False
2023-08-02,1044,2.0,False
2023-08-02,1045,0.0,False
2023-08-02,1046,1.0,False
2023-08-02,1047,2.0,False
2023-08-02,1048,0.0,False
2023-08-02,1049,10.0,False
2023-08-02,1050,0.0,False
2023-08-03,1001,1.0,False
2023-08-03,1002,0.0,False
2023-08-03,1003,10.0,False
2023-08-03,1004,2.5,False
2023-08-03,1005,6.5,False
2023-08-03,1006,1.0,False
2023-08-03,1007,3.5,False
2023-08-03,1008,2.5,False
2023-08-03,1009,3.0,False
2023-08-03,1010,2.5,False
2023-08-03,1011,1.0,False
2023-08-03,1012,4.0,False
2023-08-03,1013,5.0,False
2023-08-03,1014,1.0,False
2023-08-03,1015,5.5,False
2023-08-03,1016,3.0,False
2023-08-03,1017,2.5,False
2023-08-03,1018,6.0,False
2023-08-03,1019,1.0,False
2023-08-03,1020,3.0,False
2023-08-03,1021,3.5,False
2023-08-03,1022,4.5,False
2023-08-03,1023,1.0,False
2023-08-03,1024,3.0,False
2023-08-03,1025,0.0,False
2023-08-03,1026,1.0,False
2023-08-03,1027,0.5,False
2023-08-03,1028,4.0,False
2023-08-03,1029,0.5,False
2023-08-03,1030,6.5,False
2023-08-03,1031,6.0,False
2023-08-03,1032,1.0,False
2023-08-03,1033,3.5,False
2023-08-03,1034,0.5,False
2023-08-03,1035,5.5,False
2023-08-03,1036,0.5,False
2023-08-03,1037,3.0,False
2023-08-03,1038,5.5,False
2023-08-03,1039,3.0,False
2023-08-03,1040,2.0,False
2023-08-03,1041,1.0,False
2023-08-03,1042,6.5,False
2023-08-03,1043,7.0,False
2023-08-03,1044,1.5,False
2023-08-03,1045,1.5,False
2023-08-03,1046,6.5,False
2023-08-03,1047,3.0,False
2023-08-03,1048,0.5,False
2023-08-03,1049,1.0,False
2023-08-03,1050,5.5,False
2023-08-04,1001,20.0,False
2023-08-04,1002,32.0,False
2023-08-04,1003,56.0,False
2023-08-04,1004,27.5,False
2023-08-04,1005,5.5,False
2023-08-04,1006,39.5,False
2023-08-04,1007,30.0,False
2023-08-04,1008,16.5,False
2023-08-04,1009,16.5,False
2023-08-04,1010,31.5,False
2023-08-04,1011,10.0,False
2023-08-04,1012,17.5,False
2023-08-04,1013,28.0,False
2023-08-04,1014,30.0,False
2023-08-04,1015,20.0,False
2023-08-04,1016,27.5,False
2023-08-04,1017,23.0,False
2023-08-04,1018,22.5,False
2023-08-04,1019,16.5,False
2023-08-04,1020,27.5,False
2023-08-04,1021,16.5,False
2023-08-04,1022,20.0,False
2023-08-04,1023,19.5,False
2023-08-04,1024,22.0,False
2023-08-04,1025,28.0,False
2023-08-04,1026,24.0,False
2023-08-04,1027,23.5,False
2023-08-04,1028,18.0,False
2023-08-04,1029,22.0,False
2023-08-04,1030,15.5,False
2023-08-04,1031,25.5,False
2023-08-04,1032,9.5,False
2023-08-04,1033,30.0,False
2023-08-04,1034,14.5,False
2023-08-04,1035,16.0,False
2023-08-04,1036,13.5,False
2023-08-04,1037,25.5,False
2023-08-04,1038,12.0,False
2023-08-04,1039,32.5,False
2023-08-04,1040,19.5,False
2023-08-04,1041,8.5,False
2023-08-04,1042,27.5,False
2023-08-04,1043,13.5,False
2023-08-04,1044,43.5,False
2023-08-04,1045,30.5,False
2023-08-04,1046,14.5,False
2023-08-04,1047,21.0,False
2023-08-04,1048,15.5,False
2023-08-04,1049,19.0,False
2023-08-04,1050,9.5,False
2023-08-05,1001,0.5,False
2023-08-05,1002,0.0,False
2023-08-05,1003,10.0,False
2023-08-05,1004,0.0,False
2023-08-05,1005,5.0,False
2023-08-05,1006,0.0,False
2023-08-05,1007,0.0,False
2023-08-05,1008,0.5,False
2023-08-05,1009,1.0,False
2023-08-05,1010,20.0,False
2023-08-05,1011,0.5,False
2023-08-05,1012,1.0,False
2023-08-05,1013,0.0,False
2023-08-05,1014,0.0,False
2023-08-05,1015,0.0,False
2023-08-05,1016,0.5,False
2023-08-05,1017,0.0,False
2023-08-05,1018,0.0,False
2023-08-05,1019,0.0,False
2023-08-05,1020,0.0,False
2023-08-05,1021,5.0,False
2023-08-05,1022,0.5,False
2023-08-05,1023,0.5,False
2023-08-05,1024,1.5,False
2023-08-05,1025,0.0,False
2023-08-05,1026,0.0,False
2023-08-05,1027,0.5,False
2023-08-05,1028,0.5,False
2023-08-05,1029,0.5,False
2023-08-05,1030,0.0,False
2023-08-05,1031,0.0,False
2023-08-05,1032,0.5,False
2023-08-05,1033,0.0,False
2023-08-05,1034,1.0,False
2023-08-05,1035,0.5,False
2023-08-05,1036,2.0,False
2023-08-05,1037,0.0,False
2023-08-05,1038,0.0,False
2023-08-05,1039,0.0,False
2023-08-05,1040,0.5,False
2023-08-05,1041,6.5,False
2023-08-05,1042,5.0,False
2023-08-05,1043,4.0,False
2023-08-05,1044,3.5,False
2023-08-05,1045,0.5,False
2023-08-05,1046,6.0,False
2023-08-05,1047,1.5,False
2023-08-05,1048,0.5,False
2023-08-05,1049,2.0,False
2023-08-05,1050,0.5,False
2023-08-06,1001,0.0,False
2023-08-06,1002,0.0,False
2023-08-06,1003,0.0,False
2023-08-06,1004,0.5,False
2023-08-06,1005,1.0,False
2023-08-06,1006,0.0,False
2023-08-06,1007,0.0,False
2023-08-06,1008,0.0,False
2023-08-06,1009,0.0,False
2023-08-06,1010,0.0,False
2023-08-06,1011,0.0,False
2023-08-06,1012,0.0,False
2023-08-06,1013,1.0,False
2023-08-06,1014,0.0,False
2023-08-06,1015,1.0,False
2023-08-06,1016,1.0,False
2023-08-06,1017,0.0,False
2023-08-06,1018,0.5,False
2023-08-06,1019,0.0,False
2023-08-06,1020,0.0,False
2023-08-06,1021,0.0,False
2023-08-06,1022,1.5,False
2023-08-06,1023,0.5,False
2023-08-06,1024,0.0,False
2023-08-06,1025,0.0,False
2023-08-06,1026,0.0,False
2023-08-06,1027,0.0,False
2023-08-06,1028,0.0,False
2023-08-06,1029,0.0,False
2023-08-06,1030,0.0,False
2023-08-06,1031,0.0,False
2023-08-06,1032,0.0,False
2023-08-06,1033,0.5,False
2023-08-06,1034,0.0,False
2023-08-06,1035,0.0,False
2023-08-06,1036,0.0,False
2023-08-06,1037,0.0,False
2023-08-06,1038,0.0,False
2023-08-06,1039,0.5,False
2023-08-06,1040,0.5,False
2023-08-06,1041,0.5,False
2023-08-06,1042,0.0,False
2023-08-06,1043,0.0,False
2023-08-06,1044,0.0,False
2023-08-06,1045,0.0,False
2023-08-06,1046,0.5,False
2023-08-06,1047,0.0,False
2023-08-06,1048,0.0,False
2023-08-06,1049,0.5,False
2023-08-06,1050,0.0,False
2023-08-07,1001,3.5,False
2023-08-07,1002,2.5,False
2023-08-07,1003,9.5,False
2023-08-07,1004,0.5,False
2023-08-07,1005,0.0,False
2023-08-07,1006,0.0,False
2023-08-07,1007,0.5,False
2023-08-07,1008,0.5,False
2023-08-07,1009,0.0,False
2023-08-07,1010,0.0,False
2023-08-07,1011,0.0,False
2023-08-07,1012,0.5,False
2023-08-07,1013,0.5,False
2023-08-07,1014,1.5,False
2023-08-07,1015,0.0,False
2023-08-07,1016,0.5,False
2023-08-07,1017,0.5,False
2023-08-07,1018,0.0,False
2023-08-07,1019,4.0,False
2023-08-07,1020,4.0,False
2023-08-07,1021,0.5,False
2023-08-07,1022,4.0,False
2023-08-07,1023,6.0,False
2023-08-07,1024,0.0,False
2023-08-07,1025,0.0,False
2023-08-07,1026,0.0,False
2023-08-07,1027,1.0,False
2023-08-07,1028,0.0,False
2023-08-07,1029,0.5,False
2023-08-07,1030,2.5,False
2023-08-07,1031,0.0,False
2023-08-07,1032,0.0,False
2023-08-07,1033,0.0,False
2023-08-07,1034,0.0,False
2023-08-07,1035,0.0,False
2023-08-07,1036,3.0,False
2023-08-07,1037,0.5,False
2023-08-07,1038,0.0,False
2023-08-07,1039,0.0,False
2023-08-07,1040,13.5,False
2023-08-07,1041,3.0,False
2023-08-07,1042,9.5,False
2023-08-07,1043,0.0,False
2023-08-07,1044,0.0,False
2023-08-07,1045,0.0,False
2023-08-07,1046,9.0,False
2023-08-07,1047,0.0,False
2023-08-07,1048,1.0,False
2023-08-07,1049,0.0,False
2023-08-07,1050,2.0,False
2023-08-08,1001,1.5,False
2023-08-08,1002,0.0,False
2023-08-08,1003,3.5,False
2023-08-08,1004,3.5,False
2023-08-08,1005,0.0,False
2023-08-08,1006,0.5,False
2023-08-08,1007,2.0,False
2023-08-08,1008,0.0,False
2023-08-08,1009,0.0,False
2023-08-08,1010,1.0,False
2023-08-08,1011,0.0,False
2023-08-08,1012,0.5,False
2023-08-08,1013,2.5,False
2023-08-08,1014,0.0,False
2023-08-08,1015,2.5,False
2023-08-08,1016,2.0,False
2023-08-08,1017,1.5,False
2023-08-08,1018,2.0,False
2023-08-08,1019,0.0,False
2023-08-08,1020,0.0,False
2023-08-08,1021,0.5,False
2023-08-08,1022,2.5,False
2023-08-08,1023,0.5,False
2023-08-08,1024,0.0,False
2023-08-08,1025,0.0,False
2023-08-08,1026,1.5,False
2023-08-08,1027,0.5,False
2023-08-08,1028,3.5,False
2023-08-08,1029,0.0,False
2023-08-08,1030,0.0,False
2023-08-08,1031,0.5,False
2023-08-08,1032,0.0,False
2023-08-08,1033,5.0,False
2023-08-08,1034,0.0,False
2023-08-08,1035,3.0,False
2023-08-08,1036,0.0,False
2023-08-08,1037,2.5,False
2023-08-08,1038,0.0,False
2023-08-08,1039,2.5,False
2023-08-08,1040,1.5,False
2023-08-08,1041,0.0,False
2023-08-08,1042,0.5,False
2023-08-08,1043,4.0,False
2023-08-08,1044,0.0,False
2023-08-08,1045,1.5,False
2023-08-08,1046,9.5,False
2023-08-08,1047,0.0,False
2023-08-08,1048,0.0,False
2023-08-08,1049,0.5,False
2023-08-08,1050,0.5,False
2023-08-09,1001,3.0,False
2023-08-09,1002,0.5,False
2023-08-09,1003,12.0,False
2023-08-09,1004,0.0,False
2023-08-09,1005,2.5,False
2023-08-09,1006,0.0,False
2023-08-09,1007,0.0,False
2023-08-09,1008,0.0,False
2023-08-09,1009,0.0,False
2023-08-09,1010,0.0,False
2023-08-09,1011,0.0,False
2023-08-09,1012,0.0,False
2023-08-09,1013,0.5,False
2023-08-09,1014,0.0,False
2023-08-09,1015,1.5,False
2023-08-09,1016,0.5,False
2023-08-09,1017,0.0,False
2023-08-09,1018,1.5,False
2023-08-09,1019,8.0,False
2023-08-09,1020,3.5,False
2023-08-09,1021,0.0,False
2023-08-09,1022,2.0,False
2023-08-09,1023,6.5,False
2023-08-09,1024,0.0,False
2023-08-09,1025,3.5,False
2023-08-09,1026,0.0,False
2023-08-09,1027,0.0,False
2023-08-09,1028,0.5,False
2023-08-09,1029,9.5,False
2023-08-09,1030,5.5,False
2023-08-09,1031,0.5,False
2023-08-09,1032,0.0,False
2023-08-09,1033,0.0,False
2023-08-09,1034,0.5,False
2023-08-09,1035,0.5,False
2023-08-09,1036,5.5,False
2023-08-09,1037,0.0,False
2023-08-09,1038,0.0,False
2023-08-09,1039,0.0,False
2023-08-09,1040,8.0,False
2023-08-09,1041,11.5,False
2023-08-09,1042,11.0,False
2023-08-09,1043,1.0,False
2023-08-09,1044,0.0,False
2023-08-09,1045,0.0,False
2023-08-09,1046,16.5,False
2023-08-09,1047,0.0,False
2023-08-09,1048,14.0,False
2023-08-09,1049,0.0,False
2023-08-09,1050,0.0,False
2023-08-10,1001,0.5,False
2023-08-10,1002,0.5,False
2023-08-10,1003,11.5,False
2023-08-10,1004,10.5,False
2023-08-10,1005,13.5,False
2023-08-10,1006,2.5,False
2023-08-10,1007,12.0,False
2023-08-10,1008,2.0,False
2023-08-10,1009,0.5,False
2023-08-10,1010,19.0,False
2023-08-10,1011,3.5,False
2023-08-10,1012,3.0,False
2023-08-10,1013,13.5,False
2023-08-10,1014,1.0,False
2023-08-10,1015,9.0,False
2023-08-10,1016,10.5,False
2023-08-10,1017,4.5,False
2023-08-10,1018,11.5,False
2023-08-10,1019,0.0,False
2023-08-10,1020,0.5,False
2023-08-10,1021,7.0,False
2023-08-10,1022,9.5,False
2023-08-10,1023,5.0,False
2023-08-10,1024,8.5,False
2023-08-10,1025,2.5,False
2023-08-10,1026,0.0,False
2023-08-10,1027,3.0,False
2023-08-10,1028,3.5,False
2023-08-10,1029,3.0,False
2023-08-10,1030,4.5,False
2023-08-10,1031,9.0,False
2023-08-10,1032,0.5,False
2023-08-10,1033,3.5,False
2023-08-10,1034,6.0,False
2023-08-10,1035,9.0,False
2023-08-10,1036,10.0,False
2023-08-10,1037,2.0,False
2023-08-10,1038,1.5,False
2023-08-10,1039,6.5,False
2023-08-10,1040,3.5,False
2023-08-10,1041,18.0,False
2023-08-10,1042,5.0,False
2023-08-10,1043,2.0,False
2023-08-10,1044,3.0,False
2023-08-10,1045,3.5,False
2023-08-10,1046,27.0,False
2023-08-10,1047,0.5,False
2023-08-10,1048,1.0,False
2023-08-10,1049,20.5,False
2023-08-10,1050,3.0,False
2023-08-11,1001,2.0,False
2023-08-11,1002,7.5,False
2023-08-11,1003,0.5,False
2023-08-11,1004,0.0,False
2023-08-11,1005,19.0,False
2023-08-11,1006,0.0,False
2023-08-11,1007,0.0,False
2023-08-11,1008,0.0,False
2023-08-11,1009,1.5,False
2023-08-11,1010,1.0,False
2023-08-11,1011,0.5,False
2023-08-11,1012,0.0,False
2023-08-11,1013,0.0,False
2023-08-11,1014,3.5,False
2023-08-11,1015,0.5,False
2023-08-11,1016,0.5,False
2023-08-11,1017,1.5,False
2023-08-11,1018,0.0,False
2023-08-11,1019,4.5,False
2023-08-11,1020,0.0,False
2023-08-11,1021,0.5,False
2023-08-11,1022,1.0,False
2023-08-11,1023,0.5,False
2023-08-11,1024,0.0,False
2023-08-11,1025,4.5,False
2023-08-11,1026,0.0,False
2023-08-11,1027,0.0,False
2023-08-11,1028,0.0,False
2023-08-11,1029,5.5,False
2023-08-11,1030,1.0,False
2023-08-11,1031,0.0,False
2023-08-11,1032,0.0,False
2023-08-11,1033,0.5,False
2023-08-11,1034,0.5,False
2023-08-11,1035,0.5,False
2023-08-11,1036,0.0,False
2023-08-11,1037,0.5,False
2023-08-11,1038,0.0,False
2023-08-11,1039,0.0,False
2023-08-11,1040,0.0,False
2023-08-11,1041,1.5,False
2023-08-11,1042,0.0,False
2023-08-11,1043,11.0,False
2023-08-11,1044,0.5,False
2023-08-11,1045,0.0,False
2023-08-11,1046,6.0,False
2023-08-11,1047,0.0,False
2023-08-11,1048,7.0,False
2023-08-11,1049,0.0,False
2023-08-11,1050,0.0,False
2023-08-12,1001,0.0,False
2023-08-12,1002,0.0,False
2023-08-12,1003,10.0,False
2023-08-12,1004,0.0,False
2023-08-12,1005,1.0,False
2023-08-12,1006,0.0,False
2023-08-12,1007,0.0,False
2023-08-12,1008,0.0,False
2023-08-12,1009,0.5,False
2023-08-12,1010,0.0,False
2023-08-12,1011,0.0,False
2023-08-12,1012,0.0,False
2023-08-12,1013,0.0,False
2023-08-12,1014,0.0,False
2023-08-12,1015,0.0,False
2023-08-12,1016,0.0,False
2023-08-12,1017,0.0,False
2023-08-12,1018,0.0,False
2023-08-12,1019,0.0,False
2023-08-12,1020,0.0,False
2023-08-12,1021,0.0,False
2023-08-12,1022,0.5,False
2023-08-12,1023,0.0,False
2023-08-12,1024,0.0,False
2023-08-12,1025,0.0,False
2023-08-12,1026,0.0,False
2023-08-12,1027,0.0,False
2023-08-12,1028,0.0,False
2023-08-12,1029,0.0,False
2023-08-12,1030,0.5,False
2023-08-12,1031,0.0,False
2023-08-12,1032,0.0,False
2023-08-12,1033,0.0,False
2023-08-12,1034,0.0,False
2023-08-12,1035,0.0,False
2023-08-12,1036,12.0,False
2023-08-12,1037,0.0,False
2023-08-12,1038,0.0,False
2023-08-12,1039,0.0,False
2023-08-12,1040,0.0,False
2023-08-12,1041,6.0,False
2023-08-12,1042,24.5,False
2023-08-12,1043,0.0,False
2023-08-12,1044,0.0,False
2023-08-12,1045,0.0,False
2023-08-12,1046,9.5,False
2023-08-12,1047,0.0,False
2023-08-12,1048,0.5,False
2023-08-12,1049,0.0,False
2023-08-12,1050,0.0,False
2023-08-13,1001,1.0,False
2023-08-13,1002,0.5,False
2023-08-13,1003,34.5,False
2023-08-13,1004,14.5,False
2023-08-13,1005,1.5,False
2023-08-13,1006,9.0,False
2023-08-13,1007,6.0,False
2023-08-13,1008,0.0,False
2023-08-13,1009,15.0,False
2023-08-13,1010,18.0,False
2023-08-13,1011,7.0,False
2023-08-13,1012,17.5,False
2023-08-13,1013,2.5,False
2023-08-13,1014,2.5,False
2023-08-13,1015,12.0,False
2023-08-13,1016,14.0,False
2023-08-13,1017,8.0,False
2023-08-13,1018,10.0,False
2023-08-13,1019,0.0,False
2023-08-13,1020,0.0,False
2023-08-13,1021,7.5,False
2023-08-13,1022,15.0,False
2023-08-13,1023,2.5,False
2023-08-13,1024,7.5,False
2023-08-13,1025,0.0,False
2023-08-13,1026,0.0,False
2023-08-13,1027,14.5,False
2023-08-13,1028,14.5,False
2023-08-13,1029,5.0,False
2023-08-13,1030,9.0,False
2023-08-13,1031,13.5,False
2023-08-13,1032,11.0,False
2023-08-13,1033,20.5,False
2023-08-13,1034,8.0,False
2023-08-13,1035,15.0,False
2023-08-13,1036,21.0,False
2023-08-13,1037,4.0,False
2023-08-13,1038,1.0,False
2023-08-13,1039,11.5,False
2023-08-13,1040,14.5,False
2023-08-13,1041,13.0,False
2023-08-13,1042,29.5,False
2023-08-13,1043,0.0,False
2023-08-13,1044,14.0,False
2023-08-13,1045,11.5,False
2023-08-13,1046,15.0,False
2023-08-13,1047,7.0,False
2023-08-13,1048,0.0,False
2023-08-13,1049,8.0,False
2023-08-13,1050,13.0,False
2023-08-14,1001,7.5,False
2023-08-14,1002,4.5,False
2023-08-14,1003,10.5,False
2023-08-14,1004,12.0,False
2023-08-14,1005,0.0,False
2023-08-14,1006,0.5,False
2023-08-14,1007,7.5,False
2023-08-14,1008,7.5,False
2023-08-14,1009,0.5,False
2023-08-14,1010,26.5,False
2023-08-14,1011,0.5,False
2023-08-14,1012,0.5,False
2023-08-14,1013,13.0,False
2023-08-14,1014,13.0,False
2023-08-14,1015,10.0,False
2023-08-14,1016,16.0,False
2023-08-14,1017,4.5,False
2023-08-14,1018,11.0,False
2023-08-14,1019,0.5,False
2023-08-14,1020,15.5,False
2023-08-14,1021,10.5,False
2023-08-14,1022,16.5,False
2023-08-14,1023,5.5,False
2023-08-14,1024,1.5,False
2023-08-14,1025,2.0,False
2023-08-14,1026,8.0,False
2023-08-14,1027,23.5,False
2023-08-14,1028,4.5,False
2023-08-14,1029,3.0,False
2023-08-14,1030,8.0,False
2023-08-14,1031,2.0,False
2023-08-14,1032,0.5,False
2023-08-14,1033,3.5,False
2023-08-14,1034,0.0,False
2023-08-14,1035,6.5,False
2023-08-14,1036,0.0,False
2023-08-14,1037,9.5,False
2023-08-14,1038,10.5,False
2023-08-14,1039,2.0,False
2023-08-14,1040,12.0,False
2023-08-14,1041,0.0,False
2023-08-14,1042,0.5,False
2023-08-14,1043,13.5,False
2023-08-14,1044,26.0,False
2023-08-14,1045,1.5,False
2023-08-14,1046,6.5,False
2023-08-14,1047,0.5,False
2023-08-14,1048,0.0,False
2023-08-14,1049,6.0,False
2023-08-14,1050,9.0,False
2023-08-16,1001,3.0,False
2023-08-16,1002,8.5,False
2023-08-16,1003,56.5,False
2023-08-16,1004,0.0,False
2023-08-16,1005,4.0,False
2023-08-16,1006,0.0,False
2023-08-16,1007,0.5,False
2023-08-16,1008,0.0,False
2023-08-16,1009,1.0,False
2023-08-16,1010,0.0,False
2023-08-16,1011,0.0,False
2023-08-16,1012,0.5,False
2023-08-16,1013,0.5,False
2023-08-16,1014,2.0,False
2023-08-16,1015,1.0,False
2023-08-16,1016,0.0,False
2023-08-16,1017,1.0,False
2023-08-16,1018,0.0,False
2023-08-16,1019,19.5,False
2023-08-16,1020,3.0,False
2023-08-16,1021,2.5,False
2023-08-16,1022,11.5,False
2023-08-16,1023,16.5,False
2023-08-16,1024,0.5,False
2023-08-16,1025,16.5,False
2023-08-16,1026,0.0,False
2023-08-16,1027,0.0,False
2023-08-16,1028,0.0,False
2023-08-16,1029,21.0,False
2023-08-16,1030,16.0,False
2023-08-16,1031,0.0,False
2023-08-16,1032,0.0,False
2023-08-16,1033,0.0,False
2023-08-16,1034,0.0,False
2023-08-16,1035,0.0,False
2023-08-16,1036,0.5,False
2023-08-16,1037,0.0,False
2023-08-16,1038,0.0,False
2023-08-16,1039,0.0,False
2023-08-16,1040,18.0,False
2023-08-16,1041,9.0,False
2023-08-16,1042,3.5,False
2023-08-16,1043,5.0,False
2023-08-16,1044,0.0,False
2023-08-16,1045,0.0,False
2023-08-16,1046,28.0,False
2023-08-16,1047,0.0,False
2023-08-16,1048,7.0,False
2023-08-16,1049,0.0,False
2023-08-16,1050,0.5,False
2023-08-17,1001,0.0,False
2023-08-17,1002,0.0,False
2023-08-17,1003,0.5,False
2023-08-17,1004,0.0,False
2023-08-17,1005,0.0,False
2023-08-17,1006,0.0,False
2023-08-17,1007,0.0,False
2023-08-17,1008,0.0,False
2023-08-17,1009,0.0,False
2023-08-17,1010,0.0,False
2023-08-17,1011,0.0,False
2023-08-17,1012,0.0,False
2023-08-17,1013,0.0,False
2023-08-17,1014,0.0,False
2023-08-17,1015,0.0,False
2023-08-17,1016,0.5,False
2023-08-17,1017,0.0,False
2023-08-17,1018,0.0,False
2023-08-17,1019,0.0,False
2023-08-17,1020,0.0,False
2023-08-17,1021,0.0,False
2023-08-17,1022,0.0,False
2023-08-17,1023,0.0,False
2023-08-17,1024,0.0,False
2023-08-17,1025,0.0,False
2023-08-17,1026,0.0,False
2023-08-17,1027,0.0,False
2023-08-17,1028,0.0,False
2023-08-17,1029,0.0,False
2023-08-17,1030,0.5,False
2023-08-17,1031,0.0,False
2023-08-17,1032,0.0,False
2023-08-17,1033,0.0,False
2023-08-17,1034,0.0,False
2023-08-17,1035,0.0,False
2023-08-17,1036,0.0,False
2023-08-17,1037,0.0,False
2023-08-17,1038,0.5,False
2023-08-17,1039,0.0,False
2023-08-17,1040,0.5,False
2023-08-17,1041,0.0,False
2023-08-17,1042,0.0,False
2023-08-17,1043,0.0,False
2023-08-17,1044,0.5,False
2023-08-17,1045,0.0,False
2023-08-17,1046,0.0,False
2023-08-17,1047,0.0,False
2023-08-17,1048,0.0,False
2023-08-17,1049,0.5,False
2023-08-17,1050,0.0,False
2023-08-18,1001,5.5,False
2023-08-18,1002,3.5,False
2023-08-18,1003,10.5,False
2023-08-18,1004,32.0,False
2023-08-18,1005,1.0,False
2023-08-18,1006,14.5,False
2023-08-18,1007,16.0,False
2023-08-18,1008,12.5,False
2023-08-18,1009,26.5,False
2023-08-18,1010,15.5,False
2023-08-18,1011,2.0,False
2023-08-18,1012,38.5,False
2023-08-18,1013,21.5,False
2023-08-18,1014,7.0,False
2023-08-18,1015,37.0,False
2023-08-18,1016,16.0,False
2023-08-18,1017,17.0,False
2023-08-18,1018,39.0,False
2023-08-18,1019,3.0,False
2023-08-18,1020,5.5,False
2023-08-18,1021,12.0,False
2023-08-18,1022,27.5,False
2023-08-18,1023,14.5,False
2023-08-18,1024,26.5,False
2023-08-18,1025,3.0,False
2023-08-18,1026,10.5,False
2023-08-18,1027,4.0,False
2023-08-18,1028,40.0,False
2023-08-18,1029,3.5,False
2023-08-18,1030,6.0,False
2023-08-18,1031,35.0,False
2023-08-18,1032,13.0,False
2023-08-18,1033,30.0,False
2023-08-18,1034,15.0,False
2023-08-18,1035,46.5,False
2023-08-18,1036,1.0,False
2023-08-18,1037,15.5,False
2023-08-18,1038,2.0,False
2023-08-18,1039,17.5,False
2023-08-18,1040,22.0,False
2023-08-18,1041,0.5,False
2023-08-18,1042,0.0,False
2023-08-18,1043,1.0,False
2023-08-18,1044,22.5,False
2023-08-18,1045,10.5,False
2023-08-18,1046,0.0,False
2023-08-18,1047,18.0,False
2023-08-18,1048,2.0,False
2023-08-18,1049,31.5,False
2023-08-18,1050,4.5,False
2023-08-19,1001,0.0,False
2023-08-19,1002,0.5,False
2023-08-19,1003,5.5,False
2023-08-19,1004,0.0,False
2023-08-19,1005,0.5,False
2023-08-19,1006,0.0,False
2023-08-19,1007,0.5,False
2023-08-19,1008,0.0,False
2023-08-19,1009,0.5,False
2023-08-19,1010,10.0,False
2023-08-19,1011,2.5,False
2023-08-19,1012,0.0,False
2023-08-19,1013,0.0,False
2023-08-19,1014,0.0,False
2023-08-19,1015,0.5,False
2023-08-19,1016,0.5,False
2023-08-19,1017,0.0,False
2023-08-19,1018,0.0,False
2023-08-19,1019,0.0,False
2023-08-19,1020,0.0,False
2023-08-19,1021,0.5,False
2023-08-19,1022,0.5,False
2023-08-19,1023,0.0,False
2023-08-19,1024,0.0,False
2023-08-19,1025,0.0,False
2023-08-19,1026,0.0,False
2023-08-19,1027,0.0,False
2023-08-19,1028,0.5,False
2023-08-19,1029,0.5,False
2023-08-19,1030,0.0,False
2023-08-19,1031,0.0,False
2023-08-19,1032,0.0,False
2023-08-19,1033,0.0,False
2023-08-19,1034,0.0,False
2023-08-19,1035,0.0,False
2023-08-19,1036,0.0,False
2023-08-19,1037,0.0,False
2023-08-19,1038,0.0,False
2023-08-19,1039,0.5,False
2023-08-19,1040,0.0,False
2023-08-19,1041,0.5,False
2023-08-19,1042,0.0,False
2023-08-19,1043,1.5,False
2023-08-19,1044,1.5,False
2023-08-19,1045,0.0,False
2023-08-19,1046,0.0,False
2023-08-19,1047,0.5,False
2023-08-19,1048,0.5,False
2023-08-19,1049,0.0,False
2023-08-19,1050,0.0,False
2023-08-20,1001,0.0,False
2023-08-20,1002,0.0,False
2023-08-20,1003,0.0,False
2023-08-20,1004,0.0,False
2023-08-20,1005,0.0,False
2023-08-20,1006,0.0,False
2023-08-20,1007,0.0,False
2023-08-20,1008,0.0,False
2023-08-20,1009,0.0,False
2023-08-20,1010,0.0,False
2023-08-20,1011,0.0,False
2023-08-20,1012,0.0,False
2023-08-20,1013,0.0,False
2023-08-20,1014,0.0,False
2023-08-20,1015,0.0,False
2023-08-20,1016,0.0,False
2023-08-20,1017,0.0,False
2023-08-20,1018,0.0,False
2023-08-20,1019,0.0,False
2023-08-20,1020,0.0,False
2023-08-20,1021,0.0,False
2023-08-20,1022,0.0,False
2023-08-20,1023,5.5,False
2023-08-20,1024,0.0,False
2023-08-20,1025,0.0,False
2023-08-20,1026,0.0,False
2023-08-20,1027,0.0,False
2023-08-20,1028,0.0,False
2023-08-20,1029,0.0,False
2023-08-20,1030,0.0,False
2023-08-20,1031,0.0,False
2023-08-20,1032,0.0,False
2023-08-20,1033,0.0,False
2023-08-20,1034,0.0,False
2023-08-20,1035,0.0,False
2023-08-20,1036,0.0,False
2023-08-20,1037,0.0,False
2023-08-20,1038,0.0,False
2023-08-20,1039,0.0,False
2023-08-20,1040,0.5,False
2023-08-20,1041,0.0,False
2023-08-20,1042,0.0,False
2023-08-20,1043,0.0,False
2023-08-20,1044,0.0,False
2023-08-20,1045,0.0,False
2023-08-20,1046,0.0,False
2023-08-20,1047,0.0,False
2023-08-20,1048,0.5,False
2023-08-20,1049,0.0,False
2023-08-20,1050,0.5,False
2023-08-21,1001,88.0,False
2023-08-21,1002,27.5,False
2023-08-21,1003,46.5,False
2023-08-21,1004,9.5,False
2023-08-21,1005,11.5,False
2023-08-21,1006,13.0,False
2023-08-21,1007,9.5,False
2023-08-21,1008,39.0,False
2023-08-21,1009,29.5,False
2023-08-21,1010,49.0,False
2023-08-21,1011,29.0,False
2023-08-21,1012,15.0,False
2023-08-21,1013,9.5,False
2023-08-21,1014,32.0,False
2023-08-21,1015,22.5,False
2023-08-21,1016,44.5,False
2023-08-21,1017,12.0,False
2023-08-21,1018,19.0,False
2023-08-21,1019,102.5,False
2023-08-21,1020,93.0,False
2023-08-21,1021,6.0,False
2023-08-21,1022,44.0,False
2023-08-21,1023,4.5,False
2023-08-21,1024,19.5,False
2023-08-21,1025,11.5,False
2023-08-21,1026,9.0,False
2023-08-21,1027,10.5,False
2023-08-21,1028,6.0,False
2023-08-21,1029,7.0,False
2023-08-21,1030,52.5,False
2023-08-21,1031,27.0,False
2023-08-21,1032,32.0,False
2023-08-21,1033,18.0,False
2023-08-21,1034,25.5,False
2023-08-21,1035,9.5,False
2023-08-21,1036,8.0,False
2023-08-21,1037,13.5,False
2023-08-21,1038,12.0,False
2023-08-21,1039,11.5,False
2023-08-21,1040,16.5,False
2023-08-21,1041,14.5,False
2023-08-21,1042,9.0,False
2023-08-21,1043,27.5,False
2023-08-21,1044,18.5,False
2023-08-21,1045,9.0,False
2023-08-21,1046,38.0,False
2023-08-21,1047,48.0,False
2023-08-21,1048,33.0,False
2023-08-21,1049,13.5,False
2023-08-21,1050,4.0,False
2023-08-22,1001,1.5,False
2023-08-22,1002,1.0,False
2023-08-22,1003,19.0,False
2023-08-22,1004,1.5,False
2023-08-22,1005,1.5,False
2023-08-22,1006,1.0,False
2023-08-22,1007,3.0,False
2023-08-22,1008,1.0,False
2023-08-22,1009,2.0,False
2023-08-22,1010,2.0,False
2023-08-22,1011,13.5,False
2023-08-22,1012,2.5,False
2023-08-22,1013,2.0,False
2023-08-22,1014,2.0,False
2023-08-22,1015,5.5,False
2023-08-22,1016,7.0,False
2023-08-22,1017,10.5,False
2023-08-22,1018,3.5,False
2023-08-22,1019,0.5,False
2023-08-22,1020,3.0,False
2023-08-22,1021,1.0,False
2023-08-22,1022,4.5,False
2023-08-22,1023,1.5,False
2023-08-22,1024,3.0,False
2023-08-22,1025,1.0,False
2023-08-22,1026,5.5,False
2023-08-22,1027,1.0,False
2023-08-22,1028,4.5,False
2023-08-22,1029,7.5,False
2023-08-22,1030,4.0,False
2023-08-22,1031,2.5,False
2023-08-22,1032,4.0,False
2023-08-22,1033,4.5,False
2023-08-22,1034,1.5,False
2023-08-22,1035,7.5,False
2023-08-22,1036,3.5,False
2023-08-22,1037,3.5,False
2023-08-22,1038,11.0,False
2023-08-22,1039,2.5,False
2023-08-22,1040,1.5,False
2023-08-22,1041,4.0,False
2023-08-22,1042,12.0,False
2023-08-22,1043,1.0,False
2023-08-22,1044,1.0,False
2023-08-22,1045,13.5,False
2023-08-22,1046,2.0,False
2023-08-22,1047,3.0,False
2023-08-22,1048,0.5,False
2023-08-22,1049,2.0,False
2023-08-22,1050,0.5,False
2023-08-23,1001,19.5,False
2023-08-23,1002,23.5,False
2023-08-23,1003,24.5,False
2023-08-23,1004,20.5,False
2023-08-23,1005,11.5,False
2023-08-23,1006,16.0,False
2023-08-23,1007,15.5,False
2023-08-23,1008,15.0,False
2023-08-23,1009,12.5,False
2023-08-23,1010,18.0,False
2023-08-23,1011,4.5,False
2023-08-23,1012,7.5,False
2023-08-23,1013,14.5,False
2023-08-23,1014,21.5,False
2023-08-23,1015,4.0,False
2023-08-23,1016,15.5,False
2023-08-23,1017,26.0,False
2023-08-23,1018,13.0,False
2023-08-23,1019,17.0,False
2023-08-23,1020,18.5,False
2023-08-23,1021,1.0,False
2023-08-23,1022,17.5,False
2023-08-23,1023,1.0,False
2023-08-23,1024,3.0,False
2023-08-23,1025,22.5,False
2023-08-23,1026,22.5,False
2023-08-23,1027,17.5,False
2023-08-23,1028,3.5,False
2023-08-23,1029,29.0,False
2023-08-23,1030,24.0,False
2023-08-23,1031,5.5,False
2023-08-23,1032,7.5,False
2023-08-23,1033,24.0,False
2023-08-23,1034,21.5,False
2023-08-23,1035,1.5,False
2023-08-23,1036,13.0,False
2023-08-23,1037,18.0,False
2023-08-23,1038,15.5,False
2023-08-23,1039,35.0,False
2023-08-23,1040,6.0,False
2023-08-23,1041,23.5,False
2023-08-23,1042,27.0,False
2023-08-23,1043,11.0,False
2023-08-23,1044,21.0,False
2023-08-23,1045,20.5,False
2023-08-23,1046,14.5,False
2023-08-23,1047,5.0,False
2023-08-23,1048,19.0,False
2023-08-23,1049,12.5,False
2023-08-23,1050,0.0,False
2023-08-24,1001,58.5,False
2023-08-24,1002,53.5,False
2023-08-24,1003,20.0,False
2023-08-24,1004,15.0,False
2023-08-24,1005,11.5,False
2023-08-24,1006,14.5,False
2023-08-24,1007,41.5,False
2023-08-24,1008,46.0,False
2023-08-24,1009,7.0,False
2023-08-24,1010,4.0,False
2023-08-24,1011,1.5,False
2023-08-24,1012,7.0,False
2023-08-24,1013,27.5,False
2023-08-24,1014,46.5,False
2023-08-24,1015,24.5,False
2023-08-24,1016,30.5,False
2023-08-24,1017,35.0,False
2023-08-24,1018,20.0,False
2023-08-24,1019,54.5,False
2023-08-24,1020,54.0,False
2023-08-24,1021,14.0,False
2023-08-24,1022,46.5,False
2023-08-24,1023,17.0,False
2023-08-24,1024,5.0,False
2023-08-24,1025,30.5,False
2023-08-24,1026,41.5,False
2023-08-24,1027,15.0,False
2023-08-24,1028,11.0,False
2023-08-24,1029,36.0,False
2023-08-24,1030,31.0,False
2023-08-24,1031,7.0,False
2023-08-24,1032,3.0,False
2023-08-24,1033,9.5,False
2023-08-24,1034,3.0,False
2023-08-24,1035,12.0,False
2023-08-24,1036,17.0,False
2023-08-24,1037,53.5,False
2023-08-24,1038,20.0,False
2023-08-24,1039,16.5,False
2023-08-24,1040,27.5,False
2023-08-24,1041,16.0,False
2023-08-24,1042,11.0,False
2023-08-24,1043,7.0,False
2023-08-24,1044,11.0,False
2023-08-24,1045,19.5,False
2023-08-24,1046,5.0,False
2023-08-24,1047,7.0,False
2023-08-24,1048,31.5,False
2023-08-24,1049,7.5,False
2023-08-24,1050,13.5,False
2023-08-25,1001,42.5,False
2023-08-25,1002,39.5,False
2023-08-25,1003,30.5,False
2023-08-25,1004,6.0,False
2023-08-25,1005,33.5,False
2023-08-25,1006,1.5,False
2023-08-25,1007,23.0,False
2023-08-25,1008,23.5,False
2023-08-25,1009,2.5,False
2023-08-25,1010,19.5,False
2023-08-25,1011,2.5,False
2023-08-25,1012,7.5,False
2023-08-25,1013,11.0,False
2023-08-25,1014,29.0,False
2023-08-25,1015,13.0,False
2023-08-25,1016,29.0,False
2023-08-25,1017,21.5,False
2023-08-25,1018,6.5,False
2023-08-25,1019,49.5,False
2023-08-25,1020,49.0,False
2023-08-25,1021,10.0,False
2023-08-25,1022,44.5,False
2023-08-25,1023,5.5,False
2023-08-25,1024,3.0,False
2023-08-25,1025,33.5,False
2023-08-25,1026,27.0,False
2023-08-25,1027,2.5,False
2023-08-25,1028,1.5,False
2023-08-25,1029,27.5,False
2023-08-25,1030,23.5,False
2023-08-25,1031,2.0,False
2023-08-25,1032,0.5,False
2023-08-25,1033,4.5,False
2023-08-25,1034,0.5,False
2023-08-25,1035,5.0,False
2023-08-25,1036,9.0,False
2023-08-25,1037,23.5,False
2023-08-25,1038,12.0,False
2023-08-25,1039,7.5,False
2023-08-25,1040,7.0,False
2023-08-25,1041,12.5,False
2023-08-25,1042,21.0,False
2023-08-25,1043,28.5,False
2023-08-25,1044,4.5,False
2023-08-25,1045,8.0,False
2023-08-25,1046,43.5,False
2023-08-25,1047,2.5,False
2023-08-25,1048,23.5,False
2023-08-25,1049,7.5,False
2023-08-25,1050,18.0,False
2023-08-26,1001,7.5,False
2023-08-26,1002,11.0,False
2023-08-26,1003,3.0,False
2023-08-26,1004,0.5,False
2023-08-26,1005,21.0,False
2023-08-26,1006,11.0,False
2023-08-26,1007,0.0,False
2023-08-26,1008,0.5,False
2023-08-26,1009,1.5,False
2023-08-26,1010,4.0,False
2023-08-26,1011,1.0,False
2023-08-26,1012,1.5,False
2023-08-26,1013,0.0,False
2023-08-26,1014,13.0,False
2023-08-26,1015,2.0,False
2023-08-26,1016,3.5,False
2023-08-26,1017,6.5,False
2023-08-26,1018,1.5,False
2023-08-26,1019,14.5,False
2023-08-26,1020,2.5,False
2023-08-26,1021,11.0,False
2023-08-26,1022,8.0,False
2023-08-26,1023,9.0,False
2023-08-26,1024,3.5,False
2023-08-26,1025,6.5,False
2023-08-26,1026,3.0,False
2023-08-26,1027,2.5,False
2023-08-26,1028,1.0,False
2023-08-26,1029,17.0,False
2023-08-26,1030,12.5,False
2023-08-26,1031,3.5,False
2023-08-26,1032,3.5,False
2023-08-26,1033,2.0,False
2023-08-26,1034,3.5,False
2023-08-26,1035,5.5,False
2023-08-26,1036,0.0,False
2023-08-26,1037,0.5,False
2023-08-26,1038,2.5,False
2023-08-26,1039,1.5,False
2023-08-26,1040,16.5,False
2023-08-26,1041,5.0,False
2023-08-26,1042,6.0,False
2023-08-26,1043,14.5,False
2023-08-26,1044,4.5,False
2023-08-26,1045,7.5,False
2023-08-26,1046,27.5,False
2023-08-26,1047,4.0,False
2023-08-26,1048,29.5,False
2023-08-26,1049,8.5,False
2023-08-26,1050,14.0,False
2023-08-27,1001,0.0,False
2023-08-27,1002,0.0,False
2023-08-27,1003,0.0,False
2023-08-27,1004,0.0,False
2023-08-27,1005,0.0,False
2023-08-27,1006,0.0,False
2023-08-27,1007,0.0,False
2023-08-27,1008,0.0,False
2023-08-27,1009,0.5,False
2023-08-27,1010,0.5,False
2023-08-27,1011,0.0,False
2023-08-27,1012,0.0,False
2023-08-27,1013,0.0,False
2023-08-27,1014,0.5,False
2023-08-27,1015,0.5,False
2023-08-27,1016,0.0,False
2023-08-27,1017,0.0,False
2023-08-27,1018,0.0,False
2023-08-27,1019,0.5,False
2023-08-27,1020,0.0,False
2023-08-27,1021,0.5,False
2023-08-27,1022,0.5,False
2023-08-27,1023,0.0,False
2023-08-27,1024,0.0,False
2023-08-27,1025,0.0,False
2023-08-27,1026,0.0,False
2023-08-27,1027,0.0,False
2023-08-27,1028,0.0,False
2023-08-27,1029,0.0,False
2023-08-27,1030,0.0,False
2023-08-27,1031,0.0,False
2023-08-27,1032,0.5,False
2023-08-27,1033,0.5,False
2023-08-27,1034,0.0,False
2023-08-27,1035,0.0,False
2023-08-27,1036,0.0,False
2023-08-27,1037,0.0,False
2023-08-27,1038,0.0,False
2023-08-27,1039,0.0,False
2023-08-27,1040,0.0,False
2023-08-27,1041,0.0,False
2023-08-27,1042,0.0,False
2023-08-27,1043,0.0,False
2023-08-27,1044,0.0,False
2023-08-27,1045,0.0,False
2023-08-27,1046,0.0,False
2023-08-27,1047,0.0,False
2023-08-27,1048,0.5,False
2023-08-27,1049,0.0,False
2023-08-27,1050,0.5,False
2023-08-28,1001,0.0,False
2023-08-28,1002,0.0,False
2023-08-28,1003,0.0,False
2023-08-28,1004,0.0,False
2023-08-28,1005,0.0,False
2023-08-28,1006,0.0,False
2023-08-28,1007,0.0,False
2023-08-28,1008,0.0,False
2023-08-28,1009,0.0,False
2023-08-28,1010,0.0,False
2023-08-28,1011,0.0,False
2023-08-28,1012,0.0,False
2023-08-28,1013,0.0,False
2023-08-28,1014,0.0,False
2023-08-28,1015,0.0,False
2023-08-28,1016,0.0,False
2023-08-28,1017,0.0,False
2023-08-28,1018,0.0,False
2023-08-28,1019,0.0,False
2023-08-28,1020,0.0,False
2023-08-28,1021,0.0,False
2023-08-28,1022,0.0,False
2023-08-28,1023,0.0,False
2023-08-28,1024,0.0,False
2023-08-28,1025,0.0,False
2023-08-28,1026,0.0,False
2023-08-28,1027,0.0,False
2023-08-28,1028,0.0,False
2023-08-28,1029,0.0,False
2023-08-28,1030,0.0,False
2023-08-28,1031,0.0,False
2023-08-28,1032,0.0,False
2023-08-28,1033,0.0,False
2023-08-28,1034,0.0,False
2023-08-28,1035,0.5,False
2023-08-28,1036,0.0,False
2023-08-28,1037,0.0,False
2023-08-28,1038,0.0,False
2023-08-28,1039,0.0,False
2023-08-28,1040,0.0,False
2023-08-28,1041,0.0,False
2023-08-28,1042,0.0,False
2023-08-28,1043,0.0,False
2023-08-28,1044,0.0,False
2023-08-28,1045,0.0,False
2023-08-28,1046,0.0,False
2023-08-28,1047,0.0,False
2023-08-28,1048,0.5,False
2023-08-28,1049,0.0,False
2023-08-28,1050,0.0,False
2023-08-29,1001,0.0,False
2023-08-29,1002,0.0,False
2023-08-29,1003,5.0,False
2023-08-29,1004,0.0,False
2023-08-29,1005,0.0,False
2023-08-29,1006,0.0,False
2023-08-29,1007,0.0,False
2023-08-29,1008,0.0,False
2023-08-29,1009,0.0,False
2023-08-29,1010,0.0,False
2023-08-29,1011,0.0,False
2023-08-29,1012,0.0,False
2023-08-29,1013,0.0,False
2023-08-29,1014,0.0,False
2023-08-29,1015,0.5,False
2023-08-29,1016,0.0,False
2023-08-29,1017,0.0,False
2023-08-29,1018,0.0,False
2023-08-29,1019,0.0,False
2023-08-29,1020,0.0,False
2023-08-29,1021,0.0,False
2023-08-29,1022,1.0,False
2023-08-29,1023,0.0,False
2023-08-29,1024,0.0,False
2023-08-29,1025,0.0,False
2023-08-29,1026,0.0,False
2023-08-29,1027,0.0,False
2023-08-29,1028,0.0,False
2023-08-29,1029,0.0,False
2023-08-29,1030,0.0,False
2023-08-29,1031,0.0,False
2023-08-29,1032,0.0,False
2023-08-29,1033,0.0,False
2023-08-29,1034,0.0,False
2023-08-29,1035,0.0,False
2023-08-29,1036,0.0,False
2023-08-29,1037,0.0,False
2023-08-29,1038,0.0,False
2023-08-29,1039,0.0,False
2023-08-29,1040,0.0,False
2023-08-29,1041,0.0,False
2023-08-29,1042,0.0,False
2023-08-29,1043,0.0,False
2023-08-29,1044,0.0,False
2023-08-29,1045,0.0,False
2023-08-29,1046,0.0,False
2023-08-29,1047,0.0,False
2023-08-29,1048,0.0,False
2023-08-29,1049,0.0,False
2023-08-29,1050,2.0,False
2023-08-30,1001,0.0,False
2023-08-30,1002,0.0,False
2023-08-30,1003,0.0,False
2023-08-30,1004,0.0,False
2023-08-30,1005,0.0,False
2023-08-30,1006,0.0,False
2023-08-30,1007,0.0,False
2023-08-30,1008,0.0,False
2023-08-30,1009,0.0,False
2023-08-30,1010,0.0,False
2023-08-30,1011,0.0,False
2023-08-30,1012,0.0,False
2023-08-30,1013,0.0,False
2023-08-30,1014,0.0,False
2023-08-30,1015,0.0,False
2023-08-30,1016,0.0,False
2023-08-30,1017,0.0,False
2023-08-30,1018,0.0,False
2023-08-30,1019,0.0,False
2023-08-30,1020,0.0,False
2023-08-30,1021,0.0,False
2023-08-30,1022,0.0,False
2023-08-30,1023,0.0,False
2023-08-30,1024,0.0,False
2023-08-30,1025,0.0,False
2023-08-30,1026,0.0,False
2023-08-30,1027,0.0,False
2023-08-30,1028,0.0,False
2023-08-30,1029,0.0,False
2023-08-30,1030,0.0,False
2023-08-30,1031,0.0,False
2023-08-30,1032,0.0,False
2023-08-30,1033,0.0,False
2023-08-30,1034,0.0,False
2023-08-30,1035,0.0,False
2023-08-30,1036,0.0,False
2023-08-30,1037,0.0,False
2023-08-30,1038,0.0,False
2023-08-30,1039,0.0,False
2023-08-30,1040,0.0,False
2023-08-30,1041,0.0,False
2023-08-30,1042,0.0,False
2023-08-30,1043,0.0,False
2023-08-30,1044,0.0,False
2023-08-30,1045,0.0,False
2023-08-30,1046,0.0,False
2023-08-30,1047,0.0,False
2023-08-30,1048,0.0,False
2023-08-30,1049,0.0,False
2023-08-30,1050,0.0,False
2023-08-31,1001,1.5,False
2023-08-31,1002,4.0,False
2023-08-31,1003,29.5,False
2023-08-31,1004,11.5,False
2023-08-31,1005,0.0,False
2023-08-31,1006,24.0,False
2023-08-31,1007,13.5,False
2023-08-31,1008,4.5,False
2023-08-31,1009,1.0,False
2023-08-31,1010,32.5,False
2023-08-31,1011,0.0,False
2023-08-31,1012,5.0,False
2023-08-31,1013,10.5,False
2023-08-31,1014,17.5,False
2023-08-31,1015,5.0,False
2023-08-31,1016,4.5,False
2023-08-31,1017,24.0,False
2023-08-31,1018,10.5,False
2023-08-31,1019,0.0,False
2023-08-31,1020,2.0,False
2023-08-31,1021,0.0,False
2023-08-31,1022,6.0,False
2023-08-31,1023,1.0,False
2023-08-31,1024,2.0,False
2023-08-31,1025,0.0,False
2023-08-31,1026,22.5,False
2023-08-31,1027,16.0,False
2023-08-31,1028,14.0,False
2023-08-31,1029,3.5,False
2023-08-31,1030,3.0,False
2023-08-31,1031,2.0,False
2023-08-31,1032,0.0,False
2023-08-31,1033,9.0,False
2023-08-31,1034,1.5,False
2023-08-31,1035,5.5,False
2023-08-31,1036,0.0,False
2023-08-31,1037,29.5,False
2023-08-31,1038,10.5,False
2023-08-31,1039,16.5,False
2023-08-31,1040,1.5,False
2023-08-31,1041,0.0,False
2023-08-31,1042,0.5,False
2023-08-31,1043,0.0,False
2023-08-31,1044,16.5,False
2023-08-31,1045,18.5,False
2023-08-31,1046,21.5,False
2023-08-31,1047,0.0,False
2023-08-31,1048,0.0,False
2023-08-31,1049,0.0,False
2023-08-31,1050,3.0,False
2023-09-01,1001,36.5,False
2023-09-01,1002,32.5,False
2023-09-01,1003,63.5,False
2023-09-01,1004,43.5,False
2023-09-01,1005,28.0,False
2023-09-01,1006,36.0,False
2023-09-01,1007,43.5,False
2023-09-01,1008,35.5,False
2023-09-01,1009,37.5,False
2023-09-01,1010,28.0,False
2023-09-01,1011,29.5,False
2023-09-01,1012,40.0,False
2023-09-01,1013,36.5,False
2023-09-01,1014,39.5,False
2023-09-01,1015,35.5,False
2023-09-01,1016,32.0,False
2023-09-01,1017,36.0,False
2023-09-01,1018,38.5,False
2023-09-01,1019,36.5,False
2023-09-01,1020,40.0,False
2023-09-01,1021,17.5,False
2023-09-01,1022,30.0,False
2023-09-01,1023,19.0,False
2023-09-01,1024,22.5,False
2023-09-01,1025,29.0,False
2023-09-01,1026,46.5,False
2023-09-01,1027,23.5,False
2023-09-01,1028,34.0,False
2023-09-01,1029,38.5,False
2023-09-01,1030,34.5,False
2023-09-01,1031,25.5,False
2023-09-01,1032,27.0,False
2023-09-01,1033,32.5,False
2023-09-01,1034,26.5,False
2023-09-01,1035,23.5,False
2023-09-01,1036,34.0,False
2023-09-01,1037,49.5,False
2023-09-01,1038,22.5,False
2023-09-01,1039,36.0,False
2023-09-01,1040,23.0,False
2023-09-01,1041,44.5,False
2023-09-01,1042,69.5,False
2023-09-01,1043,18.5,False
2023-09-01,1044,36.0,False
2023-09-01,1045,34.0,False
2023-09-01,1046,34.0,False
2023-09-01,1047,46.5,False
2023-09-01,1048,30.5,False
2023-09-01,1049,23.0,False
2023-09-01,1050,7.0,False
2023-09-02,1001,2.0,False
2023-09-02,1002,1.0,False
2023-09-02,1003,9.5,False
2023-09-02,1004,1.0,False
2023-09-02,1005,1.5,False
2023-09-02,1006,1.5,False
2023-09-02,1007,1.0,False
2023-09-02,1008,1.0,False
2023-09-02,1009,1.0,False
2023-09-02,1010,2.0,False
2023-09-02,1011,1.0,False
2023-09-02,1012,1.0,False
2023-09-02,1013,1.0,False
2023-09-02,1014,2.0,False
2023-09-02,1015,1.0,False
2023-09-02,1016,0.5,False
2023-09-02,1017,1.0,False
2023-09-02,1018,0.5,False
2023-09-02,1019,1.0,False
2023-09-02,1020,1.0,False
2023-09-02,1021,6.5,False
2023-09-02,1022,1.5,False
2023-09-02,1023,1.0,False
2023-09-02,1024,1.0,False
2023-09-02,1025,0.5,False
2023-09-02,1026,1.0,False
2023-09-02,1027,1.0,False
2023-09-02,1028,0.5,False
2023-09-02,1029,1.0,False
2023-09-02,1030,1.5,False
2023-09-02,1031,1.0,False
2023-09-02,1032,1.0,False
2023-09-02,1033,1.0,False
2023-09-02,1034,2.5,False
2023-09-02,1035,1.5,False
2023-09-02,1036,1.0,False
2023-09-02,1037,0.5,False
2023-09-02,1038,0.0,False
2023-09-02,1039,2.0,False
2023-09-02,1040,1.0,False
2023-09-02,1041,1.5,False
2023-09-02,1042,3.0,False
2023-09-02,1043,1.0,False
2023-09-02,1044,1.0,False
2023-09-02,1045,1.5,False
2023-09-02,1046,2.0,False
2023-09-02,1047,1.5,False
2023-09-02,1048,1.0,False
2023-09-02,1049,1.0,False
2023-09-02,1050,1.0,False
2023-09-03,1001,0.0,False
2023-09-03,1002,0.0,False
2023-09-03,1003,33.0,False
2023-09-03,1004,0.0,False
2023-09-03,1005,9.0,False
2023-09-03,1006,0.0,False
2023-09-03,1007,0.0,False
2023-09-03,1008,0.0,False
2023-09-03,1009,0.0,False
2023-09-03,1010,20.0,False
2023-09-03,1011,28.5,False
2023-09-03,1012,0.0,False
2023-09-03,1013,0.0,False
2023-09-03,1014,0.0,False
2023-09-03,1015,0.0,False
2023-09-03,1016,0.0,False
2023-09-03,1017,0.0,False
2023-09-03,1018,0.0,False
2023-09-03,1019,0.0,False
2023-09-03,1020,0.0,False
2023-09-03,1021,0.0,False
2023-09-03,1022,0.0,False
2023-09-03,1023,0.0,False
2023-09-03,1024,0.0,False
2023-09-03,1025,0.0,False
2023-09-03,1026,0.0,False
2023-09-03,1027,0.0,False
2023-09-03,1028,0.0,False
2023-09-03,1029,0.0,False
2023-09-03,1030,0.0,False
2023-09-03,1031,0.0,False
2023-09-03,1032,0.0,False
2023-09-03,1033,0.5,False
2023-09-03,1034,0.0,False
2023-09-03,1035,0.0,False
2023-09-03,1036,0.0,False
2023-09-03,1037,0.0,False
2023-09-03,1038,0.0,False
2023-09-03,1039,0.0,False
2023-09-03,1040,0.0,False
2023-09-03,1041,0.5,False
2023-09-03,1042,0.0,False
2023-09-03,1043,6.5,False
2023-09-03,1044,8.0,False
2023-09-03,1045,0.0,False
2023-09-03,1046,31.0,False
2023-09-03,1047,0.0,False
2023-09-03,1048,0.0,False
2023-09-03,1049,0.0,False
2023-09-03,1050,0.0,False
2023-09-04,1001,9.5,False
2023-09-04,1002,44.5,False
2023-09-04,1003,0.5,False
2023-09-04,1004,41.5,False
2023-09-04,1005,21.0,False
2023-09-04,1006,0.0,False
2023-09-04,1007,24.5,False
2023-09-04,1008,56.5,False
2023-09-04,1009,0.5,False
2023-09-04,1010,0.0,False
2023-09-04,1011,0.0,False
2023-09-04,1012,12.5,False
2023-09-04,1013,39.0,False
2023-09-04,1014,43.0,False
2023-09-04,1015,9.0,False
2023-09-04,1016,9.0,False
2023-09-04,1017,4.5,False
2023-09-04,1018,33.5,False
2023-09-04,1019,8.5,False
2023-09-04,1020,10.0,False
2023-09-04,1021,0.0,False
2023-09-04,1022,6.5,False
2023-09-04,1023,1.0,False
2023-09-04,1024,8.5,False
2023-09-04,1025,2.5,False
2023-09-04,1026,14.0,False
2023-09-04,1027,21.0,False
2023-09-04,1028,34.0,False
2023-09-04,1029,6.0,False
2023-09-04,1030,18.0,False
2023-09-04,1031,22.0,False
2023-09-04,1032,0.0,False
2023-09-04,1033,9.0,False
2023-09-04,1034,5.5,False
2023-09-04,1035,8.5,False
2023-09-04,1036,11.0,False
2023-09-04,1037,33.0,False
2023-09-04,1038,2.0,False
2023-09-04,1039,0.0,False
2023-09-04,1040,16.0,False
2023-09-04,1041,4.5,False
2023-09-04,1042,9.0,False
2023-09-04,1043,3.0,False
2023-09-04,1044,7.5,False
2023-09-04,1045,0.0,False
2023-09-04,1046,18.0,False
2023-09-04,1047,0.0,False
2023-09-04,1048,3.5,False
2023-09-04,1049,3.0,False
2023-09-04,1050,0.0,False
2023-09-05,1001,0.5,False
2023-09-05,1002,0.5,False
2023-09-05,1003,1.0,False
2023-09-05,1004,0.5,False
2023-09-05,1005,2.5,False
2023-09-05,1006,1.5,False
2023-09-05,1007,0.5,False
2023-09-05,1008,0.0,False
2023-09-05,1009,0.0,False
2023-09-05,1010,23.5,False
2023-09-05,1011,0.0,False
2023-09-05,1012,0.0,False
2023-09-05,1013,0.5,False
2023-09-05,1014,0.5,False
2023-09-05,1015,0.5,False
2023-09-05,1016,0.0,False
2023-09-05,1017,0.5,False
2023-09-05,1018,0.5,False
2023-09-05,1019,0.0,False
2023-09-05,1020,0.5,False
2023-09-05,1021,0.0,False
2023-09-05,1022,0.5,False
2023-09-05,1023,0.0,False
2023-09-05,1024,0.0,False
2023-09-05,1025,0.5,False
2023-09-05,1026,0.5,False
2023-09-05,1027,2.0,False
2023-09-05,1028,0.5,False
2023-09-05,1029,0.5,False
2023-09-05,1030,6.5,False
2023-09-05,1031,0.0,False
2023-09-05,1032,0.5,False
2023-09-05,1033,0.5,False
2023-09-05,1034,0.5,False
2023-09-05,1035,0.0,False
2023-09-05,1036,2.5,False
2023-09-05,1037,0.5,False
2023-09-05,1038,1.5,False
2023-09-05,1039,0.5,False
2023-09-05,1040,0.5,False
2023-09-05,1041,2.0,False
2023-09-05,1042,12.5,False
2023-09-05,1043,5.0,False
2023-09-05,1044,8.5,False
2023-09-05,1045,0.5,False
2023-09-05,1046,25.0,False
2023-09-05,1047,0.0,False
2023-09-05,1048,0.0,False
2023-09-05,1049,0.0,False
2023-09-05,1050,0.0,False
2023-09-06,1001,0.0,False
2023-09-06,1002,0.0,False
2023-09-06,1003,0.5,False
2023-09-06,1004,0.0,False
2023-09-06,1005,0.0,False
2023-09-06,1006,0.0,False
2023-09-06,1007,0.0,False
2023-09-06,1008,0.0,False
2023-09-06,1009,0.0,False
2023-09-06,1010,0.0,False
2023-09-06,1011,0.0,False
2023-09-06,1012,0.0,False
2023-09-06,1013,0.0,False
2023-09-06,1014,0.0,False
2023-09-06,1015,0.0,False
2023-09-06,1016,0.0,False
2023-09-06,1017,0.0,False
2023-09-06,1018,0.0,False
2023-09-06,1019,0.0,False
2023-09-06,1020,0.0,False
2023-09-06,1021,0.0,False
2023-09-06,1022,0.0,False
2023-09-06,1023,0.0,False
2023-09-06,1024,0.0,False
2023-09-06,1025,0.0,False
2023-09-06,1026,0.0,False
2023-09-06,1027,0.0,False
2023-09-06,1028,0.0,False
2023-09-06,1029,0.0,False
2023-09-06,1030,0.0,False
2023-09-06,1031,0.0,False
2023-09-06,1032,0.0,False
2023-09-06,1033,0.0,False
2023-09-06,1034,0.0,False
2023-09-06,1035,0.0,False
2023-09-06,1036,0.0,False
2023-09-06,1037,4.0,False
2023-09-06,1038,0.0,False
2023-09-06,1039,0.0,False
2023-09-06,1040,0.5,False
2023-09-06,1041,0.0,False
2023-09-06,1042,0.0,False
2023-09-06,1043,0.0,False
2023-09-06,1044,0.0,False
2023-09-06,1045,0.0,False
2023-09-06,1046,0.0,False
2023-09-06,1047,0.0,False
2023-09-06,1048,0.5,False
2023-09-06,1049,0.0,False
2023-09-06,1050,0.0,False
2023-09-07,1001,0.5,False
2023-09-07,1002,0.5,False
2023-09-07,1003,0.5,False
2023-09-07,1004,0.0,False
2023-09-07,1005,0.0,False
2023-09-07,1006,0.0,False
2023-09-07,1007,0.5,False
2023-09-07,1008,0.0,False
2023-09-07,1009,0.0,False
2023-09-07,1010,0.0,False
2023-09-07,1011,0.0,False
2023-09-07,1012,0.5,False
2023-09-07,1013,0.0,False
2023-09-07,1014,0.5,False
2023-09-07,1015,0.0,False
2023-09-07,1016,0.0,False
2023-09-07,1017,0.0,False
2023-09-07,1018,0.0,False
2023-09-07,1019,0.0,False
2023-09-07,1020,0.0,False
2023-09-07,1021,0.0,False
2023-09-07,1022,0.0,False
2023-09-07,1023,0.0,False
2023-09-07,1024,0.0,False
2023-09-07,1025,0.5,False
2023-09-07,1026,0.0,False
2023-09-07,1027,0.0,False
2023-09-07,1028,0.0,False
2023-09-07,1029,0.5,False
2023-09-07,1030,0.0,False
2023-09-07,1031,0.0,False
2023-09-07,1032,0.0,False
2023-09-07,1033,0.0,False
2023-09-07,1034,0.0,False
2023-09-07,1035,0.0,False
2023-09-07,1036,0.0,False
2023-09-07,1037,0.5,False
2023-09-07,1038,0.0,False
2023-09-07,1039,0.0,False
2023-09-07,1040,0.0,False
2023-09-07,1041,0.0,False
2023-09-07,1042,0.0,False
2023-09-07,1043,0.0,False
2023-09-07,1044,0.0,False
2023-09-07,1045,0.0,False
2023-09-07,1046,0.0,False
2023-09-07,1047,0.0,False
2023-09-07,1048,0.5,False
2023-09-07,1049,0.0,False
2023-09-07,1050,0.0,False
2023-09-08,1001,0.5,False
2023-09-08,1002,0.0,False
2023-09-08,1003,0.5,False
2023-09-08,1004,0.0,False
2023-09-08,1005,0.0,False
2023-09-08,1006,0.0,False
2023-09-08,1007,0.5,False
2023-09-08,1008,0.0,False
2023-09-08,1009,0.0,False
2023-09-08,1010,0.0,False
2023-09-08,1011,0.0,False
2023-09-08,1012,0.0,False
2023-09-08,1013,0.0,False
2023-09-08,1014,0.0,False
2023-09-08,1015,0.0,False
2023-09-08,1016,0.0,False
2023-09-08,1017,0.0,False
2023-09-08,1018,0.0,False
2023-09-08,1019,0.0,False
2023-09-08,1020,0.0,False
2023-09-08,1021,0.0,False
2023-09-08,1022,0.0,False
2023-09-08,1023,0.0,False
2023-09-08,1024,0.0,False
2023-09-08,1025,0.0,False
2023-09-08,1026,0.0,False
2023-09-08,1027,0.0,False
2023-09-08,1028,0.0,False
2023-09-08,1029,0.0,False
2023-09-08,1030,0.0,False
2023-09-08,1031,0.0,False
2023-09-08,1032,0.0,False
2023-09-08,1033,0.0,False
2023-09-08,1034,0.0,False
2023-09-08,1035,0.0,False
2023-09-08,1036,0.0,False
2023-09-08,1037,0.0,False
2023-09-08,1038,0.0,False
2023-09-08,1039,0.0,False
2023-09-08,1040,0.0,False
2023-09-08,1041,0.0,False
2023-09-08,1042,0.0,False
2023-09-08,1043,0.0,False
2023-09-08,1044,0.0,False
2023-09-08,1045,0.0,False
2023-09-08,1046,1.0,False
2023-09-08,1047,0.0,False
2023-09-08,1048,0.0,False
2023-09-08,1049,0.0,False
2023-09-08,1050,0.0,False
2023-09-09,1001,0.5,False
2023-09-09,1002,1.0,False
2023-09-09,1003,3.5,False
2023-09-09,1004,0.0,False
2023-09-09,1005,1.0,False
2023-09-09,1006,0.0,False
2023-09-09,1007,0.5,False
2023-09-09,1008,0.5,False
2023-09-09,1009,0.0,False
2023-09-09,1010,1.5,False
2023-09-09,1011,0.0,False
2023-09-09,1012,0.0,False
2023-09-09,1013,0.5,False
2023-09-09,1014,1.0,False
2023-09-09,1015,0.0,False
2023-09-09,1016,0.5,False
2023-09-09,1017,0.5,False
2023-09-09,1018,0.0,False
2023-09-09,1019,1.0,False
2023-09-09,1020,0.5,False
2023-09-09,1021,0.0,False
2023-09-09,1022,0.5,False
2023-09-09,1023,0.0,False
2023-09-09,1024,0.0,False
2023-09-09,1025,0.5,False
2023-09-09,1026,0.5,False
2023-09-09,1027,0.5,False
2023-09-09,1028,0.0,False
2023-09-09,1029,1.0,False
2023-09-09,1030,1.0,False
2023-09-09,1031,0.0,False
2023-09-09,1032,0.0,False
2023-09-09,1033,0.5,False
2023-09-09,1034,0.0,False
2023-09-09,1035,0.0,False
2023-09-09,1036,2.0,False
2023-09-09,1037,7.0,False
2023-09-09,1038,0.0,False
2023-09-09,1039,0.0,False
2023-09-09,1040,0.5,False
2023-09-09,1041,2.0,False
2023-09-09,1042,2.0,False
2023-09-09,1043,1.5,False
2023-09-09,1044,0.5,False
2023-09-09,1045,1.0,False
2023-09-09,1046,2.0,False
2023-09-09,1047,0.0,False
2023-09-09,1048,0.5,False
2023-09-09,1049,0.0,False
2023-09-09,1050,0.0,False
2023-09-10,1001,25.0,False
2023-09-10,1002,34.0,False
2023-09-10,1003,72.0,False
2023-09-10,1004,18.5,False
2023-09-10,1005,14.5,False
2023-09-10,1006,9.0,False
2023-09-10,1007,24.5,False
2023-09-10,1008,23.0,False
2023-09-10,1009,13.5,False
2023-09-10,1010,59.0,False
2023-09-10,1011,27.0,False
2023-09-10,1012,22.5,False
2023-09-10,1013,20.0,False
2023-09-10,1014,48.5,False
2023-09-10,1015,21.0,False
2023-09-10,1016,8.0,False
2023-09-10,1017,25.5,False
2023-09-10,1018,22.0,False
2023-09-10,1019,14.0,False
2023-09-10,1020,8.0,False
2023-09-10,1021,5.0,False
2023-09-10,1022,16.5,False
2023-09-10,1023,6.5,False
2023-09-10,1024,11.0,False
2023-09-10,1025,19.0,False
2023-09-10,1026,36.0,False
2023-09-10,1027,15.5,False
2023-09-10,1028,24.0,False
2023-09-10,1029,26.5,False
2023-09-10,1030,31.5,False
2023-09-10,1031,14.5,False
2023-09-10,1032,24.5,False
2023-09-10,1033,22.0,False
2023-09-10,1034,8.5,False
2023-09-10,1035,10.5,False
2023-09-10,1036,7.0,False
2023-09-10,1037,37.0,False
2023-09-10,1038,10.5,False
2023-09-10,1039,19.5,False
2023-09-10,1040,18.5,False
2023-09-10,1041,10.5,False
2023-09-10,1042,67.5,False
2023-09-10,1043,21.5,False
2023-09-10,1044,21.0,False
2023-09-10,1045,16.5,False
2023-09-10,1046,52.5,False
2023-09-10,1047,32.0,False
2023-09-10,1048,13.5,False
2023-09-10,1049,14.0,False
2023-09-10,1050,3.5,False
2023-09-11,1001,30.5,False
2023-09-11,1002,35.5,False
2023-09-11,1003,27.0,False
2023-09-11,1004,8.0,False
2023-09-11,1005,17.0,False
2023-09-11,1006,12.0,False
2023-09-11,1007,18.0,False
2023-09-11,1008,24.5,False
2023-09-11,1009,6.0,False
2023-09-11,1010,22.5,False
2023-09-11,1011,9.0,False
2023-09-11,1012,11.0,False
2023-09-11,1013,12.5,False
2023-09-11,1014,28.5,False
2023-09-11,1015,14.5,False
2023-09-11,1016,15.0,False
2023-09-11,1017,15.5,False
2023-09-11,1018,9.5,False
2023-09-11,1019,17.5,False
2023-09-11,1020,25.0,False
2023-09-11,1021,22.5,False
2023-09-11,1022,46.0,False
2023-09-11,1023,13.5,False
2023-09-11,1024,10.5,False
2023-09-11,1025,12.5,False
2023-09-11,1026,25.0,False
2023-09-11,1027,9.5,False
2023-09-11,1028,17.0,False
2023-09-11,1029,16.5,False
2023-09-11,1030,26.5,False
2023-09-11,1031,19.5,False
2023-09-11,1032,8.5,False
2023-09-11,1033,16.5,False
2023-09-11,1034,8.0,False
2023-09-11,1035,16.5,False
2023-09-11,1036,15.5,False
2023-09-11,1037,38.5,False
2023-09-11,1038,15.5,False
2023-09-11,1039,19.0,False
2023-09-11,1040,18.0,False
2023-09-11,1041,16.0,False
2023-09-11,1042,29.0,False
2023-09-11,1043,24.5,False
2023-09-11,1044,14.5,False
2023-09-11,1045,10.0,False
2023-09-11,1046,14.5,False
2023-09-11,1047,3.0,False
2023-09-11,1048,2.5,False
2023-09-11,1049,5.5,False
2023-09-11,1050,11.5,False
2023-09-12,1001,8.0,False
2023-09-12,1002,11.5,False
2023-09-12,1003,1.5,False
2023-09-12,1004,10.5,False
2023-09-12,1005,6.0,False
2023-09-12,1006,3.0,False
2023-09-12,1007,9.0,False
2023-09-12,1008,7.5,False
2023-09-12,1009,2.0,False
2023-09-12,1010,1.5,False
2023-09-12,1011,4.0,False
2023-09-12,1012,3.0,False
2023-09-12,1013,11.5,False
2023-09-12,1014,8.0,False
2023-09-12,1015,7.5,False
2023-09-12,1016,12.0,False
2023-09-12,1017,6.0,False
2023-09-12,1018,8.5,False
2023-09-12,1019,23.0,False
2023-09-12,1020,12.5,False
2023-09-12,1021,2.0,False
2023-09-12,1022,15.0,False
2023-09-12,1023,19.5,False
2023-09-12,1024,2.5,False
2023-09-12,1025,12.0,False
2023-09-12,1026,8.0,False
2023-09-12,1027,2.0,False
2023-09-12,1028,6.0,False
2023-09-12,1029,9.5,False
2023-09-12,1030,9.0,False
2023-09-12,1031,5.0,False
2023-09-12,1032,2.0,False
2023-09-12,1033,5.0,False
2023-09-12,1034,2.0,False
2023-09-12,1035,8.0,False
2023-09-12,1036,5.5,False
2023-09-12,1037,13.5,False
2023-09-12,1038,3.0,False
2023-09-12,1039,3.5,False
2023-09-12,1040,16.5,False
2023-09-12,1041,8.0,False
2023-09-12,1042,9.0,False
2023-09-12,1043,2.0,False
2023-09-12,1044,2.0,False
2023-09-12,1045,4.5,False
2023-09-12,1046,1.5,False
2023-09-12,1047,1.0,False
2023-09-12,1048,2.0,False
2023-09-12,1049,1.0,False
2023-09-12,1050,5.0,False
2023-09-13,1001,3.0,False
2023-09-13,1002,2.0,False
2023-09-13,1003,9.0,False
2023-09-13,1004,5.0,False
2023-09-13,1005,1.0,False
2023-09-13,1006,6.0,False
2023-09-13,1007,8.0,False
2023-09-13,1008,4.0,False
2023-09-13,1009,3.0,False
2023-09-13,1010,8.5,False
2023-09-13,1011,5.5,False
2023-09-13,1012,3.0,False
2023-09-13,1013,4.5,False
2023-09-13,1014,3.5,False
2023-09-13,1015,5.5,False
2023-09-13,1016,4.0,False
2023-09-13,1017,8.0,False
2023-09-13,1018,6.5,False
2023-09-13,1019,2.5,False
2023-09-13,1020,3.0,False
2023-09-13,1021,6.5,False
2023-09-13,1022,6.5,False
2023-09-13,1023,7.0,False
2023-09-13,1024,4.0,False
2023-09-13,1025,2.0,False
2023-09-13,1026,5.5,False
2023-09-13,1027,6.0,False
2023-09-13,1028,5.0,False
2023-09-13,1029,2.0,False
2023-09-13,1030,2.0,False
2023-09-13,1031,4.0,False
2023-09-13,1032,3.0,False
2023-09-13,1033,5.0,False
2023-09-13,1034,2.0,False
2023-09-13,1035,8.0,False
2023-09-13,1036,0.5,False
2023-09-13,1037,8.5,False
2023-09-13,1038,4.5,False
2023-09-13,1039,3.0,False
2023-09-13,1040,8.0,False
2023-09-13,1041,1.5,False
2023-09-13,1042,0.5,False
2023-09-13,1043,2.0,False
2023-09-13,1044,5.5,False
2023-09-13,1045,6.5,False
2023-09-13,1046,4.0,False
2023-09-13,1047,8.0,False
2023-09-13,1048,2.5,False
2023-09-13,1049,1.5,False
2023-09-13,1050,6.5,False
2023-09-14,1001,22.5,False
2023-09-14,1002,19.5,False
2023-09-14,1003,12.5,False
2023-09-14,1004,10.5,False
2023-09-14,1005,0.5,False
2023-09-14,1006,11.0,False
2023-09-14,1007,14.0,False
2023-09-14,1008,14.5,False
2023-09-14,1009,2.5,False
2023-09-14,1010,15.5,False
2023-09-14,1011,19.0,False
2023-09-14,1012,2.0,False
2023-09-14,1013,11.5,False
2023-09-14,1014,18.5,False
2023-09-14,1015,8.0,False
2023-09-14,1016,13.5,False
2023-09-14,1017,18.0,False
2023-09-14,1018,11.0,False
2023-09-14,1019,18.5,False
2023-09-14,1020,17.0,False
2023-09-14,1021,3.5,False
2023-09-14,1022,16.0,False
2023-09-14,1023,3.5,False
2023-09-14,1024,1.5,False
2023-09-14,1025,9.5,False
2023-09-14,1026,18.0,False
2023-09-14,1027,16.5,False
2023-09-14,1028,6.0,False
2023-09-14,1029,12.5,False
2023-09-14,1030,11.5,False
2023-09-14,1031,1.5,False
2023-09-14,1032,4.0,False
2023-09-14,1033,10.0,False
2023-09-14,1034,7.0,False
2023-09-14,1035,3.5,False
2023-09-14,1036,0.5,False
2023-09-14,1037,15.0,False
2023-09-14,1038,10.5,False
2023-09-14,1039,9.0,False
2023-09-14,1040,5.0,False
2023-09-14,1041,2.0,False
2023-09-14,1042,1.5,False
2023-09-14,1043,11.5,False
2023-09-14,1044,17.0,False
2023-09-14,1045,19.5,False
2023-09-14,1046,3.5,False
2023-09-14,1047,1.5,False
2023-09-14,1048,5.0,False
2023-09-14,1049,0.5,False
2023-09-14,1050,2.5,False
2023-09-15,1001,6.5,False
2023-09-15,1002,6.0,False
2023-09-15,1003,34.0,False
2023-09-15,1004,23.5,False
2023-09-15,1005,1.5,False
2023-09-15,1006,39.0,False
2023-09-15,1007,4.5,False
2023-09-15,1008,5.0,False
2023-09-15,1009,27.0,False
2023-09-15,1010,23.5,False
2023-09-15,1011,21.0,False
2023-09-15,1012,22.5,False
2023-09-15,1013,14.0,False
2023-09-15,1014,17.5,False
2023-09-15,1015,25.5,False
2023-09-15,1016,8.0,False
2023-09-15,1017,17.0,False
2023-09-15,1018,26.0,False
2023-09-15,1019,0.5,False
2023-09-15,1020,2.5,False
2023-09-15,1021,26.0,False
2023-09-15,1022,11.5,False
2023-09-15,1023,2.5,False
2023-09-15,1024,30.0,False
2023-09-15,1025,0.5,False
2023-09-15,1026,13.5,False
2023-09-15,1027,18.5,False
2023-09-15,1028,19.0,False
2023-09-15,1029,2.0,False
2023-09-15,1030,4.0,False
2023-09-15,1031,28.0,False
2023-09-15,1032,19.5,False
2023-09-15,1033,28.5,False
2023-09-15,1034,23.5,False
2023-09-15,1035,27.0,False
2023-09-15,1036,1.5,False
2023-09-15,1037,8.5,False
2023-09-15,1038,5.0,False
2023-09-15,1039,33.0,False
2023-09-15,1040,4.5,False
2023-09-15,1041,1.5,False
2023-09-15,1042,2.0,False
2023-09-15,1043,1.5,False
2023-09-15,1044,30.0,False
2023-09-15,1045,29.5,False
2023-09-15,1046,17.5,False
2023-09-15,1047,20.0,False
2023-09-15,1048,0.5,False
2023-09-15,1049,29.5,False
2023-09-15,1050,16.0,False
2023-09-16,1001,0.0,False
2023-09-16,1002,0.5,False
2023-09-16,1003,1.0,False
2023-09-16,1004,0.0,False
2023-09-16,1005,0.0,False
2023-09-16,1006,0.0,False
2023-09-16,1007,0.0,False
2023-09-16,1008,0.0,False
2023-09-16,1009,0.5,False
2023-09-16,1010,0.5,False
2023-09-16,1011,0.5,False
2023-09-16,1012,0.5,False
2023-09-16,1013,0.0,False
2023-09-16,1014,0.5,False
2023-09-16,1015,1.0,False
2023-09-16,1016,0.0,False
2023-09-16,1017,0.0,False
2023-09-16,1018,0.0,False
2023-09-16,1019,0.5,False
2023-09-16,1020,0.5,False
2023-09-16,1021,2.0,False
2023-09-16,1022,1.0,False
2023-09-16,1023,2.0,False
2023-09-16,1024,1.0,False
2023-09-16,1025,0.0,False
2023-09-16,1026,0.0,False
2023-09-16,1027,0.0,False
2023-09-16,1028,0.0,False
2023-09-16,1029,0.0,False
2023-09-16,1030,0.0,False
2023-09-16,1031,0.0,False
2023-09-16,1032,0.5,False
2023-09-16,1033,0.5,False
2023-09-16,1034,0.0,False
2023-09-16,1035,2.5,False
2023-09-16,1036,0.0,False
2023-09-16,1037,0.0,False
2023-09-16,1038,0.0,False
2023-09-16,1039,0.0,False
2023-09-16,1040,9.0,False
2023-09-16,1041,0.5,False
2023-09-16,1042,1.0,False
2023-09-16,1043,0.5,False
2023-09-16,1044,0.5,False
2023-09-16,1045,0.0,False
2023-09-16,1046,0.5,False
2023-09-16,1047,0.5,False
2023-09-16,1048,3.0,False
2023-09-16,1049,0.5,False
2023-09-16,1050,0.0,False
2023-09-17,1001,7.0,False
2023-09-17,1002,5.5,False
2023-09-17,1003,31.0,False
2023-09-17,1004,6.0,False
2023-09-17,1005,2.5,False
2023-09-17,1006,0.0,False
2023-09-17,1007,9.5,False
2023-09-17,1008,5.5,False
2023-09-17,1009,0.0,False
2023-09-17,1010,0.5,False
2023-09-17,1011,6.0,False
2023-09-17,1012,0.5,False
2023-09-17,1013,5.0,False
2023-09-17,1014,4.5,False
2023-09-17,1015,7.0,False
2023-09-17,1016,2.5,False
2023-09-17,1017,4.5,False
2023-09-17,1018,7.0,False
2023-09-17,1019,7.5,False
2023-09-17,1020,10.5,False
2023-09-17,1021,3.0,False
2023-09-17,1022,6.5,False
2023-09-17,1023,1.5,False
2023-09-17,1024,0.5,False
2023-09-17,1025,3.5,False
2023-09-17,1026,14.5,False
2023-09-17,1027,0.0,False
2023-09-17,1028,6.5,False
2023-09-17,1029,4.5,False
2023-09-17,1030,9.0,False
2023-09-17,1031,6.0,False
2023-09-17,1032,0.0,False
2023-09-17,1033,5.5,False
2023-09-17,1034,0.0,False
2023-09-17,1035,6.5,False
2023-09-17,1036,3.5,False
2023-09-17,1037,12.5,False
2023-09-17,1038,1.5,False
2023-09-17,1039,1.0,False
2023-09-17,1040,5.5,False
2023-09-17,1041,6.5,False
2023-09-17,1042,7.5,False
2023-09-17,1043,0.5,False
2023-09-17,1044,0.0,False
2023-09-17,1045,3.5,False
2023-09-17,1046,0.0,False
2023-09-17,1047,0.0,False
2023-09-17,1048,19.0,False
2023-09-17,1049,0.0,False
2023-09-17,1050,0.0,False
2023-09-18,1001,2.5,False
2023-09-18,1002,4.0,False
2023-09-18,1003,43.5,False
2023-09-18,1004,9.5,False
2023-09-18,1005,7.0,False
2023-09-18,1006,6.0,False
2023-09-18,1007,19.0,False
2023-09-18,1008,5.5,False
2023-09-18,1009,3.5,False
2023-09-18,1010,9.0,False
2023-09-18,1011,27.5,False
2023-09-18,1012,11.0,False
2023-09-18,1013,7.0,False
2023-09-18,1014,19.0,False
2023-09-18,1015,5.0,False
2023-09-18,1016,3.5,False
2023-09-18,1017,11.0,False
2023-09-18,1018,6.0,False
2023-09-18,1019,10.0,False
2023-09-18,1020,6.5,False
2023-09-18,1021,12.5,False
2023-09-18,1022,9.5,False
2023-09-18,1023,1.5,False
2023-09-18,1024,13.0,False
2023-09-18,1025,2.0,False
2023-09-18,1026,27.0,False
2023-09-18,1027,7.0,False
2023-09-18,1028,8.5,False
2023-09-18,1029,6.0,False
2023-09-18,1030,25.5,False
2023-09-18,1031,11.0,False
2023-09-18,1032,4.0,False
2023-09-18,1033,7.0,False
2023-09-18,1034,8.0,False
2023-09-18,1035,3.5,False
2023-09-18,1036,10.5,False
2023-09-18,1037,27.5,False
2023-09-18,1038,10.5,False
2023-09-18,1039,4.0,False
2023-09-18,1040,5.5,False
2023-09-18,1041,10.5,False
2023-09-18,1042,53.0,False
2023-09-18,1043,24.0,False
2023-09-18,1044,11.5,False
2023-09-18,1045,10.5,False
2023-09-18,1046,45.0,False
2023-09-18,1047,5.5,False
2023-09-18,1048,18.0,False
2023-09-18,1049,15.0,False
2023-09-18,1050,1.5,False
2023-09-19,1001,2.0,False
2023-09-19,1002,2.0,False
2023-09-19,1003,28.5,False
2023-09-19,1004,1.5,False
2023-09-19,1005,2.5,False
2023-09-19,1006,3.5,False
2023-09-19,1007,2.5,False
2023-09-19,1008,2.0,False
2023-09-19,1009,2.5,False
2023-09-19,1010,46.5,False
2023-09-19,1011,2.5,False
2023-09-19,1012,2.0,False
2023-09-19,1013,2.0,False
2023-09-19,1014,2.5,False
2023-09-19,1015,4.0,False
2023-09-19,1016,4.0,False
2023-09-19,1017,2.5,False
2023-09-19,1018,3.0,False
2023-09-19,1019,2.0,False
2023-09-19,1020,3.5,False
2023-09-19,1021,14.5,False
2023-09-19,1022,3.5,False
2023-09-19,1023,0.5,False
2023-09-19,1024,2.0,False
2023-09-19,1025,1.5,False
2023-09-19,1026,3.0,False
2023-09-19,1027,3.5,False
2023-09-19,1028,2.0,False
2023-09-19,1029,2.0,False
2023-09-19,1030,2.5,False
2023-09-19,1031,2.0,False
2023-09-19,1032,21.5,False
2023-09-19,1033,2.0,False
2023-09-19,1034,4.5,False
2023-09-19,1035,9.5,False
2023-09-19,1036,3.0,False
2023-09-19,1037,2.5,False
2023-09-19,1038,0.5,False
2023-09-19,1039,2.0,False
2023-09-19,1040,1.5,False
2023-09-19,1041,4.0,False
2023-09-19,1042,5.0,False
2023-09-19,1043,3.0,False
2023-09-19,1044,3.0,False
2023-09-19,1045,3.0,False
2023-09-19,1046,5.5,False
2023-09-19,1047,17.0,False
2023-09-19,1048,7.0,False
2023-09-19,1049,5.0,False
2023-09-19,1050,2.0,False
2023-09-20,1001,0.0,False
2023-09-20,1002,0.0,False
2023-09-20,1003,0.5,False
2023-09-20,1004,0.0,False
2023-09-20,1005,0.0,False
2023-09-20,1006,0.0,False
2023-09-20,1007,0.0,False
2023-09-20,1008,0.0,False
2023-09-20,1009,0.5,False
2023-09-20,1010,0.0,False
2023-09-20,1011,0.0,False
2023-09-20,1012,0.0,False
2023-09-20,1013,0.0,False
2023-09-20,1014,0.0,False
2023-09-20,1015,0.0,False
2023-09-20,1016,0.0,False
2023-09-20,1017,0.0,False
2023-09-20,1018,0.0,False
2023-09-20,1019,0.0,False
2023-09-20,1020,0.0,False
2023-09-20,1021,0.0,False
2023-09-20,1022,0.0,False
2023-09-20,1023,0.0,False
2023-09-20,1024,0.0,False
2023-09-20,1025,0.0,False
2023-09-20,1026,0.0,False
2023-09-20,1027,0.0,False
2023-09-20,1028,0.0,False
2023-09-20,1029,0.0,False
2023-09-20,1030,0.0,False
2023-09-20,1031,0.0,False
2023-09-20,1032,0.0,False
2023-09-20,1033,0.0,False
2023-09-20,1034,0.0,False
2023-09-20,1035,0.0,False
2023-09-20,1036,0.5,False
2023-09-20,1037,0.0,False
2023-09-20,1038,0.0,False
2023-09-20,1039,1.5,False
2023-09-20,1040,0.0,False
2023-09-20,1041,0.5,False
2023-09-20,1042,0.0,False
2023-09-20,1043,0.0,False
2023-09-20,1044,0.5,False
2023-09-20,1045,0.0,False
2023-09-20,1046,0.0,False
2023-09-20,1047,0.0,False
2023-09-20,1048,0.5,False
2023-09-20,1049,0.5,False
2023-09-20,1050,0.0,False
2023-09-21,1001,12.0,False
2023-09-21,1002,23.0,False
2023-09-21,1003,14.0,False
2023-09-21,1004,7.5,False
2023-09-21,1005,0.5,False
2023-09-21,1006,4.0,False
2023-09-21,1007,11.5,False
2023-09-21,1008,11.5,False
2023-09-21,1009,2.0,False
2023-09-21,1010,14.5,False
2023-09-21,1011,0.0,False
2023-09-21,1012,18.0,False
2023-09-21,1013,7.5,False
2023-09-21,1014,24.0,False
2023-09-21,1015,7.0,False
2023-09-21,1016,6.5,False
2023-09-21,1017,14.0,False
2023-09-21,1018,7.0,False
2023-09-21,1019,9.5,False
2023-09-21,1020,8.0,False
2023-09-21,1021,24.5,False
2023-09-21,1022,7.0,False
2023-09-21,1023,4.0,False
2023-09-21,1024,13.0,False
2023-09-21,1025,26.5,False
2023-09-21,1026,5.5,False
2023-09-21,1027,0.5,False
2023-09-21,1028,9.5,False
2023-09-21,1029,47.5,False
2023-09-21,1030,34.5,False
2023-09-21,1031,11.0,False
2023-09-21,1032,1.0,False
2023-09-21,1033,4.0,False
2023-09-21,1034,0.0,False
2023-09-21,1035,4.5,False
2023-09-21,1036,1.0,False
2023-09-21,1037,10.0,False
2023-09-21,1038,9.5,False
2023-09-21,1039,1.0,False
2023-09-21,1040,6.0,False
2023-09-21,1041,15.0,False
2023-09-21,1042,5.0,False
2023-09-21,1043,12.5,False
2023-09-21,1044,2.5,False
2023-09-21,1045,10.5,False
2023-09-21,1046,10.0,False
2023-09-21,1047,1.0,False
2023-09-21,1048,0.0,False
2023-09-21,1049,21.5,False
2023-09-21,1050,6.0,False
2023-09-22,1001,28.0,False
2023-09-22,1002,34.0,False
2023-09-22,1003,89.5,False
2023-09-22,1004,55.5,False
2023-09-22,1005,63.0,False
2023-09-22,1006,86.5,False
2023-09-22,1007,71.5,False
2023-09-22,1008,39.5,False
2023-09-22,1009,156.5,False
2023-09-22,1010,62.5,False
2023-09-22,1011,115.5,False
2023-09-22,1012,81.0,False
2023-09-22,1013,47.0,False
2023-09-22,1014,73.5,False
2023-09-22,1015,37.5,False
2023-09-22,1016,30.5,False
2023-09-22,1017,87.5,False
2023-09-22,1018,44.0,False
2023-09-22,1019,47.0,False
2023-09-22,1020,28.5,False
2023-09-22,1021,18.0,False
2023-09-22,1022,29.0,False
2023-09-22,1023,28.0,False
2023-09-22,1024,41.0,False
2023-09-22,1025,39.0,False
2023-09-22,1026,66.5,False
2023-09-22,1027,49.0,False
2023-09-22,1028,49.0,False
2023-09-22,1029,75.5,False
2023-09-22,1030,74.0,False
2023-09-22,1031,42.5,False
2023-09-22,1032,111.5,False
2023-09-22,1033,89.0,False
2023-09-22,1034,95.5,False
2023-09-22,1035,25.5,False
2023-09-22,1036,42.0,False
2023-09-22,1037,69.5,False
2023-09-22,1038,63.0,False
2023-09-22,1039,95.0,False
2023-09-22,1040,31.5,False
2023-09-22,1041,40.5,False
2023-09-22,1042,79.0,False
2023-09-22,1043,69.0,False
2023-09-22,1044,95.5,False
2023-09-22,1045,107.0,False
2023-09-22,1046,72.5,False
2023-09-22,1047,177.0,False
2023-09-22,1048,54.5,False
2023-09-22,1049,30.5,False
2023-09-22,1050,18.5,False
2023-09-23,1001,22.5,False
2023-09-23,1002,21.5,False
2023-09-23,1003,0.5,False
2023-09-23,1004,11.5,False
2023-09-23,1005,1.0,False
2023-09-23,1006,0.5,False
2023-09-23,1007,14.0,False
2023-09-23,1008,24.0,False
2023-09-23,1009,24.5,False
2023-09-23,1010,1.0,False
2023-09-23,1011,0.5,False
2023-09-23,1012,76.5,False
2023-09-23,1013,18.0,False
2023-09-23,1014,24.0,False
2023-09-23,1015,20.0,False
2023-09-23,1016,16.0,False
2023-09-23,1017,8.5,False
2023-09-23,1018,21.0,False
2023-09-23,1019,33.0,False
2023-09-23,1020,27.5,False
2023-09-23,1021,55.0,False
2023-09-23,1022,32.5,False
2023-09-23,1023,32.5,False
2023-09-23,1024,47.0,False
2023-09-23,1025,13.5,False
2023-09-23,1026,0.5,False
2023-09-23,1027,0.5,False
2023-09-23,1028,21.0,False
2023-09-23,1029,26.0,False
2023-09-23,1030,4.0,False
2023-09-23,1031,40.0,False
2023-09-23,1032,3.5,False
2023-09-23,1033,30.5,False
2023-09-23,1034,2.0,False
2023-09-23,1035,39.5,False
2023-09-23,1036,1.0,False
2023-09-23,1037,7.5,False
2023-09-23,1038,0.0,False
2023-09-23,1039,23.5,False
2023-09-23,1040,39.5,False
2023-09-23,1041,0.5,False
2023-09-23,1042,1.0,False
2023-09-23,1043,6.5,False
2023-09-23,1044,0.5,False
2023-09-23,1045,0.5,False
2023-09-23,1046,7.0,False
2023-09-23,1047,21.0,False
2023-09-23,1048,11.5,False
2023-09-23,1049,36.0,False
2023-09-23,1050,13.5,False
2023-09-24,1001,3.5,False
2023-09-24,1002,7.0,False
2023-09-24,1003,1.0,False
2023-09-24,1004,19.0,False
2023-09-24,1005,0.5,False
2023-09-24,1006,12.5,False
2023-09-24,1007,13.5,False
2023-09-24,1008,6.5,False
2023-09-24,1009,10.0,False
2023-09-24,1010,0.0,False
2023-09-24,1011,39.5,False
2023-09-24,1012,0.5,False
2023-09-24,1013,11.5,False
2023-09-24,1014,15.5,False
2023-09-24,1015,2.0,False
2023-09-24,1016,2.0,False
2023-09-24,1017,7.0,False
2023-09-24,1018,5.5,False
2023-09-24,1019,91.0,False
2023-09-24,1020,3.5,False
2023-09-24,1021,3.0,False
2023-09-24,1022,1.5,False
2023-09-24,1023,1.5,False
2023-09-24,1024,0.5,False
2023-09-24,1025,13.0,False
2023-09-24,1026,25.0,False
2023-09-24,1027,0.0,False
2023-09-24,1028,0.0,False
2023-09-24,1029,8.5,False
2023-09-24,1030,9.0,False
2023-09-24,1031,4.0,False
2023-09-24,1032,22.5,False
2023-09-24,1033,7.5,False
2023-09-24,1034,3.5,False
2023-09-24,1035,1.0,False
2023-09-24,1036,6.5,False
2023-09-24,1037,2.5,False
2023-09-24,1038,17.5,False
2023-09-24,1039,0.0,False
2023-09-24,1040,1.5,False
2023-09-24,1041,14.0,False
2023-09-24,1042,0.0,False
2023-09-24,1043,5.0,False
2023-09-24,1044,4.5,False
2023-09-24,1045,3.5,False
2023-09-24,1046,0.0,False
2023-09-24,1047,24.5,False
2023-09-24,1048,5.5,False
2023-09-24,1049,1.0,False
2023-09-24,1050,3.0,False
2023-09-25,1001,30.5,False
2023-09-25,1002,66.5,False
2023-09-25,1003,55.5,False
2023-09-25,1004,1.0,False
2023-09-25,1005,17.5,False
2023-09-25,1006,0.5,False
2023-09-25,1007,10.5,False
2023-09-25,1008,26.0,False
2023-09-25,1009,32.0,False
2023-09-25,1010,4.0,False
2023-09-25,1011,8.5,False
2023-09-25,1012,6.0,False
2023-09-25,1013,2.5,False
2023-09-25,1014,56.5,False
2023-09-25,1015,4.0,False
2023-09-25,1016,18.5,False
2023-09-25,1017,28.0,False
2023-09-25,1018,0.5,False
2023-09-25,1019,53.5,False
2023-09-25,1020,46.0,False
2023-09-25,1021,3.5,False
2023-09-25,1022,29.0,False
2023-09-25,1023,0.5,False
2023-09-25,1024,1.0,False
2023-09-25,1025,50.0,False
2023-09-25,1026,56.0,False
2023-09-25,1027,8.5,False
2023-09-25,1028,1.0,False
2023-09-25,1029,34.0,False
2023-09-25,1030,1.0,False
2023-09-25,1031,1.5,False
2023-09-25,1032,17.5,False
2023-09-25,1033,17.0,False
2023-09-25,1034,5.5,False
2023-09-25,1035,9.5,False
2023-09-25,1036,3.0,False
2023-09-25,1037,41.5,False
2023-09-25,1038,0.0,False
2023-09-25,1039,15.0,False
2023-09-25,1040,15.0,False
2023-09-25,1041,18.0,False
2023-09-25,1042,52.5,False
2023-09-25,1043,8.0,False
2023-09-25,1044,12.5,False
2023-09-25,1045,25.5,False
2023-09-25,1046,3.5,False
2023-09-25,1047,38.0,False
2023-09-25,1048,7.0,False
2023-09-25,1049,10.0,False
2023-09-25,1050,5.5,False
2023-09-26,1001,42.5,False
2023-09-26,1002,32.5,False
2023-09-26,1003,0.0,False
2023-09-26,1004,61.0,False
2023-09-26,1005,0.0,False
2023-09-26,1006,7.5,False
2023-09-26,1007,68.0,False
2023-09-26,1008,57.5,False
2023-09-26,1009,39.0,False
2023-09-26,1010,0.0,False
2023-09-26,1011,0.5,False
2023-09-26,1012,51.0,False
2023-09-26,1013,57.5,False
2023-09-26,1014,51.5,False
2023-09-26,1015,31.5,False
2023-09-26,1016,47.0,False
2023-09-26,1017,7.0,False
2023-09-26,1018,54.0,False
2023-09-26,1019,8.0,False
2023-09-26,1020,38.0,False
2023-09-26,1021,13.0,False
2023-09-26,1022,11.5,False
2023-09-26,1023,0.0,False
2023-09-26,1024,52.5,False
2023-09-26,1025,17.0,False
2023-09-26,1026,14.0,False
2023-09-26,1027,11.0,False
2023-09-26,1028,74.5,False
2023-09-26,1029,43.5,False
2023-09-26,1030,12.0,False
2023-09-26,1031,61.0,False
2023-09-26,1032,17.0,False
2023-09-26,1033,59.5,False
2023-09-26,1034,19.0,False
2023-09-26,1035,9.0,False
2023-09-26,1036,2.5,False
2023-09-26,1037,70.5,False
2023-09-26,1038,0.0,False
2023-09-26,1039,13.5,False
2023-09-26,1040,0.5,False
2023-09-26,1041,1.0,False
2023-09-26,1042,4.0,False
2023-09-26,1043,0.5,False
2023-09-26,1044,9.0,False
2023-09-26,1045,5.5,False
2023-09-26,1046,4.5,False
2023-09-26,1047,49.5,False
2023-09-26,1048,0.0,False
2023-09-26,1049,5.5,False
2023-09-26,1050,0.5,False
2023-09-27,1001,38.0,False
2023-09-27,1002,27.5,False
2023-09-27,1003,40.5,False
2023-09-27,1004,54.5,False
2023-09-27,1005,30.5,False
2023-09-27,1006,48.0,False
2023-09-27,1007,56.5,False
2023-09-27,1008,41.5,False
2023-09-27,1009,145.5,False
2023-09-27,1010,28.5,False
2023-09-27,1011,36.5,False
2023-09-27,1012,49.5,False
2023-09-27,1013,53.0,False
2023-09-27,1014,35.5,False
2023-09-27,1015,59.5,False
2023-09-27,1016,65.5,False
2023-09-27,1017,30.5,False
2023-09-27,1018,56.0,False
2023-09-27,1019,51.0,False
2023-09-27,1020,37.5,False
2023-09-27,1021,49.5,False
2023-09-27,1022,84.0,False
2023-09-27,1023,67.5,False
2023-09-27,1024,48.0,False
2023-09-27,1025,19.0,False
2023-09-27,1026,19.0,False
2023-09-27,1027,60.5,False
2023-09-27,1028,60.5,False
2023-09-27,1029,17.5,False
2023-09-27,1030,29.0,False
2023-09-27,1031,46.0,False
2023-09-27,1032,46.5,False
2023-09-27,1033,140.5,False
2023-09-27,1034,22.5,False
2023-09-27,1035,57.0,False
2023-09-27,1036,10.0,False
2023-09-27,1037,46.5,False
2023-09-27,1038,25.5,False
2023-09-27,1039,38.5,False
2023-09-27,1040,87.5,False
2023-09-27,1041,34.5,False
2023-09-27,1042,8.5,False
2023-09-27,1043,11.0,False
2023-09-27,1044,70.5,False
2023-09-27,1045,29.5,False
2023-09-27,1046,23.5,False
2023-09-27,1047,101.0,False
2023-09-27,1048,48.5,False
2023-09-27,1049,41.5,False
2023-09-27,1050,79.5,False
2023-09-28,1001,2.0,False
2023-09-28,1002,1.0,False
2023-09-28,1003,97.5,False
2023-09-28,1004,2.0,False
2023-09-28,1005,5.0,False
2023-09-28,1006,1.0,False
2023-09-28,1007,1.0,False
2023-09-28,1008,0.5,False
2023-09-28,1009,0.5,False
2023-09-28,1010,49.5,False
2023-09-28,1011,38.5,False
2023-09-28,1012,0.5,False
2023-09-28,1013,1.5,False
2023-09-28,1014,1.0,False
2023-09-28,1015,1.5,False
2023-09-28,1016,2.5,False
2023-09-28,1017,1.0,False
2023-09-28,1018,1.5,False
2023-09-28,1019,2.0,False
2023-09-28,1020,4.0,False
2023-09-28,1021,1.0,False
2023-09-28,1022,8.0,False
2023-09-28,1023,4.0,False
2023-09-28,1024,0.5,False
2023-09-28,1025,1.0,False
2023-09-28,1026,1.0,False
2023-09-28,1027,2.0,False
2023-09-28,1028,0.5,False
2023-09-28,1029,4.0,False
2023-09-28,1030,5.0,False
2023-09-28,1031,0.5,False
2023-09-28,1032,12.0,False
2023-09-28,1033,2.5,False
2023-09-28,1034,1.0,False
2023-09-28,1035,1.0,False
2023-09-28,1036,9.0,False
2023-09-28,1037,0.5,False
2023-09-28,1038,0.5,False
2023-09-28,1039,1.5,False
2023-09-28,1040,6.5,False
2023-09-28,1041,15.5,False
2023-09-28,1042,15.5,False
2023-09-28,1043,1.5,False
2023-09-28,1044,6.0,False
2023-09-28,1045,1.0,False
2023-09-28,1046,37.5,False
2023-09-28,1047,1.5,False
2023-09-28,1048,6.0,False
2023-09-28,1049,1.0,False
2023-09-28,1050,1.0,False
2023-09-29,1001,8.0,False
2023-09-29,1002,9.5,False
2023-09-29,1003,78.5,False
2023-09-29,1004,40.5,False
2023-09-29,1005,12.5,False
2023-09-29,1006,27.5,False
2023-09-29,1007,38.0,False
2023-09-29,1008,9.0,False
2023-09-29,1009,16.5,False
2023-09-29,1010,52.0,False
2023-09-29,1011,16.0,False
2023-09-29,1012,34.0,False
2023-09-29,1013,15.5,False
2023-09-29,1014,19.0,False
2023-09-29,1015,26.5,False
2023-09-29,1016,7.0,False
2023-09-29,1017,50.0,False
2023-09-29,1018,29.0,False
2023-09-29,1019,7.5,False
2023-09-29,1020,8.5,False
2023-09-29,1021,29.5,False
2023-09-29,1022,11.0,False
2023-09-29,1023,8.0,False
2023-09-29,1024,36.5,False
2023-09-29,1025,6.5,False
2023-09-29,1026,33.0,False
2023-09-29,1027,37.0,False
2023-09-29,1028,44.5,False
2023-09-29,1029,9.5,False
2023-09-29,1030,24.5,False
2023-09-29,1031,39.0,False
2023-09-29,1032,25.0,False
2023-09-29,1033,48.5,False
2023-09-29,1034,15.0,False
2023-09-29,1035,24.5,False
2023-09-29,1036,11.5,False
2023-09-29,1037,41.0,False
2023-09-29,1038,36.5,False
2023-09-29,1039,42.5,False
2023-09-29,1040,12.0,False
2023-09-29,1041,12.5,False
2023-09-29,1042,29.0,False
2023-09-29,1043,36.5,False
2023-09-29,1044,32.5,False
2023-09-29,1045,43.0,False
2023-09-29,1046,61.0,False
2023-09-29,1047,17.0,False
2023-09-29,1048,8.5,False
2023-09-29,1049,17.5,False
2023-09-29,1050,12.0,False
2023-09-30,1001,22.5,False
2023-09-30,1002,18.0,False
2023-09-30,1003,25.0,False
2023-09-30,1004,7.5,False
2023-09-30,1005,20.5,False
2023-09-30,1006,4.5,False
2023-09-30,1007,11.0,False
2023-09-30,1008,9.5,False
2023-09-30,1009,4.5,False
2023-09-30,1010,23.0,False
2023-09-30,1011,11.0,False
2023-09-30,1012,2.0,False
2023-09-30,1013,10.5,False
2023-09-30,1014,15.0,False
2023-09-30,1015,8.0,False
2023-09-30,1016,11.0,False
2023-09-30,1017,6.0,False
2023-09-30,1018,7.5,False
2023-09-30,1019,27.5,False
2023-09-30,1020,20.0,False
2023-09-30,1021,10.5,False
2023-09-30,1022,22.5,False
2023-09-30,1023,18.5,False
2023-09-30,1024,3.0,False
2023-09-30,1025,18.0,False
2023-09-30,1026,9.5,False
2023-09-30,1027,6.5,False
2023-09-30,1028,4.0,False
2023-09-30,1029,30.0,False
2023-09-30,1030,30.0,False
2023-09-30,1031,4.0,False
2023-09-30,1032,7.0,False
2023-09-30,1033,6.0,False
2023-09-30,1034,7.0,False
2023-09-30,1035,8.0,False
2023-09-30,1036,7.0,False
2023-09-30,1037,11.5,False
2023-09-30,1038,6.5,False
2023-09-30,1039,6.0,False
2023-09-30,1040,26.0,False
2023-09-30,1041,14.0,False
2023-09-30,1042,35.5,False
2023-09-30,1043,8.5,False
2023-09-30,1044,18.5,False
2023-09-30,1045,9.0,False
2023-09-30,1046,9.0,False
2023-09-30,1047,10.5,False
2023-09-30,1048,31.0,False
2023-09-30,1049,4.5,False
2023-09-30,1050,8.0,False
2023-10-01,1001,3.0,False
2023-10-01,1002,8.5,False
2023-10-01,1003,2.0,False
2023-10-01,1004,1.5,False
2023-10-01,1005,8.5,False
2023-10-01,1006,2.5,False
2023-10-01,1007,2.5,False
2023-10-01,1008,1.5,False
2023-10-01,1009,1.5,False
2023-10-01,1010,5.5,False
2023-10-01,1011,1.0,False
2023-10-01,1012,1.0,False
2023-10-01,1013,1.5,False
2023-10-01,1014,6.0,False
2023-10-01,1015,1.5,False
2023-10-01,1016,2.0,False
2023-10-01,1017,3.5,False
2023-10-01,1018,2.0,False
2023-10-01,1019,11.5,False
2023-10-01,1020,5.0,False
2023-10-01,1021,2.5,False
2023-10-01,1022,3.0,False
2023-10-01,1023,3.0,False
2023-10-01,1024,1.5,False
2023-10-01,1025,6.0,False
2023-10-01,1026,4.5,False
2023-10-01,1027,2.5,False
2023-10-01,1028,2.5,False
2023-10-01,1029,14.0,False
2023-10-01,1030,34.0,False
2023-10-01,1031,2.5,False
2023-10-01,1032,1.0,False
2023-10-01,1033,1.5,False
2023-10-01,1034,1.0,False
2023-10-01,1035,2.0,False
2023-10-01,1036,23.5,False
2023-10-01,1037,3.0,False
2023-10-01,1038,16.0,False
2023-10-01,1039,1.5,False
2023-10-01,1040,2.5,False
2023-10-01,1041,40.0,False
2023-10-01,1042,89.0,False
2023-10-01,1043,15.5,False
2023-10-01,1044,3.0,False
2023-10-01,1045,18.0,False
2023-10-01,1046,16.5,False
2023-10-01,1047,1.0,False
2023-10-01,1048,18.5,False
2023-10-01,1049,0.5,False
2023-10-01,1050,3.0,False
2023-10-02,1001,4.0,False
2023-10-02,1002,3.5,False
2023-10-02,1003,0.5,False
2023-10-02,1004,32.5,False
2023-10-02,1005,0.0,False
2023-10-02,1006,0.0,False
2023-10-02,1007,9.0,False
2023-10-02,1008,1.0,False
2023-10-02,1009,0.0,False
2023-10-02,1010,0.0,False
2023-10-02,1011,11.5,False
2023-10-02,1012,5.0,False
2023-10-02,1013,26.0,False
2023-10-02,1014,0.5,False
2023-10-02,1015,11.0,False
2023-10-02,1016,7.0,False
2023-10-02,1017,0.0,False
2023-10-02,1018,33.5,False
2023-10-02,1019,0.5,False
2023-10-02,1020,1.0,False
2023-10-02,1021,2.0,False
2023-10-02,1022,7.5,False
2023-10-02,1023,1.0,False
2023-10-02,1024,1.0,False
2023-10-02,1025,0.0,False
2023-10-02,1026,0.0,False
2023-10-02,1027,0.0,False
2023-10-02,1028,12.0,False
2023-10-02,1029,0.5,False
2023-10-02,1030,0.0,False
2023-10-02,1031,1.5,False
2023-10-02,1032,0.5,False
2023-10-02,1033,3.0,False
2023-10-02,1034,0.0,False
2023-10-02,1035,4.0,False
2023-10-02,1036,0.5,False
2023-10-02,1037,2.5,False
2023-10-02,1038,0.0,False
2023-10-02,1039,0.0,False
2023-10-02,1040,0.5,False
2023-10-02,1041,0.5,False
2023-10-02,1042,1.0,False
2023-10-02,1043,0.0,False
2023-10-02,1044,0.5,False
2023-10-02,1045,0.0,False
2023-10-02,1046,0.5,False
2023-10-02,1047,8.5,False
2023-10-02,1048,6.5,False
2023-10-02,1049,9.5,False
2023-10-02,1050,1.0,False
2023-10-03,1001,0.0,False
2023-10-03,1002,0.0,False
2023-10-03,1003,0.0,False
2023-10-03,1004,0.0,False
2023-10-03,1005,0.0,False
2023-10-03,1006,0.0,False
2023-10-03,1007,0.0,False
2023-10-03,1008,0.0,False
2023-10-03,1009,0.0,False
2023-10-03,1010,0.0,False
2023-10-03,1011,0.0,False
2023-10-03,1012,0.0,False
2023-10-03,1013,0.0,False
2023-10-03,1014,0.0,False
2023-10-03,1015,0.5,False
2023-10-03,1016,0.0,False
2023-10-03,1017,0.0,False
2023-10-03,1018,0.5,False
2023-10-03,1019,0.0,False
2023-10-03,1020,0.0,False
2023-10-03,1021,0.0,False
2023-10-03,1022,0.0,False
2023-10-03,1023,0.0,False
2023-10-03,1024,0.0,False
2023-10-03,1025,0.0,False
2023-10-03,1026,0.0,False
2023-10-03,1027,0.0,False
2023-10-03,1028,0.0,False
2023-10-03,1029,0.0,False
2023-10-03,1030,0.0,False
2023-10-03,1031,0.0,False
2023-10-03,1032,0.0,False
2023-10-03,1033,0.0,False
2023-10-03,1034,0.0,False
2023-10-03,1035,0.0,False
2023-10-03,1036,0.0,False
2023-10-03,1037,0.0,False
2023-10-03,1038,0.0,False
2023-10-03,1039,0.0,False
2023-10-03,1040,0.0,False
2023-10-03,1041,0.0,False
2023-10-03,1042,0.0,False
2023-10-03,1043,0.0,False
2023-10-03,1044,0.0,False
2023-10-03,1045,0.0,False
2023-10-03,1046,0.5,False
2023-10-03,1047,0.0,False
2023-10-03,1048,0.5,False
2023-10-03,1049,0.5,False
2023-10-03,1050,0.0,False
2023-10-04,1001,124.0,False
2023-10-04,1002,72.5,False
2023-10-04,1003,39.0,False
2023-10-04,1004,67.5,False
2023-10-04,1005,25.5,False
2023-10-04,1006,24.5,False
2023-10-04,1007,100.0,False
2023-10-04,1008,100.5,False
2023-10-04,1009,73.5,False
2023-10-04,1010,14.5,False
2023-10-04,1011,65.0,False
2023-10-04,1012,28.0,False
2023-10-04,1013,75.0,False
2023-10-04,1014,85.5,False
2023-10-04,1015,61.0,False
2023-10-04,1016,82.5,False
2023-10-04,1017,61.5,False
2023-10-04,1018,62.5,False
2023-10-04,1019,108.0,False
2023-10-04,1020,104.5,False
2023-10-04,1021,20.5,False
2023-10-04,1022,108.0,False
2023-10-04,1023,56.5,False
2023-10-04,1024,24.5,False
2023-10-04,1025,50.0,False
2023-10-04,1026,67.0,False
2023-10-04,1027,23.0,False
2023-10-04,1028,49.5,False
2023-10-04,1029,58.5,False
2023-10-04,1030,18.0,False
2023-10-04,1031,34.5,False
2023-10-04,1032,46.5,False
2023-10-04,1033,72.5,False
2023-10-04,1034,63.5,False
2023-10-04,1035,41.5,False
2023-10-04,1036,18.5,False
2023-10-04,1037,96.5,False
2023-10-04,1038,14.0,False
2023-10-04,1039,68.5,False
2023-10-04,1040,89.5,False
2023-10-04,1041,17.0,False
2023-10-04,1042,38.5,False
2023-10-04,1043,23.5,False
2023-10-04,1044,45.0,False
2023-10-04,1045,62.5,False
2023-10-04,1046,23.0,False
2023-10-04,1047,55.0,False
2023-10-04,1048,71.0,False
2023-10-04,1049,23.0,False
2023-10-04,1050,22.0,False
2023-10-05,1001,24.0,False
2023-10-05,1002,24.0,False
2023-10-05,1003,12.5,False
2023-10-05,1004,40.5,False
2023-10-05,1005,2.0,False
2023-10-05,1006,1.0,False
2023-10-05,1007,26.5,False
2023-10-05,1008,22.0,False
2023-10-05,1009,63.0,False
2023-10-05,1010,4.5,False
2023-10-05,1011,1.0,False
2023-10-05,1012,35.0,False
2023-10-05,1013,34.0,False
2023-10-05,1014,27.0,False
2023-10-05,1015,46.5,False
2023-10-05,1016,38.5,False
2023-10-05,1017,0.5,False
2023-10-05,1018,43.5,False
2023-10-05,1019,15.0,False
2023-10-05,1020,19.5,False
2023-10-05,1021,17.0,False
2023-10-05,1022,32.5,False
2023-10-05,1023,9.0,False
2023-10-05,1024,27.5,False
2023-10-05,1025,22.5,False
2023-10-05,1026,6.0,False
2023-10-05,1027,1.5,False
2023-10-05,1028,59.0,False
2023-10-05,1029,30.0,False
2023-10-05,1030,21.5,False
2023-10-05,1031,33.0,False
2023-10-05,1032,1.0,False
2023-10-05,1033,61.0,False
2023-10-05,1034,1.0,False
2023-10-05,1035,23.0,False
2023-10-05,1036,3.5,False
2023-10-05,1037,19.5,False
2023-10-05,1038,0.5,False
2023-10-05,1039,1.0,False
2023-10-05,1040,13.0,False
2023-10-05,1041,3.0,False
2023-10-05,1042,5.0,False
2023-10-05,1043,2.0,False
2023-10-05,1044,2.5,False
2023-10-05,1045,2.0,False
2023-10-05,1046,11.5,False
2023-10-05,1047,20.0,False
2023-10-05,1048,5.5,False
2023-10-05,1049,6.5,False
2023-10-05,1050,2.5,False
2023-10-06,1001,8.5,False
2023-10-06,1002,8.0,False
2023-10-06,1003,4.5,False
2023-10-06,1004,0.0,False
2023-10-06,1005,7.0,False
2023-10-06,1006,1.0,False
2023-10-06,1007,0.5,False
2023-10-06,1008,0.5,False
2023-10-06,1009,2.0,False
2023-10-06,1010,1.5,False
2023-10-06,1011,6.5,False
2023-10-06,1012,0.5,False
2023-10-06,1013,0.5,False
2023-10-06,1014,1.5,False
2023-10-06,1015,0.0,False
2023-10-06,1016,0.0,False
2023-10-06,1017,1.5,False
2023-10-06,1018,0.5,False
2023-10-06,1019,0.0,False
2023-10-06,1020,0.0,False
2023-10-06,1021,9.0,False
2023-10-06,1022,0.0,False
2023-10-06,1023,6.0,False
2023-10-06,1024,2.0,False
2023-10-06,1025,3.5,False
2023-10-06,1026,1.5,False
2023-10-06,1027,0.5,False
2023-10-06,1028,0.0,False
2023-10-06,1029,7.5,False
2023-10-06,1030,9.5,False
2023-10-06,1031,0.5,False
2023-10-06,1032,0.5,False
2023-10-06,1033,7.5,False
2023-10-06,1034,0.5,False
2023-10-06,1035,0.5,False
2023-10-06,1036,14.0,False
2023-10-06,1037,5.5,False
2023-10-06,1038,0.5,False
2023-10-06,1039,2.5,False
2023-10-06,1040,3.5,False
2023-10-06,1041,49.5,False
2023-10-06,1042,3.0,False
2023-10-06,1043,0.0,False
2023-10-06,1044,1.0,False
2023-10-06,1045,3.0,False
2023-10-06,1046,4.5,False
2023-10-06,1047,2.0,False
2023-10-06,1048,2.0,False
2023-10-06,1049,6.0,False
2023-10-06,1050,15.5,False
2023-10-07,1001,6.0,False
2023-10-07,1002,5.5,False
2023-10-07,1003,57.0,False
2023-10-07,1004,6.0,False
2023-10-07,1005,5.5,False
2023-10-07,1006,2.0,False
2023-10-07,1007,5.0,False
2023-10-07,1008,5.5,False
2023-10-07,1009,11.5,False
2023-10-07,1010,12.5,False
2023-10-07,1011,30.5,False
2023-10-07,1012,6.5,False
2023-10-07,1013,6.0,False
2023-10-07,1014,5.5,False
2023-10-07,1015,10.0,False
2023-10-07,1016,8.0,False
2023-10-07,1017,5.0,False
2023-10-07,1018,8.5,False
2023-10-07,1019,22.5,False
2023-10-07,1020,6.0,False
2023-10-07,1021,54.5,False
2023-10-07,1022,9.5,False
2023-10-07,1023,23.5,False
2023-10-07,1024,4.5,False
2023-10-07,1025,4.0,False
2023-10-07,1026,5.0,False
2023-10-07,1027,1.0,False
2023-10-07,1028,6.0,False
2023-10-07,1029,4.5,False
2023-10-07,1030,5.0,False
2023-10-07,1031,9.0,False
2023-10-07,1032,15.0,False
2023-10-07,1033,6.5,False
2023-10-07,1034,6.5,False
2023-10-07,1035,21.0,False
2023-10-07,1036,3.5,False
2023-10-07,1037,6.0,False
2023-10-07,1038,0.0,False
2023-10-07,1039,4.0,False
2023-10-07,1040,23.0,False
2023-10-07,1041,5.0,False
2023-10-07,1042,24.5,False
2023-10-07,1043,1.5,False
2023-10-07,1044,5.5,False
2023-10-07,1045,17.0,False
2023-10-07,1046,25.0,False
2023-10-07,1047,13.0,False
2023-10-07,1048,8.5,False
2023-10-07,1049,10.5,False
2023-10-07,1050,39.5,False
2023-10-08,1001,1.5,False
2023-10-08,1002,4.0,False
2023-10-08,1003,33.0,False
2023-10-08,1004,1.0,False
2023-10-08,1005,5.5,False
2023-10-08,1006,2.0,False
2023-10-08,1007,4.0,False
2023-10-08,1008,1.0,False
2023-10-08,1009,2.0,False
2023-10-08,1010,30.0,False
2023-10-08,1011,11.0,False
2023-10-08,1012,1.0,False
2023-10-08,1013,1.0,False
2023-10-08,1014,2.5,False
2023-10-08,1015,1.0,False
2023-10-08,1016,0.5,False
2023-10-08,1017,3.5,False
2023-10-08,1018,1.0,False
2023-10-08,1019,2.0,False
2023-10-08,1020,1.0,False
2023-10-08,1021,1.0,False
2023-10-08,1022,1.0,False
2023-10-08,1023,1.0,False
2023-10-08,1024,1.5,False
2023-10-08,1025,1.0,False
2023-10-08,1026,4.5,False
2023-10-08,1027,12.0,False
2023-10-08,1028,1.5,False
2023-10-08,1029,3.0,False
2023-10-08,1030,30.5,False
2023-10-08,1031,1.0,False
2023-10-08,1032,4.0,False
2023-10-08,1033,2.0,False
2023-10-08,1034,1.5,False
2023-10-08,1035,1.0,False
2023-10-08,1036,4.0,False
2023-10-08,1037,5.0,False
2023-10-08,1038,7.5,False
2023-10-08,1039,1.5,False
2023-10-08,1040,1.5,False
2023-10-08,1041,8.5,False
2023-10-08,1042,28.5,False
2023-10-08,1043,13.5,False
2023-10-08,1044,13.5,False
2023-10-08,1045,12.5,False
2023-10-08,1046,22.0,False
2023-10-08,1047,2.0,False
2023-10-08,1048,13.5,False
2023-10-08,1049,1.0,False
2023-10-08,1050,0.5,False
2023-10-09,1001,0.0,False
2023-10-09,1002,0.5,False
2023-10-09,1003,6.0,False
2023-10-09,1004,0.0,False
2023-10-09,1005,0.0,False
2023-10-09,1006,0.0,False
2023-10-09,1007,0.5,False
2023-10-09,1008,0.0,False
2023-10-09,1009,0.5,False
2023-10-09,1010,0.5,False
2023-10-09,1011,0.0,False
2023-10-09,1012,0.0,False
2023-10-09,1013,0.0,False
2023-10-09,1014,0.0,False
2023-10-09,1015,0.0,False
2023-10-09,1016,0.0,False
2023-10-09,1017,0.0,False
2023-10-09,1018,0.0,False
2023-10-09,1019,0.5,False
2023-10-09,1020,0.0,False
2023-10-09,1021,0.0,False
2023-10-09,1022,0.0,False
2023-10-09,1023,0.0,False
2023-10-09,1024,0.0,False
2023-10-09,1025,0.0,False
2023-10-09,1026,0.5,False
2023-10-09,1027,0.0,False
2023-10-09,1028,0.0,False
2023-10-09,1029,0.0,False
2023-10-09,1030,0.0,False
2023-10-09,1031,0.0,False
2023-10-09,1032,0.0,False
2023-10-09,1033,0.0,False
2023-10-09,1034,0.0,False
2023-10-09,1035,0.0,False
2023-10-09,1036,0.5,False
2023-10-09,1037,0.0,False
2023-10-09,1038,0.0,False
2023-10-09,1039,0.0,False
2023-10-09,1040,0.0,False
2023-10-09,1041,0.5,False
2023-10-09,1042,0.5,False
2023-10-09,1043,0.0,False
2023-10-09,1044,0.5,False
2023-10-09,1045,0.5,False
2023-10-09,1046,1.5,False
2023-10-09,1047,0.0,False
2023-10-09,1048,0.0,False
2023-10-09,1049,0.0,False
2023-10-09,1050,0.0,False
2023-10-10,1001,10.5,False
2023-10-10,1002,0.5,False
2023-10-10,1003,17.5,False
2023-10-10,1004,0.5,False
2023-10-10,1005,1.0,False
2023-10-10,1006,0.0,False
2023-10-10,1007,0.0,False
2023-10-10,1008,0.5,False
2023-10-10,1009,2.5,False
2023-10-10,1010,0.5,False
2023-10-10,1011,1.0,False
2023-10-10,1012,1.5,False
2023-10-10,1013,0.5,False
2023-10-10,1014,0.5,False
2023-10-10,1015,2.0,False
2023-10-10,1016,7.0,False
2023-10-10,1017,5.0,False
2023-10-10,1018,0.0,False
2023-10-10,1019,19.0,False
2023-10-10,1020,16.0,False
2023-10-10,1021,0.5,False
2023-10-10,1022,10.5,False
2023-10-10,1023,6.5,False
2023-10-10,1024,2.0,False
2023-10-10,1025,1.5,False
2023-10-10,1026,0.0,False
2023-10-10,1027,0.5,False
2023-10-10,1028,0.0,False
2023-10-10,1029,1.5,False
2023-10-10,1030,0.5,False
2023-10-10,1031,0.5,False
2023-10-10,1032,0.0,False
2023-10-10,1033,11.5,False
2023-10-10,1034,0.5,False
2023-10-10,1035,0.0,False
2023-10-10,1036,4.0,False
2023-10-10,1037,1.5,False
2023-10-10,1038,0.0,False
2023-10-10,1039,6.0,False
2023-10-10,1040,6.5,False
2023-10-10,1041,2.0,False
2023-10-10,1042,52.5,False
2023-10-10,1043,0.5,False
2023-10-10,1044,2.0,False
2023-10-10,1045,4.5,False
2023-10-10,1046,1.5,False
2023-10-10,1047,1.0,False
2023-10-10,1048,6.5,False
2023-10-10,1049,0.0,False
2023-10-10,1050,10.0,False
2023-10-11,1001,10.5,False
2023-10-11,1002,13.0,False
2023-10-11,1003,48.5,False
2023-10-11,1004,5.5,False
2023-10-11,1005,2.5,False
2023-10-11,1006,1.0,False
2023-10-11,1007,29.0,False
2023-10-11,1008,13.5,False
2023-10-11,1009,33.0,False
2023-10-11,1010,51.5,False
2023-10-11,1011,9.0,False
2023-10-11,1012,7.0,False
2023-10-11,1013,3.5,False
2023-10-11,1014,24.5,False
2023-10-11,1015,1.0,False
2023-10-11,1016,1.0,False
2023-10-11,1017,2.0,False
2023-10-11,1018,4.0,False
2023-10-11,1019,2.0,False
2023-10-11,1020,2.0,False
2023-10-11,1021,34.5,False
2023-10-11,1022,1.5,False
2023-10-11,1023,0.5,False
2023-10-11,1024,3.5,False
2023-10-11,1025,11.0,False
2023-10-11,1026,7.0,False
2023-10-11,1027,1.0,False
2023-10-11,1028,2.5,False
2023-10-11,1029,34.5,False
2023-10-11,1030,16.5,False
2023-10-11,1031,2.5,False
2023-10-11,1032,7.0,False
2023-10-11,1033,46.0,False
2023-10-11,1034,2.0,False
2023-10-11,1035,10.5,False
2023-10-11,1036,3.5,False
2023-10-11,1037,38.0,False
2023-10-11,1038,0.0,False
2023-10-11,1039,17.5,False
2023-10-11,1040,1.0,False
2023-10-11,1041,3.5,False
2023-10-11,1042,15.5,False
2023-10-11,1043,6.0,False
2023-10-11,1044,2.5,False
2023-10-11,1045,2.5,False
2023-10-11,1046,38.0,False
2023-10-11,1047,35.0,False
2023-10-11,1048,3.0,False
2023-10-11,1049,0.5,False
2023-10-11,1050,10.5,False
2023-10-12,1001,13.0,False
2023-10-12,1002,14.0,False
2023-10-12,1003,23.5,False
2023-10-12,1004,7.0,False
2023-10-12,1005,6.0,False
2023-10-12,1006,7.0,False
2023-10-12,1007,7.0,False
2023-10-12,1008,9.5,False
2023-10-12,1009,10.0,False
2023-10-12,1010,26.0,False
2023-10-12,1011,43.0,False
2023-10-12,1012,15.5,False
2023-10-12,1013,6.5,False
2023-10-12,1014,34.5,False
2023-10-12,1015,4.0,False
2023-10-12,1016,8.5,False
2023-10-12,1017,7.5,False
2023-10-12,1018,11.5,False
2023-10-12,1019,4.0,False
2023-10-12,1020,5.5,False
2023-10-12,1021,47.5,False
2023-10-12,1022,6.5,False
2023-10-12,1023,19.0,False
2023-10-12,1024,14.0,False
2023-10-12,1025,12.5,False
2023-10-12,1026,21.0,False
2023-10-12,1027,7.0,False
2023-10-12,1028,7.0,False
2023-10-12,1029,12.5,False
2023-10-12,1030,5.5,False
2023-10-12,1031,6.0,False
2023-10-12,1032,31.5,False
2023-10-12,1033,12.0,False
2023-10-12,1034,15.0,False
2023-10-12,1035,23.5,False
2023-10-12,1036,5.5,False
2023-10-12,1037,12.0,False
2023-10-12,1038,4.0,False
2023-10-12,1039,11.0,False
2023-10-12,1040,20.0,False
2023-10-12,1041,5.0,False
2023-10-12,1042,12.5,False
2023-10-12,1043,12.5,False
2023-10-12,1044,12.5,False
2023-10-12,1045,6.5,False
2023-10-12,1046,14.5,False
2023-10-12,1047,42.5,False
2023-10-12,1048,3.5,False
2023-10-12,1049,74.5,False
2023-10-12,1050,18.5,False
2023-10-13,1001,0.0,False
2023-10-13,1002,0.0,False
2023-10-13,1003,12.0,False
2023-10-13,1004,0.0,False
2023-10-13,1005,0.0,False
2023-10-13,1006,0.0,False
2023-10-13,1007,0.0,False
2023-10-13,1008,0.0,False
2023-10-13,1009,4.0,False
2023-10-13,1010,2.5,False
2023-10-13,1011,0.5,False
2023-10-13,1012,2.5,False
2023-10-13,1013,0.0,False
2023-10-13,1014,0.0,False
2023-10-13,1015,2.5,False
2023-10-13,1016,1.5,False
2023-10-13,1017,0.0,False
2023-10-13,1018,2.0,False
2023-10-13,1019,0.5,False
2023-10-13,1020,0.0,False
2023-10-13,1021,12.0,False
2023-10-13,1022,1.0,False
2023-10-13,1023,1.0,False
2023-10-13,1024,1.0,False
2023-10-13,1025,0.0,False
2023-10-13,1026,0.0,False
2023-10-13,1027,2.5,False
2023-10-13,1028,3.0,False
2023-10-13,1029,0.0,False
2023-10-13,1030,0.5,False
2023-10-13,1031,1.0,False
2023-10-13,1032,0.0,False
2023-10-13,1033,0.0,False
2023-10-13,1034,0.0,False
2023-10-13,1035,0.5,False
2023-10-13,1036,2.5,False
2023-10-13,1037,0.0,False
2023-10-13,1038,0.5,False
2023-10-13,1039,0.0,False
2023-10-13,1040,0.0,False
2023-10-13,1041,1.0,False
2023-10-13,1042,3.5,False
2023-10-13,1043,0.5,False
2023-10-13,1044,2.0,False
2023-10-13,1045,0.0,False
2023-10-13,1046,7.5,False
2023-10-13,1047,5.0,False
2023-10-13,1048,1.0,False
2023-10-13,1049,0.0,False
2023-10-13,1050,16.5,False
2023-10-14,1001,0.0,False
2023-10-14,1002,0.0,False
2023-10-14,1003,6.0,False
2023-10-14,1004,0.0,False
2023-10-14,1005,0.0,False
2023-10-14,1006,0.0,False
2023-10-14,1007,0.0,False
2023-10-14,1008,0.0,False
2023-10-14,1009,8.0,False
2023-10-14,1010,6.5,False
2023-10-14,1011,15.0,False
2023-10-14,1012,0.0,False
2023-10-14,1013,0.0,False
2023-10-14,1014,0.0,False
2023-10-14,1015,0.0,False
2023-10-14,1016,0.0,False
2023-10-14,1017,2.5,False
2023-10-14,1018,0.0,False
2023-10-14,1019,0.0,False
2023-10-14,1020,0.0,False
2023-10-14,1021,0.0,False
2023-10-14,1022,0.0,False
2023-10-14,1023,0.0,False
2023-10-14,1024,0.0,False
2023-10-14,1025,0.0,False
2023-10-14,1026,0.0,False
2023-10-14,1027,0.0,False
2023-10-14,1028,0.0,False
2023-10-14,1029,0.0,False
2023-10-14,1030,0.0,False
2023-10-14,1031,0.0,False
2023-10-14,1032,1.5,False
2023-10-14,1033,9.0,False
2023-10-14,1034,0.5,False
2023-10-14,1035,0.0,False
2023-10-14,1036,0.0,False
2023-10-14,1037,0.0,False
2023-10-14,1038,0.0,False
2023-10-14,1039,0.0,False
2023-10-14,1040,0.0,False
2023-10-14,1041,0.0,False
2023-10-14,1042,0.5,False
2023-10-14,1043,0.0,False
2023-10-14,1044,0.0,False
2023-10-14,1045,1.5,False
2023-10-14,1046,0.0,False
2023-10-14,1047,8.0,False
2023-10-14,1048,0.5,False
2023-10-14,1049,0.0,False
2023-10-14,1050,0.0,False
2023-10-15,1001,0.0,False
2023-10-15,1002,0.0,False
2023-10-15,1003,0.0,False
2023-10-15,1004,0.0,False
2023-10-15,1005,0.0,False
2023-10-15,1006,0.0,False
2023-10-15,1007,0.0,False
2023-10-15,1008,0.0,False
2023-10-15,1009,0.0,False
2023-10-15,1010,0.5,False
2023-10-15,1011,0.0,False
2023-10-15,1012,0.0,False
2023-10-15,1013,0.0,False
2023-10-15,1014,0.0,False
2023-10-15,1015,0.0,False
2023-10-15,1016,0.0,False
2023-10-15,1017,0.0,False
2023-10-15,1018,0.0,False
2023-10-15,1019,0.0,False
2023-10-15,1020,0.0,False
2023-10-15,1021,0.0,False
2023-10-15,1022,0.0,False
2023-10-15,1023,0.0,False
2023-10-15,1024,0.0,False
2023-10-15,1025,0.0,False
2023-10-15,1026,0.0,False
2023-10-15,1027,0.0,False
2023-10-15,1028,0.0,False
2023-10-15,1029,0.0,False
2023-10-15,1030,0.0,False
2023-10-15,1031,0.0,False
2023-10-15,1032,0.0,False
2023-10-15,1033,0.0,False
2023-10-15,1034,0.5,False
2023-10-15,1035,0.0,False
2023-10-15,1036,0.0,False
2023-10-15,1037,0.0,False
2023-10-15,1038,0.0,False
2023-10-15,1039,0.0,False
2023-10-15,1040,0.0,False
2023-10-15,1041,0.0,False
2023-10-15,1042,0.0,False
2023-10-15,1043,0.0,False
2023-10-15,1044,0.0,False
2023-10-15,1045,0.0,False
2023-10-15,1046,0.0,False
2023-10-15,1047,0.0,False
2023-10-15,1048,0.0,False
2023-10-15,1049,0.0,False
2023-10-15,1050,0.0,False
2023-10-16,1001,1.0,False
2023-10-16,1002,0.0,False
2023-10-16,1003,0.0,False
2023-10-16,1004,4.0,False
2023-10-16,1005,0.0,False
2023-10-16,1006,0.0,False
2023-10-16,1007,1.5,False
2023-10-16,1008,0.0,False
2023-10-16,1009,0.0,False
2023-10-16,1010,0.0,False
2023-10-16,1011,4.5,False
2023-10-16,1012,0.0,False
2023-10-16,1013,0.0,False
2023-10-16,1014,0.0,False
2023-10-16,1015,2.5,False
2023-10-16,1016,3.0,False
2023-10-16,1017,0.0,False
2023-10-16,1018,1.0,False
2023-10-16,1019,18.0,False
2023-10-16,1020,19.5,False
2023-10-16,1021,31.5,False
2023-10-16,1022,31.0,False
2023-10-16,1023,0.0,False
2023-10-16,1024,2.0,False
2023-10-16,1025,1.5,False
2023-10-16,1026,0.0,False
2023-10-16,1027,0.0,False
2023-10-16,1028,0.5,False
2023-10-16,1029,1.0,False
2023-10-16,1030,0.0,False
2023-10-16,1031,1.0,False
2023-10-16,1032,2.5,False
2023-10-16,1033,0.0,False
2023-10-16,1034,0.0,False
2023-10-16,1035,5.0,False
2023-10-16,1036,0.0,False
2023-10-16,1037,0.0,False
2023-10-16,1038,0.0,False
2023-10-16,1039,0.0,False
2023-10-16,1040,50.5,False
2023-10-16,1041,0.0,False
2023-10-16,1042,0.0,False
2023-10-16,1043,0.0,False
2023-10-16,1044,0.0,False
2023-10-16,1045,0.0,False
2023-10-16,1046,0.0,False
2023-10-16,1047,0.0,False
2023-10-16,1048,12.0,False
2023-10-16,1049,7.0,False
2023-10-16,1050,19.0,False
2023-10-17,1001,8.0,False
2023-10-17,1002,0.0,False
2023-10-17,1003,0.0,False
2023-10-17,1004,18.0,False
2023-10-17,1005,0.5,False
2023-10-17,1006,29.0,False
2023-10-17,1007,14.0,False
2023-10-17,1008,0.5,False
2023-10-17,1009,51.0,False
2023-10-17,1010,0.0,False
2023-10-17,1011,14.5,False
2023-10-17,1012,58.5,False
2023-10-17,1013,21.5,False
2023-10-17,1014,5.0,False
2023-10-17,1015,56.0,False
2023-10-17,1016,21.0,False
2023-10-17,1017,30.5,False
2023-10-17,1018,66.0,False
2023-10-17,1019,8.0,False
2023-10-17,1020,8.5,False
2023-10-17,1021,55.5,False
2023-10-17,1022,29.0,False
2023-10-17,1023,5.5,False
2023-10-17,1024,92.5,False
2023-10-17,1025,0.0,False
2023-10-17,1026,6.0,False
2023-10-17,1027,14.0,False
2023-10-17,1028,41.0,False
2023-10-17,1029,1.0,False
2023-10-17,1030,11.5,False
2023-10-17,1031,92.5,False
2023-10-17,1032,18.5,False
2023-10-17,1033,39.0,False
2023-10-17,1034,40.5,False
2023-10-17,1035,92.5,False
2023-10-17,1036,0.0,False
2023-10-17,1037,10.0,False
2023-10-17,1038,18.0,False
2023-10-17,1039,29.5,False
2023-10-17,1040,17.0,False
2023-10-17,1041,0.0,False
2023-10-17,1042,0.0,False
2023-10-17,1043,0.0,False
2023-10-17,1044,2.5,False
2023-10-17,1045,37.0,False
2023-10-17,1046,0.0,False
2023-10-17,1047,41.0,False
2023-10-17,1048,7.5,False
2023-10-17,1049,38.0,False
2023-10-17,1050,57.0,False
2023-10-18,1001,1.0,False
2023-10-18,1002,0.0,False
2023-10-18,1003,0.0,False
2023-10-18,1004,0.0,False
2023-10-18,1005,0.0,False
2023-10-18,1006,0.0,False
2023-10-18,1007,0.0,False
2023-10-18,1008,0.0,False
2023-10-18,1009,0.0,False
2023-10-18,1010,0.0,False
2023-10-18,1011,0.0,False
2023-10-18,1012,0.0,False
2023-10-18,1013,1.0,False
2023-10-18,1014,0.0,False
2023-10-18,1015,2.0,False
2023-10-18,1016,1.0,False
2023-10-18,1017,0.0,False
2023-10-18,1018,0.5,False
2023-10-18,1019,0.0,False
2023-10-18,1020,2.5,False
2023-10-18,1021,0.0,False
2023-10-18,1022,0.5,False
2023-10-18,1023,0.0,False
2023-10-18,1024,0.0,False
2023-10-18,1025,0.0,False
2023-10-18,1026,0.0,False
2023-10-18,1027,0.0,False
2023-10-18,1028,0.0,False
2023-10-18,1029,0.0,False
2023-10-18,1030,0.0,False
2023-10-18,1031,0.0,False
2023-10-18,1032,0.0,False
2023-10-18,1033,0.0,False
2023-10-18,1034,0.0,False
2023-10-18,1035,3.5,False
2023-10-18,1036,0.0,False
2023-10-18,1037,0.0,False
2023-10-18,1038,0.0,False
2023-10-18,1039,0.0,False
2023-10-18,1040,0.5,False
2023-10-18,1041,1.5,False
2023-10-18,1042,0.0,False
2023-10-18,1043,0.0,False
2023-10-18,1044,0.0,False
2023-10-18,1045,0.0,False
2023-10-18,1046,0.0,False
2023-10-18,1047,0.0,False
2023-10-18,1048,7.0,False
2023-10-18,1049,0.0,False
2023-10-18,1050,0.0,False
2023-10-19,1001,0.0,False
2023-10-19,1002,0.0,False
2023-10-19,1003,0.0,False
2023-10-19,1004,0.0,False
2023-10-19,1005,0.0,False
2023-10-19,1006,4.5,False
2023-10-19,1007,0.0,False
2023-10-19,1008,0.0,False
2023-10-19,1009,17.5,False
2023-10-19,1010,0.0,False
2023-10-19,1011,0.0,False
2023-10-19,1012,28.0,False
2023-10-19,1013,0.0,False
2023-10-19,1014,0.0,False
2023-10-19,1015,0.5,False
2023-10-19,1016,0.0,False
2023-10-19,1017,0.0,False
2023-10-19,1018,0.5,False
2023-10-19,1019,0.5,False
2023-10-19,1020,0.0,False
2023-10-19,1021,0.0,False
2023-10-19,1022,0.0,False
2023-10-19,1023,0.0,False
2023-10-19,1024,11.5,False
2023-10-19,1025,0.0,False
2023-10-19,1026,0.0,False
2023-10-19,1027,12.0,False
2023-10-19,1028,0.0,False
2023-10-19,1029,0.0,False
2023-10-19,1030,0.0,False
2023-10-19,1031,6.0,False
2023-10-19,1032,2.5,False
2023-10-19,1033,5.0,False
2023-10-19,1034,3.5,False
2023-10-19,1035,2.5,False
2023-10-19,1036,0.0,False
2023-10-19,1037,0.0,False
2023-10-19,1038,0.0,False
2023-10-19,1039,0.0,False
2023-10-19,1040,0.0,False
2023-10-19,1041,0.0,False
2023-10-19,1042,0.0,False
2023-10-19,1043,7.0,False
2023-10-19,1044,14.5,False
2023-10-19,1045,0.0,False
2023-10-19,1046,0.0,False
2023-10-19,1047,22.0,False
2023-10-19,1048,0.0,False
2023-10-19,1049,0.0,False
2023-10-19,1050,4.0,False
2023-10-20,1001,20.5,False
2023-10-20,1002,22.5,False
2023-10-20,1003,0.0,False
2023-10-20,1004,5.0,False
2023-10-20,1005,10.5,False
2023-10-20,1006,0.0,False
2023-10-20,1007,9.5,False
2023-10-20,1008,0.5,False
2023-10-20,1009,48.5,False
2023-10-20,1010,0.0,False
2023-10-20,1011,9.5,False
2023-10-20,1012,31.5,False
2023-10-20,1013,1.5,False
2023-10-20,1014,16.5,False
2023-10-20,1015,13.0,False
2023-10-20,1016,3.5,False
2023-10-20,1017,26.5,False
2023-10-20,1018,3.5,False
2023-10-20,1019,16.0,False
2023-10-20,1020,20.5,False
2023-10-20,1021,32.0,False
2023-10-20,1022,31.5,False
2023-10-20,1023,5.0,False
2023-10-20,1024,20.0,False
2023-10-20,1025,11.0,False
2023-10-20,1026,24.0,False
2023-10-20,1027,0.0,False
2023-10-20,1028,3.5,False
2023-10-20,1029,26.0,False
2023-10-20,1030,23.5,False
2023-10-20,1031,7.5,False
2023-10-20,1032,2.0,False
2023-10-20,1033,30.5,False
2023-10-20,1034,0.0,False
2023-10-20,1035,20.5,False
2023-10-20,1036,2.0,False
2023-10-20,1037,18.0,False
2023-10-20,1038,1.5,False
2023-10-20,1039,12.0,False
2023-10-20,1040,16.0,False
2023-10-20,1041,13.5,False
2023-10-20,1042,0.0,False
2023-10-20,1043,0.0,False
2023-10-20,1044,0.0,False
2023-10-20,1045,27.5,False
2023-10-20,1046,0.0,False
2023-10-20,1047,40.5,False
2023-10-20,1048,10.0,False
2023-10-20,1049,35.5,False
2023-10-20,1050,43.0,False
2023-10-21,1001,0.0,False
2023-10-21,1002,0.0,False
2023-10-21,1003,0.0,False
2023-10-21,1004,0.0,False
2023-10-21,1005,0.0,False
2023-10-21,1006,0.0,False
2023-10-21,1007,0.0,False
2023-10-21,1008,0.0,False
2023-10-21,1009,0.0,False
2023-10-21,1010,0.0,False
2023-10-21,1011,0.0,False
2023-10-21,1012,0.5,False
2023-10-21,1013,0.0,False
2023-10-21,1014,0.0,False
2023-10-21,1015,0.0,False
2023-10-21,1016,0.0,False
2023-10-21,1017,0.0,False
2023-10-21,1018,0.0,False
2023-10-21,1019,0.0,False
2023-10-21,1020,0.0,False
2023-10-21,1021,0.5,False
2023-10-21,1022,0.0,False
2023-10-21,1023,0.5,False
2023-10-21,1024,0.0,False
2023-10-21,1025,0.0,False
2023-10-21,1026,0.0,False
2023-10-21,1027,0.0,False
2023-10-21,1028,0.0,False
2023-10-21,1029,0.0,False
2023-10-21,1030,0.5,False
2023-10-21,1031,0.0,False
2023-10-21,1032,0.0,False
2023-10-21,1033,0.0,False
2023-10-21,1034,0.0,False
2023-10-21,1035,0.0,False
2023-10-21,1036,0.0,False
2023-10-21,1037,0.0,False
2023-10-21,1038,0.0,False
2023-10-21,1039,0.5,False
2023-10-21,1040,0.0,False
2023-10-21,1041,0.0,False
2023-10-21,1042,0.0,False
2023-10-21,1043,0.0,False
2023-10-21,1044,0.0,False
2023-10-21,1045,0.0,False
2023-10-21,1046,0.0,False
2023-10-21,1047,0.0,False
2023-10-21,1048,0.0,False
2023-10-21,1049,0.5,False
2023-10-21,1050,0.0,False
2023-10-23,1001,1.0,False
2023-10-23,1002,0.5,False
2023-10-23,1003,0.5,False
2023-10-23,1004,0.0,False
2023-10-23,1005,0.0,False
2023-10-23,1006,0.5,False
2023-10-23,1007,0.5,False
2023-10-23,1008,0.0,False
2023-10-23,1009,0.0,False
2023-10-23,1010,0.5,False
2023-10-23,1011,0.5,False
2023-10-23,1012,0.0,False
2023-10-23,1013,0.0,False
2023-10-23,1014,0.5,False
2023-10-23,1015,1.5,False
2023-10-23,1016,3.5,False
2023-10-23,1017,0.0,False
2023-10-23,1018,0.0,False
2023-10-23,1019,0.5,False
2023-10-23,1020,0.0,False
2023-10-23,1021,0.5,False
2023-10-23,1022,4.0,False
2023-10-23,1023,9.0,False
2023-10-23,1024,0.0,False
2023-10-23,1025,0.0,False
2023-10-23,1026,0.0,False
2023-10-23,1027,0.0,False
2023-10-23,1028,0.0,False
2023-10-23,1029,0.0,False
2023-10-23,1030,0.5,False
2023-10-23,1031,0.0,False
2023-10-23,1032,0.0,False
2023-10-23,1033,0.5,False
2023-10-23,1034,0.0,False
2023-10-23,1035,8.0,False
2023-10-23,1036,3.5,False
2023-10-23,1037,0.0,False
2023-10-23,1038,0.0,False
2023-10-23,1039,0.0,False
2023-10-23,1040,11.0,False
2023-10-23,1041,4.0,False
2023-10-23,1042,14.0,False
2023-10-23,1043,0.0,False
2023-10-23,1044,0.5,False
2023-10-23,1045,0.0,False
2023-10-23,1046,0.0,False
2023-10-23,1047,0.0,False
2023-10-23,1048,3.5,False
2023-10-23,1049,0.5,False
2023-10-23,1050,0.0,False
2023-10-24,1001,0.0,False
2023-10-24,1002,0.0,False
2023-10-24,1003,0.0,False
2023-10-24,1004,0.0,False
2023-10-24,1005,0.0,False
2023-10-24,1006,0.0,False
2023-10-24,1007,0.0,False
2023-10-24,1008,0.0,False
2023-10-24,1009,0.0,False
2023-10-24,1010,0.0,False
2023-10-24,1011,0.0,False
2023-10-24,1012,0.0,False
2023-10-24,1013,0.0,False
2023-10-24,1014,0.0,False
2023-10-24,1015,0.0,False
2023-10-24,1016,0.0,False
2023-10-24,1017,0.0,False
2023-10-24,1018,0.0,False
2023-10-24,1019,2.5,False
2023-10-24,1020,0.0,False
2023-10-24,1021,16.5,False
2023-10-24,1022,5.5,False
2023-10-24,1023,42.0,False
2023-10-24,1024,0.0,False
2023-10-24,1025,0.0,False
2023-10-24,1026,0.0,False
2023-10-24,1027,0.0,False
2023-10-24,1028,0.0,False
2023-10-24,1029,0.0,False
2023-10-24,1030,0.0,False
2023-10-24,1031,0.0,False
2023-10-24,1032,0.0,False
2023-10-24,1033,0.0,False
2023-10-24,1034,0.0,False
2023-10-24,1035,10.0,False
2023-10-24,1036,0.0,False
2023-10-24,1037,0.0,False
2023-10-24,1038,0.0,False
2023-10-24,1039,0.0,False
2023-10-24,1040,34.5,False
2023-10-24,1041,0.0,False
2023-10-24,1042,0.5,False
2023-10-24,1043,0.0,False
2023-10-24,1044,0.0,False
2023-10-24,1045,0.0,False
2023-10-24,1046,0.0,False
2023-10-24,1047,0.0,False
2023-10-24,1048,7.0,False
2023-10-24,1049,0.0,False
2023-10-24,1050,2.0,False
2023-10-25,1001,9.5,False
2023-10-25,1002,8.0,False
2023-10-25,1003,31.5,False
2023-10-25,1004,30.0,False
2023-10-25,1005,0.0,False
2023-10-25,1006,0.0,False
2023-10-25,1007,12.5,False
2023-10-25,1008,8.5,False
2023-10-25,1009,0.0,False
2023-10-25,1010,1.0,False
2023-10-25,1011,13.5,False
2023-10-25,1012,0.0,False
2023-10-25,1013,30.5,False
2023-10-25,1014,10.0,False
2023-10-25,1015,32.5,False
2023-10-25,1016,28.5,False
2023-10-25,1017,2.5,False
2023-10-25,1018,28.5,False
2023-10-25,1019,23.0,False
2023-10-25,1020,10.5,False
2023-10-25,1021,32.5,False
2023-10-25,1022,50.0,False
2023-10-25,1023,29.5,False
2023-10-25,1024,14.5,False
2023-10-25,1025,6.0,False
2023-10-25,1026,1.5,False
2023-10-25,1027,0.0,False
2023-10-25,1028,32.5,False
2023-10-25,1029,9.0,False
2023-10-25,1030,4.0,False
2023-10-25,1031,17.5,False
2023-10-25,1032,0.0,False
2023-10-25,1033,0.0,False
2023-10-25,1034,0.0,False
2023-10-25,1035,32.5,False
2023-10-25,1036,0.0,False
2023-10-25,1037,3.0,False
2023-10-25,1038,0.0,False
2023-10-25,1039,0.0,False
2023-10-25,1040,65.5,False
2023-10-25,1041,0.5,False
2023-10-25,1042,0.0,False
2023-10-25,1043,0.0,False
2023-10-25,1044,0.0,False
2023-10-25,1045,0.5,False
2023-10-25,1046,0.0,False
2023-10-25,1047,0.0,False
2023-10-25,1048,28.5,False
2023-10-25,1049,4.0,False
2023-10-25,1050,32.5,False
2023-10-26,1001,1.0,False
2023-10-26,1002,0.0,False
2023-10-26,1003,3.5,False
2023-10-26,1004,0.0,False
2023-10-26,1005,0.5,False
2023-10-26,1006,0.0,False
2023-10-26,1007,0.0,False
2023-10-26,1008,0.0,False
2023-10-26,1009,0.0,False
2023-10-26,1010,0.0,False
2023-10-26,1011,0.0,False
2023-10-26,1012,0.0,False
2023-10-26,1013,0.5,False
2023-10-26,1014,0.0,False
2023-10-26,1015,2.0,False
2023-10-26,1016,0.5,False
2023-10-26,1017,0.0,False
2023-10-26,1018,3.5,False
2023-10-26,1019,4.5,False
2023-10-26,1020,0.0,False
2023-10-26,1021,9.0,False
2023-10-26,1022,0.5,False
2023-10-26,1023,13.0,False
2023-10-26,1024,3.5,False
2023-10-26,1025,0.0,False
2023-10-26,1026,0.0,False
2023-10-26,1027,0.0,False
2023-10-26,1028,2.5,False
2023-10-26,1029,0.5,False
2023-10-26,1030,1.0,False
2023-10-26,1031,3.0,False
2023-10-26,1032,0.5,False
2023-10-26,1033,0.0,False
2023-10-26,1034,0.0,False
2023-10-26,1035,6.0,False
2023-10-26,1036,0.0,False
2023-10-26,1037,0.5,False
2023-10-26,1038,0.0,False
2023-10-26,1039,0.0,False
2023-10-26,1040,13.5,False
2023-10-26,1041,0.0,False
2023-10-26,1042,0.0,False
2023-10-26,1043,0.0,False
2023-10-26,1044,0.0,False
2023-10-26,1045,0.0,False
2023-10-26,1046,0.0,False
2023-10-26,1047,5.5,False
2023-10-26,1048,23.5,False
2023-10-26,1049,0.0,False
2023-10-26,1050,2.5,False
2023-10-27,1001,0.0,False
2023-10-27,1002,0.0,False
2023-10-27,1003,0.0,False
2023-10-27,1004,0.0,False
2023-10-27,1005,0.0,False
2023-10-27,1006,0.0,False
2023-10-27,1007,0.0,False
2023-10-27,1008,0.0,False
2023-10-27,1009,0.0,False
2023-10-27,1010,0.0,False
2023-10-27,1011,0.0,False
2023-10-27,1012,0.0,False
2023-10-27,1013,0.0,False
2023-10-27,1014,0.0,False
2023-10-27,1015,0.0,False
2023-10-27,1016,0.5,False
2023-10-27,1017,0.0,False
2023-10-27,1018,0.0,False
2023-10-27,1019,0.0,False
2023-10-27,1020,0.0,False
2023-10-27,1021,0.5,False
2023-10-27,1022,0.5,False
2023-10-27,1023,0.5,False
2023-10-27,1024,0.0,False
2023-10-27,1025,0.0,False
2023-10-27,1026,0.0,False
2023-10-27,1027,0.0,False
2023-10-27,1028,0.0,False
2023-10-27,1029,0.5,False
2023-10-27,1030,0.0,False
2023-10-27,1031,0.0,False
2023-10-27,1032,0.0,False
2023-10-27,1033,0.0,False
2023-10-27,1034,0.0,False
2023-10-27,1035,3.5,False
2023-10-27,1036,0.0,False
2023-10-27,1037,0.0,False
2023-10-27,1038,0.0,False
2023-10-27,1039,0.0,False
2023-10-27,1040,2.0,False
2023-10-27,1041,0.0,False
2023-10-27,1042,0.0,False
2023-10-27,1043,0.0,False
2023-10-27,1044,0.0,False
2023-10-27,1045,1.5,False
2023-10-27,1046,0.0,False
2023-10-27,1047,0.0,False
2023-10-27,1048,0.0,False
2023-10-27,1049,0.5,False
2023-10-27,1050,0.0,False
2023-10-28,1001,2.0,False
2023-10-28,1002,3.5,False
2023-10-28,1003,0.0,False
2023-10-28,1004,9.5,False
2023-10-28,1005,16.5,False
2023-10-28,1006,4.0,False
2023-10-28,1007,7.5,False
2023-10-28,1008,4.5,False
2023-10-28,1009,1.5,False
2023-10-28,1010,1.0,False
2023-10-28,1011,0.0,False
2023-10-28,1012,1.5,False
2023-10-28,1013,2.0,False
2023-10-28,1014,15.5,False
2023-10-28,1015,7.0,False
2023-10-28,1016,2.5,False
2023-10-28,1017,1.5,False
2023-10-28,1018,8.5,False
2023-10-28,1019,20.5,False
2023-10-28,1020,7.5,False
2023-10-28,1021,10.0,False
2023-10-28,1022,13.5,False
2023-10-28,1023,7.5,False
2023-10-28,1024,3.5,False
2023-10-28,1025,2.5,False
2023-10-28,1026,1.5,False
2023-10-28,1027,2.0,False
2023-10-28,1028,12.0,False
2023-10-28,1029,17.5,False
2023-10-28,1030,10.5,False
2023-10-28,1031,7.5,False
2023-10-28,1032,0.5,False
2023-10-28,1033,1.0,False
2023-10-28,1034,1.5,False
2023-10-28,1035,9.5,False
2023-10-28,1036,22.5,False
2023-10-28,1037,6.5,False
2023-10-28,1038,0.0,False
2023-10-28,1039,0.0,False
2023-10-28,1040,16.5,False
2023-10-28,1041,21.0,False
2023-10-28,1042,35.5,False
2023-10-28,1043,15.0,False
2023-10-28,1044,3.0,False
2023-10-28,1045,6.0,False
2023-10-28,1046,0.0,False
2023-10-28,1047,2.0,False
2023-10-28,1048,12.5,False
2023-10-28,1049,0.5,False
2023-10-28,1050,0.5,False
2023-10-29,1001,56.0,False
2023-10-29,1002,36.5,False
2023-10-29,1003,31.5,False
2023-10-29,1004,9.0,False
2023-10-29,1005,42.5,False
2023-10-29,1006,2.5,False
2023-10-29,1007,8.0,False
2023-10-29,1008,7.0,False
2023-10-29,1009,7.0,False
2023-10-29,1010,0.5,False
2023-10-29,1011,1.0,False
2023-10-29,1012,0.0,False
2023-10-29,1013,3.5,False
2023-10-29,1014,33.5,False
2023-10-29,1015,8.0,False
2023-10-29,1016,8.5,False
2023-10-29,1017,15.5,False
2023-10-29,1018,3.5,False
2023-10-29,1019,21.5,False
2023-10-29,1020,25.0,False
2023-10-29,1021,2.5,False
2023-10-29,1022,11.0,False
2023-10-29,1023,2.5,False
2023-10-29,1024,0.0,False
2023-10-29,1025,25.5,False
2023-10-29,1026,26.5,False
2023-10-29,1027,0.0,False
2023-10-29,1028,3.0,False
2023-10-29,1029,15.5,False
2023-10-29,1030,33.0,False
2023-10-29,1031,0.0,False
2023-10-29,1032,2.5,False
2023-10-29,1033,10.5,False
2023-10-29,1034,0.0,False
2023-10-29,1035,4.0,False
2023-10-29,1036,1.5,False
2023-10-29,1037,24.0,False
2023-10-29,1038,0.0,False
2023-10-29,1039,28.5,False
2023-10-29,1040,2.5,False
2023-10-29,1041,67.5,False
2023-10-29,1042,16.0,False
2023-10-29,1043,14.5,False
2023-10-29,1044,1.5,False
2023-10-29,1045,11.5,False
2023-10-29,1046,32.5,False
2023-10-29,1047,0.5,False
2023-10-29,1048,2.5,False
2023-10-29,1049,24.5,False
2023-10-29,1050,9.0,False
2023-10-30,1001,5.0,False
2023-10-30,1002,4.0,False
2023-10-30,1003,29.5,False
2023-10-30,1004,5.0,False
2023-10-30,1005,16.0,False
2023-10-30,1006,58.5,False
2023-10-30,1007,8.5,False
2023-10-30,1008,4.5,False
2023-10-30,1009,0.5,False
2023-10-30,1010,26.5,False
2023-10-30,1011,0.0,False
2023-10-30,1012,2.0,False
2023-10-30,1013,4.0,False
2023-10-30,1014,17.5,False
2023-10-30,1015,6.0,False
2023-10-30,1016,0.5,False
2023-10-30,1017,42.5,False
2023-10-30,1018,8.0,False
2023-10-30,1019,0.5,False
2023-10-30,1020,1.0,False
2023-10-30,1021,16.0,False
2023-10-30,1022,0.5,False
2023-10-30,1023,0.0,False
2023-10-30,1024,4.5,False
2023-10-30,1025,1.5,False
2023-10-30,1026,25.5,False
2023-10-30,1027,31.5,False
2023-10-30,1028,5.0,False
2023-10-30,1029,2.5,False
2023-10-30,1030,7.0,False
2023-10-30,1031,22.0,False
2023-10-30,1032,0.0,False
2023-10-30,1033,21.0,False
2023-10-30,1034,12.0,False
2023-10-30,1035,10.0,False
2023-10-30,1036,0.0,False
2023-10-30,1037,16.0,False
2023-10-30,1038,16.5,False
2023-10-30,1039,32.0,False
2023-10-30,1040,1.0,False
2023-10-30,1041,2.0,False
2023-10-30,1042,6.5,False
2023-10-30,1043,11.0,False
2023-10-30,1044,28.5,False
2023-10-30,1045,71.0,False
2023-10-30,1046,11.5,False
2023-10-30,1047,3.0,False
2023-10-30,1048,0.0,False
2023-10-30,1049,3.0,False
2023-10-30,1050,3.5,False
2023-10-31,1001,4.5,False
2023-10-31,1002,3.5,False
2023-10-31,1003,0.5,False
2023-10-31,1004,2.0,False
2023-10-31,1005,2.5,False
2023-10-31,1006,0.5,False
2023-10-31,1007,1.5,False
2023-10-31,1008,2.0,False
2023-10-31,1009,1.5,False
2023-10-31,1010,0.5,False
2023-10-31,1011,0.0,False
2023-10-31,1012,2.5,False
2023-10-31,1013,2.0,False
2023-10-31,1014,2.0,False
2023-10-31,1015,2.0,False
2023-10-31,1016,1.5,False
2023-10-31,1017,1.0,False
2023-10-31,1018,2.0,False
2023-10-31,1019,0.5,False
2023-10-31,1020,1.5,False
2023-10-31,1021,4.0,False
2023-10-31,1022,2.0,False
2023-10-31,1023,1.5,False
2023-10-31,1024,2.5,False
2023-10-31,1025,2.0,False
2023-10-31,1026,3.0,False
2023-10-31,1027,0.0,False
2023-10-31,1028,2.0,False
2023-10-31,1029,6.0,False
2023-10-31,1030,13.0,False
2023-10-31,1031,25.0,False
2023-10-31,1032,0.5,False
2023-10-31,1033,1.5,False
2023-10-31,1034,0.5,False
2023-10-31,1035,2.5,False
2023-10-31,1036,0.0,False
2023-10-31,1037,1.5,False
2023-10-31,1038,7.5,False
2023-10-31,1039,1.0,False
2023-10-31,1040,2.0,False
2023-10-31,1041,3.0,False
2023-10-31,1042,0.5,False
2023-10-31,1043,0.0,False
2023-10-31,1044,0.5,False
2023-10-31,1045,0.5,False
2023-10-31,1046,0.5,False
2023-10-31,1047,1.5,False
2023-10-31,1048,3.0,False
2023-10-31,1049,4.5,False
2023-10-31,1050,1.5,False
2023-11-01,1001,0.0,False
2023-11-01,1002,0.0,False
2023-11-01,1003,0.5,False
2023-11-01,1004,0.0,False
2023-11-01,1005,0.0,False
2023-11-01,1006,0.0,False
2023-11-01,1007,0.0,False
2023-11-01,1008,0.0,False
2023-11-01,1009,0.0,False
2023-11-01,1010,0.0,False
2023-11-01,1011,0.0,False
2023-11-01,1012,0.0,False
2023-11-01,1013,0.0,False
2023-11-01,1014,0.5,False
2023-11-01,1015,0.5,False
2023-11-01,1016,0.0,False
2023-11-01,1017,0.0,False
2023-11-01,1018,0.0,False
2023-11-01,1019,0.5,False
2023-11-01,1020,0.0,False
2023-11-01,1021,0.5,False
2023-11-01,1022,0.0,False
2023-11-01,1023,0.5,False
2023-11-01,1024,0.0,False
2023-11-01,1025,0.0,False
2023-11-01,1026,0.0,False
2023-11-01,1027,0.0,False
2023-11-01,1028,0.5,False
2023-11-01,1029,0.5,False
2023-11-01,1030,0.5,False
2023-11-01,1031,0.0,False
2023-11-01,1032,0.0,False
2023-11-01,1033,0.0,False
2023-11-01,1034,0.0,False
2023-11-01,1035,0.0,False
2023-11-01,1036,0.0,False
2023-11-01,1037,0.0,False
2023-11-01,1038,0.0,False
2023-11-01,1039,0.0,False
2023-11-01,1040,0.0,False
2023-11-01,1041,0.0,False
2023-11-01,1042,0.0,False
2023-11-01,1043,0.0,False
2023-11-01,1044,0.0,False
2023-11-01,1045,0.0,False
2023-11-01,1046,0.0,False
2023-11-01,1047,0.0,False
2023-11-01,1048,0.5,False
2023-11-01,1049,0.5,False
2023-11-01,1050,0.0,False
2023-11-02,1001,0.0,False
2023-11-02,1002,0.0,False
2023-11-02,1003,0.0,False
2023-11-02,1004,0.0,False
2023-11-02,1005,0.0,False
2023-11-02,1006,0.0,False
2023-11-02,1007,0.0,False
2023-11-02,1008,0.0,False
2023-11-02,1009,0.0,False
2023-11-02,1010,0.0,False
2023-11-02,1011,0.0,False
2023-11-02,1012,0.0,False
2023-11-02,1013,0.0,False
2023-11-02,1014,0.0,False
2023-11-02,1015,0.0,False
2023-11-02,1016,0.0,False
2023-11-02,1017,0.0,False
2023-11-02,1018,0.0,False
2023-11-02,1019,0.0,False
2023-11-02,1020,0.0,False
2023-11-02,1021,0.0,False
2023-11-02,1022,0.0,False
2023-11-02,1023,0.0,False
2023-11-02,1024,0.0,False
2023-11-02,1025,0.0,False
2023-11-02,1026,0.0,False
2023-11-02,1027,0.0,False
2023-11-02,1028,0.0,False
2023-11-02,1029,0.0,False
2023-11-02,1030,0.0,False
2023-11-02,1031,0.0,False
2023-11-02,1032,0.0,False
2023-11-02,1033,0.0,False
2023-11-02,1034,0.0,False
2023-11-02,1035,0.0,False
2023-11-02,1036,0.0,False
2023-11-02,1037,0.0,False
2023-11-02,1038,0.0,False
2023-11-02,1039,0.0,False
2023-11-02,1040,0.0,False
2023-11-02,1041,0.0,False
2023-11-02,1042,0.0,False
2023-11-02,1043,0.0,False
2023-11-02,1044,0.0,False
2023-11-02,1045,0.0,False
2023-11-02,1046,0.0,False
2023-11-02,1047,0.0,False
2023-11-02,1048,0.0,False
2023-11-02,1049,0.0,False
2023-11-02,1050,0.0,False
2023-11-03,1001,0.0,False
2023-11-03,1002,0.0,False
2023-11-03,1003,0.0,False
2023-11-03,1004,0.0,False
2023-11-03,1005,0.0,False
2023-11-03,1006,0.0,False
2023-11-03,1007,0.0,False
2023-11-03,1008,0.0,False
2023-11-03,1009,0.0,False
2023-11-03,1010,0.0,False
2023-11-03,1011,0.0,False
2023-11-03,1012,0.0,False
2023-11-03,1013,0.0,False
2023-11-03,1014,0.0,False
2023-11-03,1015,0.0,False
2023-11-03,1016,0.0,False
2023-11-03,1017,0.0,False
2023-11-03,1018,0.0,False
2023-11-03,1019,0.0,False
2023-11-03,1020,0.0,False
2023-11-03,1021,0.0,False
2023-11-03,1022,0.0,False
2023-11-03,1023,0.0,False
2023-11-03,1024,0.0,False
2023-11-03,1025,0.0,False
2023-11-03,1026,0.0,False
2023-11-03,1027,0.0,False
2023-11-03,1028,0.0,False
2023-11-03,1029,0.0,False
2023-11-03,1030,0.0,False
2023-11-03,1031,0.0,False
2023-11-03,1032,0.0,False
2023-11-03,1033,0.0,False
2023-11-03,1034,0.0,False
2023-11-03,1035,0.0,False
2023-11-03,1036,0.0,False
2023-11-03,1037,0.0,False
2023-11-03,1038,0.0,False
2023-11-03,1039,0.0,False
2023-11-03,1040,0.0,False
2023-11-03,1041,0.0,False
2023-11-03,1042,0.0,False
2023-11-03,1043,0.0,False
2023-11-03,1044,0.0,False
2023-11-03,1045,0.0,False
2023-11-03,1046,0.0,False
2023-11-03,1047,0.0,False
2023-11-03,1048,0.0,False
2023-11-03,1049,0.0,False
2023-11-03,1050,0.0,False
2023-11-04,1001,0.0,False
2023-11-04,1002,0.0,False
2023-11-04,1003,0.0,False
2023-11-04,1004,0.0,False
2023-11-04,1005,0.0,False
2023-11-04,1006,0.0,False
2023-11-04,1007,0.0,False
2023-11-04,1008,0.0,False
2023-11-04,1009,0.0,False
2023-11-04,1010,0.0,False
2023-11-04,1011,0.0,False
2023-11-04,1012,0.0,False
2023-11-04,1013,0.0,False
2023-11-04,1014,0.5,False
2023-11-04,1015,0.0,False
2023-11-04,1016,0.0,False
2023-11-04,1017,0.0,False
2023-11-04,1018,0.0,False
2023-11-04,1019,0.0,False
2023-11-04,1020,0.0,False
2023-11-04,1021,0.0,False
2023-11-04,1022,0.0,False
2023-11-04,1023,0.0,False
2023-11-04,1024,0.0,False
2023-11-04,1025,0.0,False
2023-11-04,1026,3.0,False
2023-11-04,1027,0.0,False
2023-11-04,1028,0.0,False
2023-11-04,1029,0.0,False
2023-11-04,1030,0.0,False
2023-11-04,1031,0.0,False
2023-11-04,1032,0.0,False
2023-11-04,1033,0.0,False
2023-11-04,1034,0.0,False
2023-11-04,1035,0.0,False
2023-11-04,1036,0.0,False
2023-11-04,1037,0.0,False
2023-11-04,1038,0.0,False
2023-11-04,1039,0.0,False
2023-11-04,1040,2.0,False
2023-11-04,1041,0.0,False
2023-11-04,1042,0.0,False
2023-11-04,1043,0.0,False
2023-11-04,1044,0.0,False
2023-11-04,1045,0.0,False
2023-11-04,1046,0.0,False
2023-11-04,1047,0.0,False
2023-11-04,1048,10.5,False
2023-11-04,1049,0.0,False
2023-11-04,1050,0.0,False
2023-11-05,1001,1.5,False
2023-11-05,1002,6.0,False
2023-11-05,1003,40.5,False
2023-11-05,1004,3.5,False
2023-11-05,1005,23.0,False
2023-11-05,1006,4.5,False
2023-11-05,1007,0.0,False
2023-11-05,1008,0.5,False
2023-11-05,1009,3.0,False
2023-11-05,1010,22.0,False
2023-11-05,1011,31.0,False
2023-11-05,1012,23.0,False
2023-11-05,1013,0.0,False
2023-11-05,1014,5.0,False
2023-11-05,1015,2.0,False
2023-11-05,1016,2.0,False
2023-11-05,1017,2.5,False
2023-11-05,1018,1.5,False
2023-11-05,1019,14.0,False
2023-11-05,1020,19.0,False
2023-11-05,1021,27.5,False
2023-11-05,1022,32.0,False
2023-11-05,1023,5.0,False
2023-11-05,1024,1.5,False
2023-11-05,1025,1.5,False
2023-11-05,1026,3.0,False
2023-11-05,1027,0.0,False
2023-11-05,1028,7.0,False
2023-11-05,1029,19.5,False
2023-11-05,1030,18.0,False
2023-11-05,1031,3.0,False
2023-11-05,1032,14.5,False
2023-11-05,1033,19.0,False
2023-11-05,1034,18.0,False
2023-11-05,1035,23.5,False
2023-11-05,1036,23.0,False
2023-11-05,1037,0.5,False
2023-11-05,1038,5.5,False
2023-11-05,1039,1.5,False
2023-11-05,1040,14.0,False
2023-11-05,1041,24.5,False
2023-11-05,1042,45.0,False
2023-11-05,1043,2.0,False
2023-11-05,1044,22.5,False
2023-11-05,1045,2.0,False
2023-11-05,1046,13.0,False
2023-11-05,1047,0.0,False
2023-11-05,1048,21.5,False
2023-11-05,1049,14.0,False
2023-11-05,1050,11.5,False
2023-11-06,1001,51.5,False
2023-11-06,1002,26.0,False
2023-11-06,1003,10.0,False
2023-11-06,1004,26.0,False
2023-11-06,1005,7.0,False
2023-11-06,1006,33.5,False
2023-11-06,1007,40.0,False
2023-11-06,1008,0.5,False
2023-11-06,1009,25.0,False
2023-11-06,1010,6.5,False
2023-11-06,1011,16.5,False
2023-11-06,1012,37.5,False
2023-11-06,1013,33.0,False
2023-11-06,1014,45.5,False
2023-11-06,1015,37.5,False
2023-11-06,1016,43.5,False
2023-11-06,1017,31.0,False
2023-11-06,1018,30.5,False
2023-11-06,1019,25.0,False
2023-11-06,1020,25.5,False
2023-11-06,1021,3.0,False
2023-11-06,1022,56.5,False
2023-11-06,1023,26.0,False
2023-11-06,1024,66.0,False
2023-11-06,1025,14.5,False
2023-11-06,1026,40.0,False
2023-11-06,1027,11.5,False
2023-11-06,1028,23.0,False
2023-11-06,1029,16.0,False
2023-11-06,1030,10.5,False
2023-11-06,1031,56.0,False
2023-11-06,1032,33.5,False
2023-11-06,1033,18.0,False
2023-11-06,1034,47.5,False
2023-11-06,1035,44.0,False
2023-11-06,1036,11.0,False
2023-11-06,1037,43.5,False
2023-11-06,1038,10.5,False
2023-11-06,1039,29.0,False
2023-11-06,1040,55.0,False
2023-11-06,1041,4.5,False
2023-11-06,1042,28.0,False
2023-11-06,1043,16.5,False
2023-11-06,1044,62.5,False
2023-11-06,1045,19.0,False
2023-11-06,1046,5.5,False
2023-11-06,1047,19.0,False
2023-11-06,1048,46.5,False
2023-11-06,1049,5.5,False
2023-11-06,1050,6.5,False
2023-11-07,1001,0.0,False
2023-11-07,1002,0.0,False
2023-11-07,1003,4.5,False
2023-11-07,1004,0.0,False
2023-11-07,1005,0.0,False
2023-11-07,1006,0.0,False
2023-11-07,1007,0.5,False
2023-11-07,1008,0.0,False
2023-11-07,1009,0.5,False
2023-11-07,1010,1.0,False
2023-11-07,1011,2.0,False
2023-11-07,1012,4.5,False
2023-11-07,1013,0.5,False
2023-11-07,1014,0.0,False
2023-11-07,1015,0.5,False
2023-11-07,1016,0.5,False
2023-11-07,1017,0.0,False
2023-11-07,1018,0.0,False
2023-11-07,1019,11.0,False
2023-11-07,1020,0.0,False
2023-11-07,1021,25.5,False
2023-11-07,1022,0.5,False
2023-11-07,1023,0.5,False
2023-11-07,1024,0.0,False
2023-11-07,1025,0.0,False
2023-11-07,1026,0.0,False
2023-11-07,1027,0.0,False
2023-11-07,1028,2.5,False
2023-11-07,1029,11.5,False
2023-11-07,1030,0.0,False
2023-11-07,1031,0.0,False
2023-11-07,1032,6.5,False
2023-11-07,1033,0.5,False
2023-11-07,1034,0.0,False
2023-11-07,1035,2.0,False
2023-11-07,1036,9.5,False
2023-11-07,1037,0.5,False
2023-11-07,1038,0.0,False
2023-11-07,1039,0.0,False
2023-11-07,1040,0.5,False
2023-11-07,1041,3.5,False
2023-11-07,1042,5.0,False
2023-11-07,1043,0.0,False
2023-11-07,1044,1.0,False
2023-11-07,1045,0.5,False
2023-11-07,1046,4.5,False
2023-11-07,1047,1.5,False
2023-11-07,1048,10.0,False
2023-11-07,1049,23.0,False
2023-11-07,1050,2.5,False
2023-11-08,1001,5.5,False
2023-11-08,1002,19.0,False
2023-11-08,1003,5.5,False
2023-11-08,1004,21.0,False
2023-11-08,1005,31.5,False
2023-11-08,1006,24.0,False
2023-11-08,1007,24.0,False
2023-11-08,1008,0.5,False
2023-11-08,1009,33.5,False
2023-11-08,1010,2.5,False
2023-11-08,1011,20.0,False
2023-11-08,1012,12.5,False
2023-11-08,1013,12.0,False
2023-11-08,1014,12.0,False
2023-11-08,1015,32.5,False
2023-11-08,1016,4.0,False
2023-11-08,1017,38.0,False
2023-11-08,1018,33.0,False
2023-11-08,1019,13.5,False
2023-11-08,1020,4.0,False
2023-11-08,1021,10.0,False
2023-11-08,1022,8.0,False
2023-11-08,1023,3.0,False
2023-11-08,1024,17.0,False
2023-11-08,1025,18.5,False
2023-11-08,1026,21.0,False
2023-11-08,1027,18.0,False
2023-11-08,1028,40.5,False
2023-11-08,1029,61.0,False
2023-11-08,1030,59.5,False
2023-11-08,1031,36.5,False
2023-11-08,1032,43.5,False
2023-11-08,1033,41.5,False
2023-11-08,1034,21.0,False
2023-11-08,1035,22.5,False
2023-11-08,1036,1.5,False
2023-11-08,1037,33.0,False
2023-11-08,1038,33.0,False
2023-11-08,1039,44.5,False
2023-11-08,1040,10.0,False
2023-11-08,1041,30.5,False
2023-11-08,1042,1.5,False
2023-11-08,1043,1.0,False
2023-11-08,1044,12.5,False
2023-11-08,1045,35.0,False
2023-11-08,1046,1.5,False
2023-11-08,1047,38.5,False
2023-11-08,1048,22.0,False
2023-11-08,1049,9.5,False
2023-11-08,1050,1.5,False
2023-11-09,1001,6.0,False
2023-11-09,1002,5.0,False
2023-11-09,1003,0.0,False
2023-11-09,1004,12.5,False
2023-11-09,1005,0.0,False
2023-11-09,1006,0.0,False
2023-11-09,1007,5.5,False
2023-11-09,1008,13.5,False
2023-11-09,1009,14.0,False
2023-11-09,1010,0.0,False
2023-11-09,1011,0.0,False
2023-11-09,1012,25.5,False
2023-11-09,1013,5.0,False
2023-11-09,1014,10.5,False
2023-11-09,1015,18.0,False
2023-11-09,1016,5.0,False
2023-11-09,1017,8.0,False
2023-11-09,1018,17.0,False
2023-11-09,1019,0.5,False
2023-11-09,1020,4.5,False
2023-11-09,1021,25.0,False
2023-11-09,1022,3.5,False
2023-11-09,1023,63.5,False
2023-11-09,1024,34.0,False
2023-11-09,1025,2.5,False
2023-11-09,1026,3.0,False
2023-11-09,1027,0.0,False
2023-11-09,1028,27.5,False
2023-11-09,1029,6.0,False
2023-11-09,1030,21.0,False
2023-11-09,1031,27.5,False
2023-11-09,1032,0.0,False
2023-11-09,1033,21.0,False
2023-11-09,1034,0.0,False
2023-11-09,1035,20.5,False
2023-11-09,1036,0.0,False
2023-11-09,1037,7.5,False
2023-11-09,1038,0.0,False
2023-11-09,1039,11.5,False
2023-11-09,1040,33.5,False
2023-11-09,1041,0.0,False
2023-11-09,1042,0.0,False
2023-11-09,1043,0.0,False
2023-11-09,1044,0.0,False
2023-11-09,1045,11.5,False
2023-11-09,1046,0.0,False
2023-11-09,1047,26.5,False
2023-11-09,1048,6.0,False
2023-11-09,1049,45.0,False
2023-11-09,1050,7.5,False
2023-11-10,1001,0.5,False
2023-11-10,1002,0.0,False
2023-11-10,1003,7.5,False
2023-11-10,1004,1.0,False
2023-11-10,1005,0.0,False
2023-11-10,1006,2.5,False
2023-11-10,1007,0.0,False
2023-11-10,1008,0.0,False
2023-11-10,1009,0.5,False
2023-11-10,1010,3.5,False
2023-11-10,1011,4.0,False
2023-11-10,1012,0.5,False
2023-11-10,1013,0.0,False
2023-11-10,1014,0.0,False
2023-11-10,1015,1.0,False
2023-11-10,1016,0.0,False
2023-11-10,1017,6.5,False
2023-11-10,1018,1.0,False
2023-11-10,1019,1.0,False
2023-11-10,1020,0.0,False
2023-11-10,1021,0.5,False
2023-11-10,1022,1.0,False
2023-11-10,1023,12.0,False
2023-11-10,1024,0.5,False
2023-11-10,1025,0.0,False
2023-11-10,1026,0.0,False
2023-11-10,1027,8.0,False
2023-11-10,1028,2.0,False
2023-11-10,1029,0.0,False
2023-11-10,1030,0.0,False
2023-11-10,1031,0.5,False
2023-11-10,1032,0.0,False
2023-11-10,1033,2.0,False
2023-11-10,1034,0.5,False
2023-11-10,1035,0.5,False
2023-11-10,1036,0.0,False
2023-11-10,1037,0.0,False
2023-11-10,1038,0.0,False
2023-11-10,1039,4.0,False
2023-11-10,1040,4.0,False
2023-11-10,1041,1.5,False
2023-11-10,1042,1.0,False
2023-11-10,1043,0.0,False
2023-11-10,1044,3.0,False
2023-11-10,1045,5.0,False
2023-11-10,1046,12.0,False
2023-11-10,1047,0.0,False
2023-11-10,1048,21.0,False
2023-11-10,1049,0.5,False
2023-11-10,1050,4.0,False
2023-11-11,1001,62.0,False
2023-11-11,1002,45.0,False
2023-11-11,1003,2.5,False
2023-11-11,1004,26.5,False
2023-11-11,1005,9.5,False
2023-11-11,1006,27.0,False
2023-11-11,1007,28.5,False
2023-11-11,1008,37.0,False
2023-11-11,1009,19.0,False
2023-11-11,1010,0.0,False
2023-11-11,1011,4.0,False
2023-11-11,1012,20.5,False
2023-11-11,1013,36.5,False
2023-11-11,1014,43.0,False
2023-11-11,1015,31.0,False
2023-11-11,1016,61.5,False
2023-11-11,1017,39.5,False
2023-11-11,1018,33.0,False
2023-11-11,1019,46.0,False
2023-11-11,1020,63.5,False
2023-11-11,1021,28.5,False
2023-11-11,1022,61.5,False
2023-11-11,1023,5.5,False
2023-11-11,1024,38.0,False
2023-11-11,1025,34.0,False
2023-11-11,1026,38.5,False
2023-11-11,1027,14.5,False
2023-11-11,1028,26.5,False
2023-11-11,1029,38.0,False
2023-11-11,1030,21.5,False
2023-11-11,1031,38.0,False
2023-11-11,1032,0.0,False
2023-11-11,1033,22.5,False
2023-11-11,1034,3.0,False
2023-11-11,1035,29.0,False
2023-11-11,1036,2.0,False
2023-11-11,1037,36.5,False
2023-11-11,1038,5.5,False
2023-11-11,1039,19.5,False
2023-11-11,1040,7.5,False
2023-11-11,1041,9.5,False
2023-11-11,1042,16.0,False
2023-11-11,1043,1.5,False
2023-11-11,1044,15.0,False
2023-11-11,1045,34.0,False
2023-11-11,1046,1.0,False
2023-11-11,1047,34.5,False
2023-11-11,1048,27.5,False
2023-11-11,1049,20.5,False
2023-11-11,1050,51.0,False
2023-11-12,1001,6.0,False
2023-11-12,1002,1.5,False
2023-11-12,1003,0.5,False
2023-11-12,1004,9.5,False
2023-11-12,1005,0.5,False
2023-11-12,1006,0.0,False
2023-11-12,1007,4.0,False
2023-11-12,1008,9.5,False
2023-11-12,1009,0.0,False
2023-11-12,1010,0.0,False
2023-11-12,1011,1.5,False
2023-11-12,1012,3.0,False
2023-11-12,1013,7.0,False
2023-11-12,1014,2.0,False
2023-11-12,1015,4.5,False
2023-11-12,1016,5.5,False
2023-11-12,1017,5.5,False
2023-11-12,1018,6.0,False
2023-11-12,1019,16.0,False
2023-11-12,1020,5.0,False
2023-11-12,1021,7.5,False
2023-11-12,1022,4.0,False
2023-11-12,1023,13.0,False
2023-11-12,1024,7.5,False
2023-11-12,1025,0.5,False
2023-11-12,1026,2.5,False
2023-11-12,1027,0.0,False
2023-11-12,1028,3.0,False
2023-11-12,1029,7.5,False
2023-11-12,1030,1.5,False
2023-11-12,1031,5.0,False
2023-11-12,1032,0.0,False
2023-11-12,1033,2.5,False
2023-11-12,1034,0.0,False
2023-11-12,1035,6.5,False
2023-11-12,1036,1.5,False
2023-11-12,1037,6.5,False
2023-11-12,1038,0.0,False
2023-11-12,1039,10.0,False
2023-11-12,1040,22.0,False
2023-11-12,1041,2.5,False
2023-11-12,1042,0.5,False
2023-11-12,1043,0.0,False
2023-11-12,1044,0.5,False
2023-11-12,1045,9.0,False
2023-11-12,1046,0.0,False
2023-11-12,1047,0.0,False
2023-11-12,1048,8.5,False
2023-11-12,1049,9.5,False
2023-11-12,1050,4.5,False
2023-11-13,1001,0.5,False
2023-11-13,1002,0.5,False
2023-11-13,1003,0.0,False
2023-11-13,1004,0.5,False
2023-11-13,1005,0.0,False
2023-11-13,1006,0.0,False
2023-11-13,1007,0.0,False
2023-11-13,1008,0.0,False
2023-11-13,1009,0.0,False
2023-11-13,1010,0.0,False
2023-11-13,1011,0.5,False
2023-11-13,1012,0.0,False
2023-11-13,1013,0.0,False
2023-11-13,1014,0.0,False
2023-11-13,1015,0.5,False
2023-11-13,1016,0.5,False
2023-11-13,1017,0.0,False
2023-11-13,1018,0.0,False
2023-11-13,1019,0.5,False
2023-11-13,1020,0.5,False
2023-11-13,1021,0.5,False
2023-11-13,1022,0.5,False
2023-11-13,1023,0.0,False
2023-11-13,1024,0.0,False
2023-11-13,1025,0.0,False
2023-11-13,1026,0.5,False
2023-11-13,1027,0.0,False
2023-11-13,1028,0.0,False
2023-11-13,1029,0.0,False
2023-11-13,1030,0.0,False
2023-11-13,1031,0.0,False
2023-11-13,1032,0.0,False
2023-11-13,1033,0.5,False
2023-11-13,1034,0.0,False
2023-11-13,1035,0.5,False
2023-11-13,1036,0.0,False
2023-11-13,1037,0.0,False
2023-11-13,1038,0.0,False
2023-11-13,1039,0.0,False
2023-11-13,1040,0.5,False
2023-11-13,1041,0.0,False
2023-11-13,1042,0.0,False
2023-11-13,1043,0.0,False
2023-11-13,1044,0.0,False
2023-11-13,1045,0.0,False
2023-11-13,1046,0.0,False
2023-11-13,1047,0.0,False
2023-11-13,1048,0.0,False
2023-11-13,1049,0.0,False
2023-11-13,1050,0.0,False
2023-11-14,1001,0.0,False
2023-11-14,1002,0.0,False
2023-11-14,1003,0.0,False
2023-11-14,1004,0.0,False
2023-11-14,1005,0.0,False
2023-11-14,1006,0.0,False
2023-11-14,1007,0.0,False
2023-11-14,1008,0.0,False
2023-11-14,1009,0.0,False
2023-11-14,1010,0.0,False
2023-11-14,1011,0.0,False
2023-11-14,1012,0.0,False
2023-11-14,1013,0.0,False
2023-11-14,1014,0.0,False
2023-11-14,1015,0.0,False
2023-11-14,1016,0.0,False
2023-11-14,1017,0.0,False
2023-11-14,1018,0.0,False
2023-11-14,1019,0.0,False
2023-11-14,1020,0.5,False
2023-11-14,1021,0.0,False
2023-11-14,1022,0.0,False
2023-11-14,1023,0.0,False
2023-11-14,1024,0.0,False
2023-11-14,1025,0.0,False
2023-11-14,1026,0.0,False
2023-11-14,1027,0.0,False
2023-11-14,1028,0.0,False
2023-11-14,1029,0.0,False
2023-11-14,1030,0.0,False
2023-11-14,1031,0.0,False
2023-11-14,1032,0.0,False
2023-11-14,1033,0.0,False
2023-11-14,1034,0.0,False
2023-11-14,1035,0.0,False
2023-11-14,1036,0.0,False
2023-11-14,1037,0.0,False
2023-11-14,1038,0.0,False
2023-11-14,1039,0.0,False
2023-11-14,1040,0.0,False
2023-11-14,1041,0.0,False
2023-11-14,1042,0.0,False
2023-11-14,1043,0.0,False
2023-11-14,1044,0.0,False
2023-11-14,1045,0.5,False
2023-11-14,1046,0.0,False
2023-11-14,1047,0.0,False
2023-11-14,1048,0.0,False
2023-11-14,1049,0.0,False
2023-11-14,1050,0.0,False
2023-11-15,1001,0.0,False
2023-11-15,1002,0.0,False
2023-11-15,1003,0.0,False
2023-11-15,1004,0.0,False
2023-11-15,1005,0.0,False
2023-11-15,1006,0.0,False
2023-11-15,1007,0.0,False
2023-11-15,1008,0.0,False
2023-11-15,1009,0.0,False
2023-11-15,1010,0.0,False
2023-11-15,1011,1.0,False
2023-11-15,1012,0.0,False
2023-11-15,1013,0.0,False
2023-11-15,1014,0.0,False
2023-11-15,1015,0.0,False
2023-11-15,1016,0.0,False
2023-11-15,1017,0.0,False
2023-11-15,1018,0.0,False
2023-11-15,1019,0.0,False
2023-11-15,1020,0.0,False
2023-11-15,1021,0.0,False
2023-11-15,1022,0.5,False
2023-11-15,1023,0.0,False
2023-11-15,1024,0.0,False
2023-11-15,1025,0.0,False
2023-11-15,1026,0.0,False
2023-11-15,1027,0.0,False
2023-11-15,1028,0.0,False
2023-11-15,1029,0.0,False
2023-11-15,1030,0.0,False
2023-11-15,1031,0.0,False
2023-11-15,1032,0.5,False
2023-11-15,1033,0.0,False
2023-11-15,1034,0.0,False
2023-11-15,1035,0.0,False
2023-11-15,1036,0.0,False
2023-11-15,1037,0.0,False
2023-11-15,1038,0.0,False
2023-11-15,1039,0.0,False
2023-11-15,1040,0.0,False
2023-11-15,1041,0.0,False
2023-11-15,1042,0.0,False
2023-11-15,1043,0.0,False
2023-11-15,1044,0.0,False
2023-11-15,1045,0.0,False
2023-11-15,1046,0.0,False
2023-11-15,1047,1.0,False
2023-11-15,1048,0.0,False
2023-11-15,1049,0.0,False
2023-11-15,1050,0.0,False
2023-11-16,1001,0.0,False
2023-11-16,1002,0.0,False
2023-11-16,1003,0.0,False
2023-11-16,1004,0.0,False
2023-11-16,1005,0.0,False
2023-11-16,1006,0.0,False
2023-11-16,1007,0.0,False
2023-11-16,1008,0.0,False
2023-11-16,1009,0.0,False
2023-11-16,1010,0.0,False
2023-11-16,1011,0.0,False
2023-11-16,1012,0.0,False
2023-11-16,1013,0.0,False
2023-11-16,1014,0.0,False
2023-11-16,1015,0.0,False
2023-11-16,1016,0.0,False
2023-11-16,1017,0.0,False
2023-11-16,1018,0.0,False
2023-11-16,1019,0.0,False
2023-11-16,1020,0.0,False
2023-11-16,1021,0.0,False
2023-11-16,1022,0.0,False
2023-11-16,1023,0.0,False
2023-11-16,1024,0.0,False
2023-11-16,1025,0.0,False
2023-11-16,1026,0.0,False
2023-11-16,1027,0.0,False
2023-11-16,1028,0.0,False
2023-11-16,1029,0.0,False
2023-11-16,1030,0.0,False
2023-11-16,1031,0.0,False
2023-11-16,1032,0.0,False
2023-11-16,1033,0.0,False
2023-11-16,1034,0.0,False
2023-11-16,1035,0.0,False
2023-11-16,1036,0.0,False
2023-11-16,1037,0.0,False
2023-11-16,1038,0.0,False
2023-11-16,1039,0.0,False
2023-11-16,1040,0.0,False
2023-11-16,1041,0.0,False
2023-11-16,1042,0.0,False
2023-11-16,1043,0.0,False
2023-11-16,1044,0.0,False
2023-11-16,1045,0.0,False
2023-11-16,1046,0.0,False
2023-11-16,1047,0.0,False
2023-11-16,1048,0.0,False
2023-11-16,1049,0.0,False
2023-11-16,1050,0.0,False
2023-11-17,1001,4.5,False
2023-11-17,1002,4.5,False
2023-11-17,1003,3.5,False
2023-11-17,1004,7.0,False
2023-11-17,1005,0.0,False
2023-11-17,1006,1.5,False
2023-11-17,1007,5.5,False
2023-11-17,1008,2.0,False
2023-11-17,1009,5.0,False
2023-11-17,1010,4.5,False
2023-11-17,1011,5.0,False
2023-11-17,1012,3.5,False
2023-11-17,1013,4.0,False
2023-11-17,1014,5.0,False
2023-11-17,1015,5.0,False
2023-11-17,1016,5.5,False
2023-11-17,1017,7.5,False
2023-11-17,1018,5.5,False
2023-11-17,1019,5.5,False
2023-11-17,1020,5.0,False
2023-11-17,1021,1.0,False
2023-11-17,1022,4.0,False
2023-11-17,1023,7.0,False
2023-11-17,1024,3.0,False
2023-11-17,1025,3.5,False
2023-11-17,1026,5.0,False
2023-11-17,1027,4.0,False
2023-11-17,1028,4.0,False
2023-11-17,1029,4.5,False
2023-11-17,1030,3.0,False
2023-11-17,1031,5.0,False
2023-11-17,1032,4.0,False
2023-11-17,1033,5.0,False
2023-11-17,1034,6.0,False
2023-11-17,1035,3.5,False
2023-11-17,1036,5.0,False
2023-11-17,1037,2.5,False
2023-11-17,1038,2.5,False
2023-11-17,1039,3.5,False
2023-11-17,1040,6.0,False
2023-11-17,1041,1.5,False
2023-11-17,1042,7.0,False
2023-11-17,1043,0.5,False
2023-11-17,1044,3.0,False
2023-11-17,1045,6.5,False
2023-11-17,1046,3.0,False
2023-11-17,1047,0.0,False
2023-11-17,1048,4.5,False
2023-11-17,1049,0.0,False
2023-11-17,1050,3.5,False
2023-11-18,1001,0.0,False
2023-11-18,1002,0.0,False
2023-11-18,1003,0.5,False
2023-11-18,1004,0.0,False
2023-11-18,1005,0.0,False
2023-11-18,1006,0.0,False
2023-11-18,1007,0.5,False
2023-11-18,1008,0.0,False
2023-11-18,1009,0.5,False
2023-11-18,1010,0.0,False
2023-11-18,1011,0.0,False
2023-11-18,1012,0.0,False
2023-11-18,1013,0.0,False
2023-11-18,1014,0.0,False
2023-11-18,1015,0.5,False
2023-11-18,1016,0.0,False
2023-11-18,1017,0.0,False
2023-11-18,1018,0.0,False
2023-11-18,1019,0.0,False
2023-11-18,1020,0.0,False
2023-11-18,1021,0.0,False
2023-11-18,1022,0.5,False
2023-11-18,1023,0.0,False
2023-11-18,1024,0.0,False
2023-11-18,1025,0.0,False
2023-11-18,1026,0.0,False
2023-11-18,1027,0.0,False
2023-11-18,1028,0.0,False
2023-11-18,1029,0.0,False
2023-11-18,1030,0.0,False
2023-11-18,1031,0.0,False
2023-11-18,1032,0.0,False
2023-11-18,1033,0.0,False
2023-11-18,1034,0.0,False
2023-11-18,1035,0.0,False
2023-11-18,1036,0.0,False
2023-11-18,1037,0.5,False
2023-11-18,1038,0.0,False
2023-11-18,1039,0.0,False
2023-11-18,1040,0.5,False
2023-11-18,1041,0.5,False
2023-11-18,1042,0.0,False
2023-11-18,1043,0.0,False
2023-11-18,1044,0.0,False
2023-11-18,1045,0.0,False
2023-11-18,1046,0.5,False
2023-11-18,1047,0.0,False
2023-11-18,1048,0.5,False
2023-11-18,1049,0.0,False
2023-11-18,1050,0.5,False
2023-11-19,1001,0.0,False
2023-11-19,1002,0.0,False
2023-11-19,1003,0.0,False
2023-11-19,1004,0.0,False
2023-11-19,1005,0.0,False
2023-11-19,1006,0.0,False
2023-11-19,1007,0.0,False
2023-11-19,1008,0.0,False
2023-11-19,1009,0.0,False
2023-11-19,1010,0.0,False
2023-11-19,1011,0.0,False
2023-11-19,1012,0.0,False
2023-11-19,1013,0.0,False
2023-11-19,1014,0.0,False
2023-11-19,1015,0.0,False
2023-11-19,1016,0.0,False
2023-11-19,1017,0.0,False
2023-11-19,1018,0.0,False
2023-11-19,1019,0.0,False
2023-11-19,1020,0.0,False
2023-11-19,1021,0.0,False
2023-11-19,1022,0.5,False
2023-11-19,1023,0.0,False
2023-11-19,1024,0.0,False
2023-11-19,1025,0.0,False
2023-11-19,1026,0.0,False
2023-11-19,1027,0.0,False
2023-11-19,1028,0.0,False
2023-11-19,1029,0.0,False
2023-11-19,1030,0.0,False
2023-11-19,1031,0.0,False
2023-11-19,1032,0.0,False
2023-11-19,1033,0.0,False
2023-11-19,1034,0.0,False
2023-11-19,1035,0.0,False
2023-11-19,1036,0.0,False
2023-11-19,1037,0.0,False
2023-11-19,1038,0.0,False
2023-11-19,1039,0.0,False
2023-11-19,1040,0.0,False
2023-11-19,1041,0.0,False
2023-11-19,1042,0.0,False
2023-11-19,1043,0.0,False
2023-11-19,1044,0.0,False
2023-11-19,1045,0.0,False
2023-11-19,1046,0.0,False
2023-11-19,1047,0.0,False
2023-11-19,1048,0.0,False
2023-11-19,1049,0.0,False
2023-11-19,1050,0.0,False
2023-11-20,1001,0.0,False
2023-11-20,1002,0.0,False
2023-11-20,1003,0.0,False
2023-11-20,1004,0.0,False
2023-11-20,1005,0.0,False
2023-11-20,1006,0.0,False
2023-11-20,1007,0.0,False
2023-11-20,1008,0.0,False
2023-11-20,1009,0.0,False
2023-11-20,1010,0.0,False
2023-11-20,1011,0.0,False
2023-11-20,1012,0.0,False
2023-11-20,1013,0.0,False
2023-11-20,1014,0.0,False
2023-11-20,1015,0.0,False
2023-11-20,1016,0.0,False
2023-11-20,1017,0.0,False
2023-11-20,1018,0.0,False
2023-11-20,1019,0.0,False
2023-11-20,1020,0.0,False
2023-11-20,1021,0.0,False
2023-11-20,1022,0.0,False
2023-11-20,1023,0.0,False
2023-11-20,1024,0.0,False
2023-11-20,1025,0.0,False
2023-11-20,1026,0.0,False
2023-11-20,1027,0.0,False
2023-11-20,1028,0.0,False
2023-11-20,1029,0.0,False
2023-11-20,1030,0.0,False
2023-11-20,1031,0.0,False
2023-11-20,1032,0.0,False
2023-11-20,1033,0.0,False
2023-11-20,1034,0.0,False
2023-11-20,1035,0.0,False
2023-11-20,1036,0.0,False
2023-11-20,1037,0.0,False
2023-11-20,1038,0.0,False
2023-11-20,1039,0.0,False
2023-11-20,1040,0.0,False
2023-11-20,1041,0.0,False
2023-11-20,1042,0.0,False
2023-11-20,1043,0.0,False
2023-11-20,1044,0.0,False
2023-11-20,1045,0.0,False
2023-11-20,1046,0.0,False
2023-11-20,1047,0.0,False
2023-11-20,1048,0.0,False
2023-11-20,1049,0.0,False
2023-11-20,1050,0.0,False
2023-11-21,1001,0.0,False
2023-11-21,1002,0.0,False
2023-11-21,1003,0.0,False
2023-11-21,1004,0.0,False
2023-11-21,1005,0.0,False
2023-11-21,1006,0.0,False
2023-11-21,1007,0.0,False
2023-11-21,1008,0.0,False
2023-11-21,1009,0.0,False
2023-11-21,1010,0.0,False
2023-11-21,1011,0.0,False
2023-11-21,1012,0.0,False
2023-11-21,1013,0.0,False
2023-11-21,1014,0.0,False
2023-11-21,1015,0.0,False
2023-11-21,1016,0.0,False
2023-11-21,1017,0.0,False
2023-11-21,1018,0.0,False
2023-11-21,1019,0.0,False
2023-11-21,1020,0.0,False
2023-11-21,1021,0.0,False
2023-11-21,1022,0.0,False
2023-11-21,1023,0.0,False
2023-11-21,1024,0.0,False
2023-11-21,1025,0.0,False
2023-11-21,1026,0.0,False
2023-11-21,1027,0.0,False
2023-11-21,1028,0.0,False
2023-11-21,1029,0.0,False
2023-11-21,1030,0.0,False
2023-11-21,1031,0.0,False
2023-11-21,1032,0.0,False
2023-11-21,1033,0.0,False
2023-11-21,1034,0.0,False
2023-11-21,1035,0.0,False
2023-11-21,1036,0.0,False
2023-11-21,1037,0.0,False
2023-11-21,1038,0.0,False
2023-11-21,1039,0.0,False
2023-11-21,1040,0.0,False
2023-11-21,1041,0.0,False
2023-11-21,1042,0.0,False
2023-11-21,1043,0.0,False
2023-11-21,1044,0.0,False
2023-11-21,1045,0.0,False
2023-11-21,1046,0.0,False
2023-11-21,1047,0.0,False
2023-11-21,1048,0.0,False
2023-11-21,1049,0.0,False
2023-11-21,1050,0.0,False
2023-11-22,1001,0.0,False
2023-11-22,1002,0.0,False
2023-11-22,1003,0.0,False
2023-11-22,1004,0.0,False
2023-11-22,1005,0.0,False
2023-11-22,1006,0.0,False
2023-11-22,1007,0.0,False
2023-11-22,1008,0.0,False
2023-11-22,1009,0.0,False
2023-11-22,1010,0.0,False
2023-11-22,1011,0.0,False
2023-11-22,1012,0.0,False
2023-11-22,1013,0.0,False
2023-11-22,1014,0.0,False
2023-11-22,1015,0.0,False
2023-11-22,1016,0.0,False
2023-11-22,1017,0.0,False
2023-11-22,1018,0.0,False
2023-11-22,1019,0.0,False
2023-11-22,1020,0.0,False
2023-11-22,1021,0.0,False
2023-11-22,1022,0.0,False
2023-11-22,1023,0.0,False
2023-11-22,1024,0.0,False
2023-11-22,1025,0.0,False
2023-11-22,1026,0.0,False
2023-11-22,1027,0.0,False
2023-11-22,1028,0.0,False
2023-11-22,1029,0.0,False
2023-11-22,1030,0.0,False
2023-11-22,1031,0.0,False
2023-11-22,1032,0.0,False
2023-11-22,1033,0.0,False
2023-11-22,1034,0.0,False
2023-11-22,1035,0.0,False
2023-11-22,1036,0.0,False
2023-11-22,1037,0.0,False
2023-11-22,1038,0.0,False
2023-11-22,1039,0.0,False
2023-11-22,1040,0.0,False
2023-11-22,1041,0.0,False
2023-11-22,1042,0.0,False
2023-11-22,1043,0.0,False
2023-11-22,1044,0.0,False
2023-11-22,1045,0.0,False
2023-11-22,1046,0.0,False
2023-11-22,1047,0.0,False
2023-11-22,1048,0.0,False
2023-11-22,1049,0.0,False
2023-11-22,1050,0.0,False
2023-11-23,1001,0.0,False
2023-11-23,1002,0.0,False
2023-11-23,1003,0.0,False
2023-11-23,1004,0.0,False
2023-11-23,1005,0.0,False
2023-11-23,1006,0.0,False
2023-11-23,1007,0.0,False
2023-11-23,1008,0.0,False
2023-11-23,1009,0.0,False
2023-11-23,1010,0.0,False
2023-11-23,1011,0.0,False
2023-11-23,1012,0.0,False
2023-11-23,1013,0.0,False
2023-11-23,1014,0.0,False
2023-11-23,1015,0.0,False
2023-11-23,1016,0.0,False
2023-11-23,1017,0.0,False
2023-11-23,1018,0.0,False
2023-11-23,1019,0.0,False
2023-11-23,1020,0.0,False
2023-11-23,1021,0.0,False
2023-11-23,1022,0.0,False
2023-11-23,1023,0.0,False
2023-11-23,1024,0.0,False
2023-11-23,1025,0.0,False
2023-11-23,1026,0.0,False
2023-11-23,1027,0.0,False
2023-11-23,1028,0.0,False
2023-11-23,1029,0.0,False
2023-11-23,1030,0.0,False
2023-11-23,1031,0.0,False
2023-11-23,1032,0.0,False
2023-11-23,1033,0.0,False
2023-11-23,1034,0.0,False
2023-11-23,1035,0.0,False
2023-11-23,1036,0.0,False
2023-11-23,1037,0.0,False
2023-11-23,1038,0.0,False
2023-11-23,1039,0.0,False
2023-11-23,1040,0.0,False
2023-11-23,1041,0.0,False
2023-11-23,1042,0.0,False
2023-11-23,1043,0.0,False
2023-11-23,1044,0.0,False
2023-11-23,1045,0.0,False
2023-11-23,1046,0.0,False
2023-11-23,1047,0.0,False
2023-11-23,1048,0.0,False
2023-11-23,1049,0.0,False
2023-11-23,1050,0.0,False
2023-11-24,1001,0.0,False
2023-11-24,1002,0.0,False
2023-11-24,1003,0.0,False
2023-11-24,1004,0.0,False
2023-11-24,1005,0.0,False
2023-11-24,1006,0.0,False
2023-11-24,1007,0.0,False
2023-11-24,1008,0.0,False
2023-11-24,1009,0.0,False
2023-11-24,1010,0.0,False
2023-11-24,1011,0.0,False
2023-11-24,1012,0.0,False
2023-11-24,1013,0.0,False
2023-11-24,1014,0.0,False
2023-11-24,1015,0.0,False
2023-11-24,1016,0.0,False
2023-11-24,1017,0.0,False
2023-11-24,1018,0.0,False
2023-11-24,1019,0.0,False
2023-11-24,1020,0.0,False
2023-11-24,1021,0.0,False
2023-11-24,1022,0.0,False
2023-11-24,1023,0.0,False
2023-11-24,1024,0.0,False
2023-11-24,1025,0.0,False
2023-11-24,1026,0.0,False
2023-11-24,1027,0.0,False
2023-11-24,1028,0.0,False
2023-11-24,1029,0.0,False
2023-11-24,1030,0.0,False
2023-11-24,1031,0.0,False
2023-11-24,1032,0.0,False
2023-11-24,1033,0.0,False
2023-11-24,1034,0.0,False
2023-11-24,1035,0.0,False
2023-11-24,1036,0.0,False
2023-11-24,1037,0.0,False
2023-11-24,1038,0.0,False
2023-11-24,1039,0.0,False
2023-11-24,1040,0.0,False
2023-11-24,1041,0.0,False
2023-11-24,1042,0.0,False
2023-11-24,1043,0.0,False
2023-11-24,1044,0.0,False
2023-11-24,1045,0.0,False
2023-11-24,1046,0.0,False
2023-11-24,1047,0.0,False
2023-11-24,1048,0.0,False
2023-11-24,1049,0.0,False
2023-11-24,1050,0.0,False
2023-11-25,1001,0.0,False
2023-11-25,1002,0.0,False
2023-11-25,1003,0.0,False
2023-11-25,1004,0.0,False
2023-11-25,1005,0.0,False
2023-11-25,1006,0.0,False
2023-11-25,1007,0.0,False
2023-11-25,1008,0.0,False
2023-11-25,1009,0.0,False
2023-11-25,1010,0.0,False
2023-11-25,1011,0.0,False
2023-11-25,1012,0.0,False
2023-11-25,1013,0.0,False
2023-11-25,1014,0.0,False
2023-11-25,1015,0.0,False
2023-11-25,1016,0.0,False
2023-11-25,1017,0.0,False
2023-11-25,1018,0.0,False
2023-11-25,1019,0.0,False
2023-11-25,1020,0.0,False
2023-11-25,1021,0.0,False
2023-11-25,1022,0.0,False
2023-11-25,1023,0.0,False
2023-11-25,1024,0.0,False
2023-11-25,1025,0.0,False
2023-11-25,1026,0.0,False
2023-11-25,1027,0.0,False
2023-11-25,1028,0.0,False
2023-11-25,1029,0.0,False
2023-11-25,1030,0.0,False
2023-11-25,1031,0.0,False
2023-11-25,1032,0.0,False
2023-11-25,1033,0.0,False
2023-11-25,1034,0.0,False
2023-11-25,1035,0.0,False
2023-11-25,1036,0.0,False
2023-11-25,1037,0.0,False
2023-11-25,1038,0.0,False
2023-11-25,1039,0.0,False
2023-11-25,1040,0.0,False
2023-11-25,1041,0.0,False
2023-11-25,1042,0.0,False
2023-11-25,1043,0.0,False
2023-11-25,1044,0.0,False
2023-11-25,1045,0.0,False
2023-11-25,1046,0.0,False
2023-11-25,1047,0.0,False
2023-11-25,1048,0.0,False
2023-11-25,1049,0.0,False
2023-11-25,1050,0.0,False
2023-11-26,1001,0.0,False
2023-11-26,1002,0.0,False
2023-11-26,1003,0.0,False
2023-11-26,1004,0.0,False
2023-11-26,1005,0.0,False
2023-11-26,1006,0.0,False
2023-11-26,1007,0.0,False
2023-11-26,1008,0.0,False
2023-11-26,1009,0.0,False
2023-11-26,1010,0.0,False
2023-11-26,1011,0.0,False
2023-11-26,1012,0.0,False
2023-11-26,1013,0.0,False
2023-11-26,1014,0.0,False
2023-11-26,1015,0.0,False
2023-11-26,1016,0.0,False
2023-11-26,1017,0.0,False
2023-11-26,1018,0.0,False
2023-11-26,1019,0.0,False
2023-11-26,1020,0.0,False
2023-11-26,1021,0.0,False
2023-11-26,1022,0.0,False
2023-11-26,1023,0.0,False
2023-11-26,1024,0.0,False
2023-11-26,1025,0.0,False
2023-11-26,1026,0.0,False
2023-11-26,1027,0.0,False
2023-11-26,1028,0.0,False
2023-11-26,1029,0.0,False
2023-11-26,1030,0.0,False
2023-11-26,1031,0.0,False
2023-11-26,1032,0.0,False
2023-11-26,1033,0.0,False
2023-11-26,1034,0.0,False
2023-11-26,1035,0.0,False
2023-11-26,1036,0.0,False
2023-11-26,1037,0.0,False
2023-11-26,1038,0.0,False
2023-11-26,1039,0.0,False
2023-11-26,1040,0.0,False
2023-11-26,1041,0.0,False
2023-11-26,1042,0.0,False
2023-11-26,1043,0.0,False
2023-11-26,1044,0.0,False
2023-11-26,1045,0.0,False
2023-11-26,1046,0.0,False
2023-11-26,1047,0.0,False
2023-11-26,1048,0.0,False
2023-11-26,1049,0.0,False
2023-11-26,1050,0.0,False
2023-11-27,1001,0.0,False
2023-11-27,1002,0.0,False
2023-11-27,1003,0.0,False
2023-11-27,1004,0.0,False
2023-11-27,1005,0.0,False
2023-11-27,1006,0.0,False
2023-11-27,1007,0.0,False
2023-11-27,1008,0.0,False
2023-11-27,1009,0.0,False
2023-11-27,1010,0.0,False
2023-11-27,1011,0.0,False
2023-11-27,1012,0.0,False
2023-11-27,1013,0.0,False
2023-11-27,1014,0.0,False
2023-11-27,1015,0.0,False
2023-11-27,1016,0.0,False
2023-11-27,1017,0.0,False
2023-11-27,1018,0.0,False
2023-11-27,1019,0.0,False
2023-11-27,1020,0.0,False
2023-11-27,1021,0.5,False
2023-11-27,1022,0.0,False
2023-11-27,1023,0.0,False
2023-11-27,1024,0.0,False
2023-11-27,1025,0.0,False
2023-11-27,1026,0.0,False
2023-11-27,1027,0.0,False
2023-11-27,1028,0.0,False
2023-11-27,1029,0.0,False
2023-11-27,1030,0.0,False
2023-11-27,1031,0.0,False
2023-11-27,1032,0.0,False
2023-11-27,1033,0.0,False
2023-11-27,1034,0.0,False
2023-11-27,1035,0.0,False
2023-11-27,1036,0.0,False
2023-11-27,1037,0.0,False
2023-11-27,1038,0.0,False
2023-11-27,1039,0.0,False
2023-11-27,1040,0.0,False
2023-11-27,1041,0.0,False
2023-11-27,1042,0.0,False
2023-11-27,1043,0.0,False
2023-11-27,1044,0.0,False
2023-11-27,1045,0.0,False
2023-11-27,1046,0.0,False
2023-11-27,1047,0.0,False
2023-11-27,1048,0.0,False
2023-11-27,1049,0.5,False
2023-11-27,1050,1.5,False
2023-11-28,1001,1.0,False
2023-11-28,1002,0.5,False
2023-11-28,1003,3.5,False
2023-11-28,1004,3.0,False
2023-11-28,1005,0.0,False
2023-11-28,1006,2.0,False
2023-11-28,1007,1.0,False
2023-11-28,1008,0.5,False
2023-11-28,1009,3.0,False
2023-11-28,1010,1.5,False
2023-11-28,1011,0.0,False
2023-11-28,1012,3.0,False
2023-11-28,1013,1.5,False
2023-11-28,1014,1.0,False
2023-11-28,1015,5.0,False
2023-11-28,1016,1.5,False
2023-11-28,1017,1.5,False
2023-11-28,1018,4.0,False
2023-11-28,1019,1.0,False
2023-11-28,1020,0.5,False
2023-11-28,1021,1.0,False
2023-11-28,1022,3.0,False
2023-11-28,1023,6.0,False
2023-11-28,1024,3.0,False
2023-11-28,1025,0.5,False
2023-11-28,1026,1.0,False
2023-11-28,1027,2.5,False
2023-11-28,1028,3.5,False
2023-11-28,1029,2.0,False
2023-11-28,1030,2.0,False
2023-11-28,1031,3.0,False
2023-11-28,1032,1.0,False
2023-11-28,1033,4.5,False
2023-11-28,1034,1.5,False
2023-11-28,1035,3.0,False
2023-11-28,1036,0.0,False
2023-11-28,1037,1.0,False
2023-11-28,1038,0.5,False
2023-11-28,1039,2.0,False
2023-11-28,1040,6.5,False
2023-11-28,1041,0.5,False
2023-11-28,1042,0.5,False
2023-11-28,1043,3.0,False
2023-11-28,1044,2.0,False
2023-11-28,1045,2.5,False
2023-11-28,1046,3.0,False
2023-11-28,1047,1.0,False
2023-11-28,1048,0.5,False
2023-11-28,1049,1.0,False
2023-11-28,1050,1.5,False
2023-11-29,1001,0.0,False
2023-11-29,1002,0.0,False
2023-11-29,1003,0.0,False
2023-11-29,1004,0.0,False
2023-11-29,1005,0.0,False
2023-11-29,1006,0.0,False
2023-11-29,1007,0.0,False
2023-11-29,1008,0.0,False
2023-11-29,1009,0.0,False
2023-11-29,1010,0.0,False
2023-11-29,1011,0.0,False
2023-11-29,1012,0.0,False
2023-11-29,1013,0.0,False
2023-11-29,1014,0.0,False
2023-11-29,1015,0.0,False
2023-11-29,1016,0.0,False
2023-11-29,1017,0.0,False
2023-11-29,1018,0.0,False
2023-11-29,1019,0.0,False
2023-11-29,1020,0.0,False
2023-11-29,1021,0.0,False
2023-11-29,1022,0.0,False
2023-11-29,1023,0.0,False
2023-11-29,1024,0.0,False
2023-11-29,1025,0.0,False
2023-11-29,1026,0.0,False
2023-11-29,1027,0.0,False
2023-11-29,1028,0.0,False
2023-11-29,1029,0.0,False
2023-11-29,1030,0.0,False
2023-11-29,1031,0.0,False
2023-11-29,1032,0.0,False
2023-11-29,1033,0.0,False
2023-11-29,1034,0.0,False
2023-11-29,1035,0.5,False
2023-11-29,1036,0.0,False
2023-11-29,1037,0.0,False
2023-11-29,1038,0.0,False
2023-11-29,1039,0.0,False
2023-11-29,1040,0.0,False
2023-11-29,1041,0.0,False
2023-11-29,1042,0.0,False
2023-11-29,1043,0.0,False
2023-11-29,1044,0.0,False
2023-11-29,1045,0.0,False
2023-11-29,1046,0.0,False
2023-11-29,1047,0.0,False
2023-11-29,1048,0.0,False
2023-11-29,1049,0.0,False
2023-11-29,1050,0.0,False
2023-11-30,1001,0.0,False
2023-11-30,1002,0.0,False
2023-11-30,1003,0.0,False
2023-11-30,1004,0.0,False
2023-11-30,1005,0.0,False
2023-11-30,1006,0.0,False
2023-11-30,1007,0.0,False
2023-11-30,1008,0.0,False
2023-11-30,1009,0.0,False
2023-11-30,1010,0.0,False
2023-11-30,1011,0.0,False
2023-11-30,1012,0.0,False
2023-11-30,1013,0.0,False
2023-11-30,1014,0.0,False
2023-11-30,1015,0.0,False
2023-11-30,1016,0.0,False
2023-11-30,1017,0.0,False
2023-11-30,1018,0.0,False
2023-11-30,1019,0.0,False
2023-11-30,1020,0.0,False
2023-11-30,1021,0.0,False
2023-11-30,1022,0.0,False
2023-11-30,1023,0.0,False
2023-11-30,1024,0.0,False
2023-11-30,1025,0.0,False
2023-11-30,1026,0.0,False
2023-11-30,1027,0.0,False
2023-11-30,1028,0.0,False
2023-11-30,1029,0.0,False
2023-11-30,1030,0.0,False
2023-11-30,1031,0.0,False
2023-11-30,1032,0.0,False
2023-11-30,1033,0.0,False
2023-11-30,1034,0.0,False
2023-11-30,1035,0.0,False
2023-11-30,1036,0.0,False
2023-11-30,1037,0.0,False
2023-11-30,1038,0.0,False
2023-11-30,1039,0.0,False
2023-11-30,1040,0.0,False
2023-11-30,1041,0.0,False
2023-11-30,1042,0.0,False
2023-11-30,1043,0.0,False
2023-11-30,1044,0.0,False
2023-11-30,1045,0.0,False
2023-11-30,1046,0.0,False
2023-11-30,1047,0.0,False
2023-11-30,1048,0.0,False
2023-11-30,1049,0.0,False
2023-11-30,1050,0.0,False
2023-12-01,1001,0.0,False
2023-12-01,1002,0.0,False
2023-12-01,1003,0.0,False
2023-12-01,1004,0.0,False
2023-12-01,1005,0.0,False
2023-12-01,1006,0.0,False
2023-12-01,1007,0.0,False
2023-12-01,1008,0.0,False
2023-12-01,1009,0.0,False
2023-12-01,1010,0.0,False
2023-12-01,1011,0.0,False
2023-12-01,1012,0.0,False
2023-12-01,1013,0.0,False
2023-12-01,1014,0.0,False
2023-12-01,1015,0.0,False
2023-12-01,1016,0.0,False
2023-12-01,1017,0.0,False
2023-12-01,1018,0.0,False
2023-12-01,1019,0.0,False
2023-12-01,1020,0.0,False
2023-12-01,1021,0.0,False
2023-12-01,1022,0.0,False
2023-12-01,1023,0.0,False
2023-12-01,1024,0.0,False
2023-12-01,1025,0.0,False
2023-12-01,1026,0.0,False
2023-12-01,1027,0.0,False
2023-12-01,1028,0.0,False
2023-12-01,1029,0.0,False
2023-12-01,1030,0.0,False
2023-12-01,1031,0.0,False
2023-12-01,1032,0.0,False
2023-12-01,1033,0.0,False
2023-12-01,1034,0.0,False
2023-12-01,1035,0.0,False
2023-12-01,1036,0.0,False
2023-12-01,1037,0.0,False
2023-12-01,1038,0.0,False
2023-12-01,1039,0.0,False
2023-12-01,1040,0.0,False
2023-12-01,1041,0.0,False
2023-12-01,1042,0.0,False
2023-12-01,1043,0.0,False
2023-12-01,1044,0.0,False
2023-12-01,1045,0.0,False
2023-12-01,1046,0.0,False
2023-12-01,1047,0.0,False
2023-12-01,1048,0.0,False
2023-12-01,1049,0.0,False
2023-12-01,1050,0.0,False
2023-12-02,1001,0.0,False
2023-12-02,1002,0.0,False
2023-12-02,1003,1.5,False
2023-12-02,1004,0.0,False
2023-12-02,1005,0.0,False
2023-12-02,1006,0.0,False
2023-12-02,1007,7.5,False
2023-12-02,1008,0.0,False
2023-12-02,1009,0.0,False
2023-12-02,1010,0.0,False
2023-12-02,1011,0.0,False
2023-12-02,1012,0.0,False
2023-12-02,1013,0.0,False
2023-12-02,1014,0.0,False
2023-12-02,1015,0.0,False
2023-12-02,1016,0.0,False
2023-12-02,1017,0.0,False
2023-12-02,1018,0.0,False
2023-12-02,1019,0.0,False
2023-12-02,1020,0.0,False
2023-12-02,1021,0.0,False
2023-12-02,1022,0.0,False
2023-12-02,1023,0.0,False
2023-12-02,1024,0.0,False
2023-12-02,1025,0.0,False
2023-12-02,1026,0.0,False
2023-12-02,1027,0.0,False
2023-12-02,1028,0.0,False
2023-12-02,1029,0.0,False
2023-12-02,1030,0.0,False
2023-12-02,1031,0.0,False
2023-12-02,1032,0.0,False
2023-12-02,1033,0.0,False
2023-12-02,1034,0.0,False
2023-12-02,1035,0.0,False
2023-12-02,1036,0.0,False
2023-12-02,1037,0.0,False
2023-12-02,1038,0.0,False
2023-12-02,1039,0.0,False
2023-12-02,1040,0.0,False
2023-12-02,1041,0.0,False
2023-12-02,1042,0.0,False
2023-12-02,1043,0.0,False
2023-12-02,1044,0.0,False
2023-12-02,1045,0.0,False
2023-12-02,1046,0.0,False
2023-12-02,1047,0.0,False
2023-12-02,1048,0.0,False
2023-12-02,1049,0.0,False
2023-12-02,1050,0.0,False
2023-12-03,1001,9.0,False
2023-12-03,1002,0.0,False
2023-12-03,1003,2.5,False
2023-12-03,1004,10.5,False
2023-12-03,1005,7.0,False
2023-12-03,1006,0.0,False
2023-12-03,1007,1.0,False
2023-12-03,1008,2.0,False
2023-12-03,1009,0.0,False
2023-12-03,1010,1.0,False
2023-12-03,1011,0.0,False
2023-12-03,1012,2.0,False
2023-12-03,1013,10.0,False
2023-12-03,1014,0.0,False
2023-12-03,1015,10.5,False
2023-12-03,1016,12.0,False
2023-12-03,1017,4.0,False
2023-12-03,1018,13.0,False
2023-12-03,1019,1.0,False
2023-12-03,1020,7.0,False
2023-12-03,1021,5.5,False
2023-12-03,1022,24.5,False
2023-12-03,1023,2.5,False
2023-12-03,1024,0.5,False
2023-12-03,1025,0.0,False
2023-12-03,1026,1.5,False
2023-12-03,1027,0.0,False
2023-12-03,1028,1.5,False
2023-12-03,1029,0.0,False
2023-12-03,1030,5.5,False
2023-12-03,1031,0.0,False
2023-12-03,1032,4.0,False
2023-12-03,1033,0.0,False
2023-12-03,1034,0.5,False
2023-12-03,1035,0.5,False
2023-12-03,1036,17.0,False
2023-12-03,1037,3.0,False
2023-12-03,1038,0.0,False
2023-12-03,1039,2.0,False
2023-12-03,1040,3.0,False
2023-12-03,1041,18.5,False
2023-12-03,1042,16.5,False
2023-12-03,1043,6.0,False
2023-12-03,1044,0.0,False
2023-12-03,1045,0.0,False
2023-12-03,1046,0.5,False
2023-12-03,1047,0.0,False
2023-12-03,1048,19.0,False
2023-12-03,1049,0.0,False
2023-12-03,1050,5.5,False
2023-12-04,1001,9.0,False
2023-12-04,1002,2.0,False
2023-12-04,1003,3.5,False
2023-12-04,1004,3.0,False
2023-12-04,1005,3.5,False
2023-12-04,1006,3.5,False
2023-12-04,1007,8.5,False
2023-12-04,1008,6.5,False
2023-12-04,1009,0.0,False
2023-12-04,1010,4.0,False
2023-12-04,1011,1.0,False
2023-12-04,1012,1.0,False
2023-12-04,1013,5.0,False
2023-12-04,1014,7.0,False
2023-12-04,1015,2.0,False
2023-12-04,1016,7.0,False
2023-12-04,1017,3.5,False
2023-12-04,1018,2.0,False
2023-12-04,1019,7.0,False
2023-12-04,1020,9.5,False
2023-12-04,1021,6.0,False
2023-12-04,1022,7.5,False
2023-12-04,1023,16.5,False
2023-12-04,1024,0.5,False
2023-12-04,1025,2.5,False
2023-12-04,1026,3.5,False
2023-12-04,1027,0.0,False
2023-12-04,1028,1.0,False
2023-12-04,1029,5.0,False
2023-12-04,1030,5.0,False
2023-12-04,1031,1.5,False
2023-12-04,1032,1.5,False
2023-12-04,1033,4.5,False
2023-12-04,1034,1.5,False
2023-12-04,1035,4.5,False
2023-12-04,1036,0.0,False
2023-12-04,1037,7.5,False
2023-12-04,1038,0.5,False
2023-12-04,1039,5.0,False
2023-12-04,1040,11.0,False
2023-12-04,1041,0.5,False
2023-12-04,1042,0.0,False
2023-12-04,1043,5.5,False
2023-12-04,1044,2.0,False
2023-12-04,1045,3.5,False
2023-12-04,1046,2.0,False
2023-12-04,1047,0.0,False
2023-12-04,1048,8.0,False
2023-12-04,1049,2.0,False
2023-12-04,1050,8.0,False
2023-12-05,1001,11.5,False
2023-12-05,1002,3.0,False
2023-12-05,1003,10.5,False
2023-12-05,1004,7.5,False
2023-12-05,1005,2.5,False
2023-12-05,1006,3.5,False
2023-12-05,1007,11.0,False
2023-12-05,1008,13.0,False
2023-12-05,1009,8.5,False
2023-12-05,1010,2.5,False
2023-12-05,1011,5.5,False
2023-12-05,1012,6.0,False
2023-12-05,1013,7.0,False
2023-12-05,1014,6.0,False
2023-12-05,1015,4.5,False
2023-12-05,1016,5.5,False
2023-12-05,1017,6.5,False
2023-12-05,1018,6.0,False
2023-12-05,1019,9.5,False
2023-12-05,1020,9.5,False
2023-12-05,1021,8.0,False
2023-12-05,1022,4.5,False
2023-12-05,1023,3.5,False
2023-12-05,1024,6.5,False
2023-12-05,1025,3.0,False
2023-12-05,1026,6.0,False
2023-12-05,1027,2.5,False
2023-12-05,1028,4.5,False
2023-12-05,1029,5.5,False
2023-12-05,1030,2.5,False
2023-12-05,1031,9.0,False
2023-12-05,1032,8.5,False
2023-12-05,1033,8.5,False
2023-12-05,1034,6.0,False
2023-12-05,1035,5.0,False
2023-12-05,1036,0.0,False
2023-12-05,1037,7.5,False
2023-12-05,1038,1.5,False
2023-12-05,1039,6.5,False
2023-12-05,1040,6.0,False
2023-12-05,1041,1.5,False
2023-12-05,1042,2.0,False
2023-12-05,1043,1.5,False
2023-12-05,1044,2.5,False
2023-12-05,1045,6.5,False
2023-12-05,1046,5.5,False
2023-12-05,1047,9.0,False
2023-12-05,1048,7.5,False
2023-12-05,1049,7.5,False
2023-12-05,1050,1.5,False
2023-12-06,1001,0.0,False
2023-12-06,1002,0.0,False
2023-12-06,1003,0.0,False
2023-12-06,1004,3.5,False
2023-12-06,1005,0.0,False
2023-12-06,1006,0.0,False
2023-12-06,1007,0.0,False
2023-12-06,1008,0.0,False
2023-12-06,1009,0.0,False
2023-12-06,1010,0.0,False
2023-12-06,1011,0.0,False
2023-12-06,1012,0.0,False
2023-12-06,1013,4.5,False
2023-12-06,1014,0.0,False
2023-12-06,1015,4.0,False
2023-12-06,1016,4.0,False
2023-12-06,1017,0.0,False
2023-12-06,1018,5.5,False
2023-12-06,1019,0.0,False
2023-12-06,1020,0.0,False
2023-12-06,1021,8.0,False
2023-12-06,1022,1.5,False
2023-12-06,1023,0.0,False
2023-12-06,1024,0.0,False
2023-12-06,1025,0.0,False
2023-12-06,1026,0.0,False
2023-12-06,1027,0.0,False
2023-12-06,1028,7.0,False
2023-12-06,1029,0.0,False
2023-12-06,1030,0.0,False
2023-12-06,1031,0.0,False
2023-12-06,1032,0.5,False
2023-12-06,1033,0.0,False
2023-12-06,1034,0.0,False
2023-12-06,1035,0.0,False
2023-12-06,1036,0.0,False
2023-12-06,1037,0.0,False
2023-12-06,1038,0.0,False
2023-12-06,1039,0.0,False
2023-12-06,1040,0.5,False
2023-12-06,1041,0.0,False
2023-12-06,1042,0.0,False
2023-12-06,1043,0.0,False
2023-12-06,1044,0.0,False
2023-12-06,1045,0.0,False
2023-12-06,1046,0.0,False
2023-12-06,1047,0.0,False
2023-12-06,1048,19.0,False
2023-12-06,1049,0.0,False
2023-12-06,1050,7.0,False
2023-12-07,1001,0.0,False
2023-12-07,1002,0.0,False
2023-12-07,1003,0.5,False
2023-12-07,1004,0.0,False
2023-12-07,1005,1.5,False
2023-12-07,1006,0.0,False
2023-12-07,1007,0.0,False
2023-12-07,1008,0.0,False
2023-12-07,1009,0.5,False
2023-12-07,1010,1.0,False
2023-12-07,1011,0.0,False
2023-12-07,1012,1.5,False
2023-12-07,1013,0.5,False
2023-12-07,1014,0.0,False
2023-12-07,1015,0.0,False
2023-12-07,1016,0.5,False
2023-12-07,1017,0.0,False
2023-12-07,1018,0.0,False
2023-12-07,1019,0.0,False
2023-12-07,1020,0.0,False
2023-12-07,1021,0.0,False
2023-12-07,1022,0.0,False
2023-12-07,1023,0.5,False
2023-12-07,1024,0.0,False
2023-12-07,1025,0.0,False
2023-12-07,1026,0.0,False
2023-12-07,1027,0.5,False
2023-12-07,1028,0.0,False
2023-12-07,1029,0.0,False
2023-12-07,1030,0.0,False
2023-12-07,1031,0.0,False
2023-12-07,1032,0.0,False
2023-12-07,1033,0.0,False
2023-12-07,1034,0.0,False
2023-12-07,1035,0.0,False
2023-12-07,1036,0.0,False
2023-12-07,1037,0.0,False
2023-12-07,1038,0.0,False
2023-12-07,1039,0.0,False
2023-12-07,1040,4.0,False
2023-12-07,1041,1.0,False
2023-12-07,1042,3.5,False
2023-12-07,1043,1.0,False
2023-12-07,1044,4.5,False
2023-12-07,1045,0.0,False
2023-12-07,1046,0.0,False
2023-12-07,1047,1.0,False
2023-12-07,1048,0.5,False
2023-12-07,1049,0.0,False
2023-12-07,1050,0.0,False
2023-12-08,1001,0.0,False
2023-12-08,1002,0.0,False
2023-12-08,1003,10.0,False
2023-12-08,1004,0.0,False
2023-12-08,1005,0.5,False
2023-12-08,1006,0.0,False
2023-12-08,1007,0.0,False
2023-12-08,1008,0.0,False
2023-12-08,1009,1.0,False
2023-12-08,1010,1.0,False
2023-12-08,1011,0.0,False
2023-12-08,1012,0.0,False
2023-12-08,1013,0.0,False
2023-12-08,1014,0.0,False
2023-12-08,1015,0.5,False
2023-12-08,1016,0.0,False
2023-12-08,1017,0.0,False
2023-12-08,1018,0.0,False
2023-12-08,1019,0.0,False
2023-12-08,1020,0.0,False
2023-12-08,1021,0.0,False
2023-12-08,1022,0.0,False
2023-12-08,1023,0.0,False
2023-12-08,1024,0.5,False
2023-12-08,1025,0.0,False
2023-12-08,1026,0.0,False
2023-12-08,1027,0.0,False
2023-12-08,1028,0.0,False
2023-12-08,1029,0.0,False
2023-12-08,1030,0.0,False
2023-12-08,1031,1.0,False
2023-12-08,1032,0.0,False
2023-12-08,1033,0.0,False
2023-12-08,1034,0.0,False
2023-12-08,1035,0.0,False
2023-12-08,1036,0.0,False
2023-12-08,1037,0.0,False
2023-12-08,1038,0.0,False
2023-12-08,1039,0.0,False
2023-12-08,1040,0.5,False
2023-12-08,1041,0.0,False
2023-12-08,1042,0.0,False
2023-12-08,1043,0.0,False
2023-12-08,1044,0.5,False
2023-12-08,1045,0.0,False
2023-12-08,1046,1.5,False
2023-12-08,1047,0.0,False
2023-12-08,1048,0.0,False
2023-12-08,1049,0.0,False
2023-12-08,1050,0.0,False
2023-12-09,1001,0.0,False
2023-12-09,1002,0.0,False
2023-12-09,1003,0.0,False
2023-12-09,1004,0.0,False
2023-12-09,1005,0.0,False
2023-12-09,1006,0.0,False
2023-12-09,1007,0.0,False
2023-12-09,1008,0.0,False
2023-12-09,1009,0.0,False
2023-12-09,1010,0.0,False
2023-12-09,1011,0.0,False
2023-12-09,1012,0.0,False
2023-12-09,1013,0.0,False
2023-12-09,1014,0.0,False
2023-12-09,1015,0.0,False
2023-12-09,1016,0.0,False
2023-12-09,1017,0.0,False
2023-12-09,1018,0.0,False
2023-12-09,1019,0.0,False
2023-12-09,1020,0.0,False
2023-12-09,1021,0.0,False
2023-12-09,1022,0.0,False
2023-12-09,1023,0.0,False
2023-12-09,1024,0.0,False
2023-12-09,1025,0.0,False
2023-12-09,1026,0.0,False
2023-12-09,1027,0.0,False
2023-12-09,1028,0.0,False
2023-12-09,1029,0.0,False
2023-12-09,1030,0.0,False
2023-12-09,1031,0.0,False
2023-12-09,1032,0.0,False
2023-12-09,1033,0.0,False
2023-12-09,1034,0.0,False
2023-12-09,1035,0.0,False
2023-12-09,1036,0.0,False
2023-12-09,1037,0.0,False
2023-12-09,1038,0.0,False
2023-12-09,1039,0.0,False
2023-12-09,1040,0.0,False
2023-12-09,1041,0.0,False
2023-12-09,1042,0.0,False
2023-12-09,1043,0.0,False
2023-12-09,1044,0.0,False
2023-12-09,1045,0.0,False
2023-12-09,1046,0.0,False
2023-12-09,1047,0.0,False
2023-12-09,1048,0.0,False
2023-12-09,1049,0.0,False
2023-12-09,1050,0.0,False
2023-12-10,1001,0.0,False
2023-12-10,1002,0.0,False
2023-12-10,1003,0.0,False
2023-12-10,1004,0.0,False
2023-12-10,1005,0.0,False
2023-12-10,1006,0.0,False
2023-12-10,1007,0.0,False
2023-12-10,1008,0.0,False
2023-12-10,1009,0.0,False
2023-12-10,1010,0.0,False
2023-12-10,1011,0.0,False
2023-12-10,1012,0.0,False
2023-12-10,1013,0.0,False
2023-12-10,1014,0.0,False
2023-12-10,1015,0.0,False
2023-12-10,1016,0.0,False
2023-12-10,1017,0.0,False
2023-12-10,1018,0.0,False
2023-12-10,1019,0.0,False
2023-12-10,1020,0.0,False
2023-12-10,1021,0.0,False
2023-12-10,1022,0.0,False
2023-12-10,1023,0.0,False
2023-12-10,1024,0.0,False
2023-12-10,1025,0.0,False
2023-12-10,1026,0.0,False
2023-12-10,1027,0.0,False
2023-12-10,1028,0.0,False
2023-12-10,1029,0.0,False
2023-12-10,1030,0.0,False
2023-12-10,1031,0.0,False
2023-12-10,1032,0.0,False
2023-12-10,1033,0.0,False
2023-12-10,1034,0.0,False
2023-12-10,1035,0.0,False
2023-12-10,1036,0.0,False
2023-12-10,1037,0.0,False
2023-12-10,1038,0.0,False
2023-12-10,1039,0.0,False
2023-12-10,1040,0.0,False
2023-12-10,1041,0.0,False
2023-12-10,1042,0.0,False
2023-12-10,1043,0.0,False
2023-12-10,1044,0.0,False
2023-12-10,1045,0.0,False
2023-12-10,1046,0.0,False
2023-12-10,1047,0.0,False
2023-12-10,1048,0.0,False
2023-12-10,1049,0.0,False
2023-12-10,1050,0.0,False
2023-12-11,1001,0.0,False
2023-12-11,1002,0.0,False
2023-12-11,1003,0.0,False
2023-12-11,1004,0.0,False
2023-12-11,1005,0.0,False
2023-12-11,1006,0.0,False
2023-12-11,1007,0.0,False
2023-12-11,1008,0.0,False
2023-12-11,1009,0.0,False
2023-12-11,1010,0.0,False
2023-12-11,1011,0.0,False
2023-12-11,1012,0.0,False
2023-12-11,1013,0.0,False
2023-12-11,1014,0.0,False
2023-12-11,1015,0.0,False
2023-12-11,1016,0.0,False
2023-12-11,1017,0.0,False
2023-12-11,1018,0.0,False
2023-12-11,1019,0.0,False
2023-12-11,1020,0.0,False
2023-12-11,1021,0.0,False
2023-12-11,1022,0.0,False
2023-12-11,1023,0.0,False
2023-12-11,1024,0.0,False
2023-12-11,1025,0.0,False
2023-12-11,1026,0.0,False
2023-12-11,1027,0.0,False
2023-12-11,1028,0.0,False
2023-12-11,1029,0.0,False
2023-12-11,1030,0.0,False
2023-12-11,1031,0.0,False
2023-12-11,1032,0.0,False
2023-12-11,1033,0.0,False
2023-12-11,1034,0.0,False
2023-12-11,1035,0.0,False
2023-12-11,1036,0.0,False
2023-12-11,1037,0.0,False
2023-12-11,1038,0.0,False
2023-12-11,1039,0.0,False
2023-12-11,1040,0.0,False
2023-12-11,1041,0.0,False
2023-12-11,1042,0.0,False
2023-12-11,1043,0.0,False
2023-12-11,1044,0.0,False
2023-12-11,1045,0.0,False
2023-12-11,1046,0.0,False
2023-12-11,1047,0.0,False
2023-12-11,1048,0.0,False
2023-12-11,1049,0.0,False
2023-12-11,1050,0.0,False
2023-12-12,1001,0.0,False
2023-12-12,1002,0.0,False
2023-12-12,1003,0.0,False
2023-12-12,1004,0.0,False
2023-12-12,1005,0.0,False
2023-12-12,1006,0.0,False
2023-12-12,1007,0.0,False
2023-12-12,1008,0.0,False
2023-12-12,1009,0.0,False
2023-12-12,1010,0.0,False
2023-12-12,1011,0.0,False
2023-12-12,1012,0.0,False
2023-12-12,1013,0.0,False
2023-12-12,1014,0.0,False
2023-12-12,1015,0.0,False
2023-12-12,1016,0.0,False
2023-12-12,1017,0.0,False
2023-12-12,1018,0.0,False
2023-12-12,1019,0.0,False
2023-12-12,1020,0.0,False
2023-12-12,1021,0.0,False
2023-12-12,1022,0.0,False
2023-12-12,1023,0.0,False
2023-12-12,1024,0.0,False
2023-12-12,1025,0.0,False
2023-12-12,1026,0.0,False
2023-12-12,1027,0.0,False
2023-12-12,1028,0.0,False
2023-12-12,1029,0.0,False
2023-12-12,1030,0.0,False
2023-12-12,1031,0.0,False
2023-12-12,1032,0.0,False
2023-12-12,1033,0.0,False
2023-12-12,1034,0.0,False
2023-12-12,1035,0.0,False
2023-12-12,1036,0.0,False
2023-12-12,1037,0.0,False
2023-12-12,1038,0.0,False
2023-12-12,1039,0.0,False
2023-12-12,1040,0.0,False
2023-12-12,1041,0.0,False
2023-12-12,1042,0.0,False
2023-12-12,1043,0.0,False
2023-12-12,1044,0.0,False
2023-12-12,1045,0.0,False
2023-12-12,1046,0.0,False
2023-12-12,1047,0.0,False
2023-12-12,1048,0.0,False
2023-12-12,1049,0.0,False
2023-12-12,1050,0.0,False
2023-12-13,1001,0.0,False
2023-12-13,1002,0.0,False
2023-12-13,1003,0.0,False
2023-12-13,1004,0.0,False
2023-12-13,1005,0.0,False
2023-12-13,1006,0.0,False
2023-12-13,1007,0.0,False
2023-12-13,1008,0.0,False
2023-12-13,1009,0.0,False
2023-12-13,1010,0.0,False
2023-12-13,1011,0.0,False
2023-12-13,1012,0.0,False
2023-12-13,1013,0.0,False
2023-12-13,1014,0.0,False
2023-12-13,1015,0.0,False
2023-12-13,1016,0.0,False
2023-12-13,1017,0.0,False
2023-12-13,1018,0.0,False
2023-12-13,1019,0.0,False
2023-12-13,1020,0.0,False
2023-12-13,1021,0.0,False
2023-12-13,1022,0.0,False
2023-12-13,1023,0.0,False
2023-12-13,1024,0.0,False
2023-12-13,1025,0.0,False
2023-12-13,1026,0.0,False
2023-12-13,1027,0.0,False
2023-12-13,1028,0.0,False
2023-12-13,1029,0.0,False
2023-12-13,1030,0.0,False
2023-12-13,1031,0.0,False
2023-12-13,1032,0.0,False
2023-12-13,1033,0.0,False
2023-12-13,1034,0.0,False
2023-12-13,1035,0.0,False
2023-12-13,1036,0.0,False
2023-12-13,1037,0.0,False
2023-12-13,1038,0.0,False
2023-12-13,1039,0.0,False
2023-12-13,1040,0.0,False
2023-12-13,1041,0.0,False
2023-12-13,1042,0.0,False
2023-12-13,1043,0.0,False
2023-12-13,1044,0.0,False
2023-12-13,1045,0.0,False
2023-12-13,1046,0.0,False
2023-12-13,1047,0.0,False
2023-12-13,1048,0.0,False
2023-12-13,1049,0.0,False
2023-12-13,1050,0.0,False
2023-12-14,1001,0.5,False
2023-12-14,1002,0.0,False
2023-12-14,1003,0.0,False
2023-12-14,1004,0.0,False
2023-12-14,1005,0.0,False
2023-12-14,1006,0.0,False
2023-12-14,1007,0.0,False
2023-12-14,1008,0.0,False
2023-12-14,1009,0.0,False
2023-12-14,1010,0.0,False
2023-12-14,1011,0.0,False
2023-12-14,1012,0.0,False
2023-12-14,1013,0.0,False
2023-12-14,1014,0.0,False
2023-12-14,1015,0.0,False
2023-12-14,1016,0.0,False
2023-12-14,1017,0.0,False
2023-12-14,1018,0.0,False
2023-12-14,1019,0.0,False
2023-12-14,1020,0.0,False
2023-12-14,1021,0.0,False
2023-12-14,1022,0.0,False
2023-12-14,1023,0.0,False
2023-12-14,1024,0.0,False
2023-12-14,1025,0.0,False
2023-12-14,1026,0.0,False
2023-12-14,1027,0.0,False
2023-12-14,1028,0.0,False
2023-12-14,1029,0.0,False
2023-12-14,1030,0.0,False
2023-12-14,1031,0.0,False
2023-12-14,1032,0.0,False
2023-12-14,1033,0.0,False
2023-12-14,1034,0.0,False
2023-12-14,1035,0.0,False
2023-12-14,1036,0.0,False
2023-12-14,1037,0.0,False
2023-12-14,1038,0.0,False
2023-12-14,1039,0.0,False
2023-12-14,1040,0.0,False
2023-12-14,1041,0.0,False
2023-12-14,1042,0.0,False
2023-12-14,1043,0.0,False
2023-12-14,1044,0.0,False
2023-12-14,1045,0.0,False
2023-12-14,1046,0.0,False
2023-12-14,1047,0.0,False
2023-12-14,1048,0.0,False
2023-12-14,1049,0.0,False
2023-12-14,1050,0.0,False
2023-12-15,1001,0.0,False
2023-12-15,1002,0.0,False
2023-12-15,1003,0.0,False
2023-12-15,1004,0.0,False
2023-12-15,1005,0.0,False
2023-12-15,1006,0.0,False
2023-12-15,1007,0.0,False
2023-12-15,1008,0.0,False
2023-12-15,1009,0.0,False
2023-12-15,1010,0.0,False
2023-12-15,1011,0.0,False
2023-12-15,1012,0.0,False
2023-12-15,1013,0.0,False
2023-12-15,1014,0.0,False
2023-12-15,1015,0.0,False
2023-12-15,1016,0.0,False
2023-12-15,1017,0.0,False
2023-12-15,1018,0.0,False
2023-12-15,1019,0.0,False
2023-12-15,1020,0.0,False
2023-12-15,1021,0.0,False
2023-12-15,1022,0.0,False
2023-12-15,1023,0.0,False
2023-12-15,1024,0.0,False
2023-12-15,1025,0.0,False
2023-12-15,1026,0.0,False
2023-12-15,1027,0.0,False
2023-12-15,1028,0.0,False
2023-12-15,1029,0.0,False
2023-12-15,1030,0.0,False
2023-12-15,1031,0.0,False
2023-12-15,1032,0.0,False
2023-12-15,1033,0.0,False
2023-12-15,1034,0.0,False
2023-12-15,1035,0.0,False
2023-12-15,1036,0.0,False
2023-12-15,1037,0.0,False
2023-12-15,1038,0.0,False
2023-12-15,1039,0.0,False
2023-12-15,1040,0.0,False
2023-12-15,1041,0.0,False
2023-12-15,1042,0.0,False
2023-12-15,1043,0.0,False
2023-12-15,1044,0.0,False
2023-12-15,1045,0.0,False
2023-12-15,1046,0.0,False
2023-12-15,1047,0.0,False
2023-12-15,1048,0.0,False
2023-12-15,1049,0.0,False
2023-12-15,1050,0.0,False
2023-12-16,1001,0.0,False
2023-12-16,1002,0.0,False
2023-12-16,1003,0.0,False
2023-12-16,1004,0.0,False
2023-12-16,1005,0.0,False
2023-12-16,1006,0.0,False
2023-12-16,1007,0.0,False
2023-12-16,1008,0.0,False
2023-12-16,1009,0.0,False
2023-12-16,1010,0.0,False
2023-12-16,1011,0.0,False
2023-12-16,1012,0.0,False
2023-12-16,1013,0.0,False
2023-12-16,1014,0.0,False
2023-12-16,1015,0.0,False
2023-12-16,1016,0.0,False
2023-12-16,1017,0.0,False
2023-12-16,1018,0.0,False
2023-12-16,1019,0.0,False
2023-12-16,1020,0.0,False
2023-12-16,1021,0.0,False
2023-12-16,1022,0.0,False
2023-12-16,1023,0.0,False
2023-12-16,1024,0.0,False
2023-12-16,1025,0.0,False
2023-12-16,1026,0.0,False
2023-12-16,1027,0.0,False
2023-12-16,1028,0.0,False
2023-12-16,1029,0.0,False
2023-12-16,1030,0.0,False
2023-12-16,1031,0.0,False
2023-12-16,1032,0.0,False
2023-12-16,1033,0.0,False
2023-12-16,1034,0.0,False
2023-12-16,1035,0.0,False
2023-12-16,1036,0.0,False
2023-12-16,1037,0.0,False
2023-12-16,1038,0.0,False
2023-12-16,1039,0.0,False
2023-12-16,1040,0.0,False
2023-12-16,1041,0.0,False
2023-12-16,1042,0.0,False
2023-12-16,1043,0.0,False
2023-12-16,1044,0.0,False
2023-12-16,1045,0.0,False
2023-12-16,1046,0.0,False
2023-12-16,1047,0.0,False
2023-12-16,1048,0.0,False
2023-12-16,1049,0.0,False
2023-12-16,1050,0.0,False
2023-12-17,1001,0.0,False
2023-12-17,1002,0.0,False
2023-12-17,1003,0.0,False
2023-12-17,1004,0.0,False
2023-12-17,1005,0.0,False
2023-12-17,1006,0.0,False
2023-12-17,1007,0.0,False
2023-12-17,1008,0.0,False
2023-12-17,1009,0.0,False
2023-12-17,1010,0.0,False
2023-12-17,1011,0.0,False
2023-12-17,1012,0.0,False
2023-12-17,1013,0.0,False
2023-12-17,1014,0.0,False
2023-12-17,1015,0.0,False
2023-12-17,1016,0.0,False
2023-12-17,1017,0.0,False
2023-12-17,1018,0.0,False
2023-12-17,1019,0.0,False
2023-12-17,1020,0.0,False
2023-12-17,1021,0.0,False
2023-12-17,1022,0.0,False
2023-12-17,1023,0.0,False
2023-12-17,1024,0.0,False
2023-12-17,1025,0.0,False
2023-12-17,1026,0.0,False
2023-12-17,1027,0.0,False
2023-12-17,1028,0.0,False
2023-12-17,1029,0.0,False
2023-12-17,1030,0.0,False
2023-12-17,1031,0.0,False
2023-12-17,1032,0.0,False
2023-12-17,1033,0.0,False
2023-12-17,1034,0.0,False
2023-12-17,1035,0.0,False
2023-12-17,1036,0.0,False
2023-12-17,1037,0.0,False
2023-12-17,1038,0.0,False
2023-12-17,1039,0.0,False
2023-12-17,1040,0.0,False
2023-12-17,1041,0.0,False
2023-12-17,1042,0.0,False
2023-12-17,1043,0.0,False
2023-12-17,1044,0.0,False
2023-12-17,1045,0.0,False
2023-12-17,1046,0.0,False
2023-12-17,1047,0.0,False
2023-12-17,1048,0.0,False
2023-12-17,1049,0.0,False
2023-12-17,1050,0.0,False
2023-12-18,1001,0.0,False
2023-12-18,1002,0.0,False
2023-12-18,1003,0.0,False
2023-12-18,1004,0.0,False
2023-12-18,1005,0.0,False
2023-12-18,1006,0.0,False
2023-12-18,1007,0.0,False
2023-12-18,1008,0.0,False
2023-12-18,1009,0.0,False
2023-12-18,1010,0.0,False
2023-12-18,1011,0.0,False
2023-12-18,1012,0.0,False
2023-12-18,1013,0.0,False
2023-12-18,1014,0.0,False
2023-12-18,1015,0.0,False
2023-12-18,1016,0.0,False
2023-12-18,1017,0.0,False
2023-12-18,1018,0.0,False
2023-12-18,1019,0.0,False
2023-12-18,1020,0.0,False
2023-12-18,1021,0.0,False
2023-12-18,1022,0.0,False
2023-12-18,1023,0.0,False
2023-12-18,1024,0.0,False
2023-12-18,1025,0.0,False
2023-12-18,1026,0.0,False
2023-12-18,1027,0.0,False
2023-12-18,1028,0.0,False
2023-12-18,1029,0.0,False
2023-12-18,1030,0.0,False
2023-12-18,1031,0.0,False
2023-12-18,1032,0.0,False
2023-12-18,1033,0.0,False
2023-12-18,1034,0.0,False
2023-12-18,1035,0.0,False
2023-12-18,1036,0.0,False
2023-12-18,1037,0.0,False
2023-12-18,1038,0.0,False
2023-12-18,1039,0.0,False
2023-12-18,1040,0.0,False
2023-12-18,1041,0.0,False
2023-12-18,1042,0.0,False
2023-12-18,1043,0.0,False
2023-12-18,1044,0.0,False
2023-12-18,1045,0.5,False
2023-12-18,1046,0.0,False
2023-12-18,1047,0.0,False
2023-12-18,1048,0.0,False
2023-12-18,1049,0.0,False
2023-12-18,1050,0.0,False
2023-12-19,1001,0.0,False
2023-12-19,1002,0.0,False
2023-12-19,1003,0.0,False
2023-12-19,1004,0.0,False
2023-12-19,1005,0.0,False
2023-12-19,1006,0.0,False
2023-12-19,1007,0.0,False
2023-12-19,1008,0.0,False
2023-12-19,1009,0.0,False
2023-12-19,1010,0.0,False
2023-12-19,1011,0.0,False
2023-12-19,1012,0.0,False
2023-12-19,1013,0.0,False
2023-12-19,1014,0.0,False
2023-12-19,1015,0.0,False
2023-12-19,1016,0.0,False
2023-12-19,1017,0.0,False
2023-12-19,1018,0.0,False
2023-12-19,1019,0.0,False
2023-12-19,1020,0.0,False
2023-12-19,1021,0.0,False
2023-12-19,1022,0.0,False
2023-12-19,1023,0.0,False
2023-12-19,1024,0.0,False
2023-12-19,1025,0.0,False
2023-12-19,1026,0.0,False
2023-12-19,1027,0.0,False
2023-12-19,1028,0.0,False
2023-12-19,1029,0.0,False
2023-12-19,1030,0.0,False
2023-12-19,1031,0.0,False
2023-12-19,1032,0.0,False
2023-12-19,1033,0.0,False
2023-12-19,1034,0.0,False
2023-12-19,1035,0.0,False
2023-12-19,1036,0.0,False
2023-12-19,1037,0.0,False
2023-12-19,1038,0.0,False
2023-12-19,1039,0.0,False
2023-12-19,1040,0.0,False
2023-12-19,1041,0.0,False
2023-12-19,1042,0.0,False
2023-12-19,1043,0.0,False
2023-12-19,1044,0.0,False
2023-12-19,1045,0.0,False
2023-12-19,1046,0.0,False
2023-12-19,1047,0.0,False
2023-12-19,1048,0.0,False
2023-12-19,1049,0.0,False
2023-12-19,1050,0.0,False
2023-12-20,1001,0.0,False
2023-12-20,1002,0.0,False
2023-12-20,1003,0.0,False
2023-12-20,1004,0.0,False
2023-12-20,1005,0.0,False
2023-12-20,1006,0.0,False
2023-12-20,1007,0.0,False
2023-12-20,1008,0.0,False
2023-12-20,1009,0.0,False
2023-12-20,1010,0.0,False
2023-12-20,1011,0.0,False
2023-12-20,1012,0.0,False
2023-12-20,1013,0.0,False
2023-12-20,1014,0.0,False
2023-12-20,1015,0.0,False
2023-12-20,1016,0.0,False
2023-12-20,1017,0.0,False
2023-12-20,1018,0.0,False
2023-12-20,1019,0.0,False
2023-12-20,1020,0.0,False
2023-12-20,1021,0.0,False
2023-12-20,1022,0.0,False
2023-12-20,1023,0.0,False
2023-12-20,1024,0.0,False
2023-12-20,1025,0.0,False
2023-12-20,1026,0.0,False
2023-12-20,1027,0.0,False
2023-12-20,1028,0.0,False
2023-12-20,1029,0.0,False
2023-12-20,1030,0.0,False
2023-12-20,1031,0.0,False
2023-12-20,1032,0.0,False
2023-12-20,1033,0.0,False
2023-12-20,1034,0.0,False
2023-12-20,1035,0.0,False
2023-12-20,1036,0.0,False
2023-12-20,1037,0.0,False
2023-12-20,1038,0.0,False
2023-12-20,1039,0.0,False
2023-12-20,1040,0.0,False
2023-12-20,1041,0.0,False
2023-12-20,1042,0.0,False
2023-12-20,1043,0.0,False
2023-12-20,1044,0.0,False
2023-12-20,1045,0.0,False
2023-12-20,1046,0.0,False
2023-12-20,1047,0.0,False
2023-12-20,1048,0.0,False
2023-12-20,1049,0.0,False
2023-12-20,1050,0.0,False
2023-12-21,1001,0.0,False
2023-12-21,1002,0.0,False
2023-12-21,1003,0.0,False
2023-12-21,1004,0.0,False
2023-12-21,1005,0.0,False
2023-12-21,1006,0.0,False
2023-12-21,1007,0.0,False
2023-12-21,1008,0.0,False
2023-12-21,1009,0.0,False
2023-12-21,1010,0.0,False
2023-12-21,1011,0.0,False
2023-12-21,1012,0.0,False
2023-12-21,1013,0.0,False
2023-12-21,1014,0.0,False
2023-12-21,1015,0.0,False
2023-12-21,1016,0.0,False
2023-12-21,1017,0.0,False
2023-12-21,1018,0.0,False
2023-12-21,1019,0.0,False
2023-12-21,1020,0.0,False
2023-12-21,1021,0.0,False
2023-12-21,1022,0.0,False
2023-12-21,1023,0.0,False
2023-12-21,1024,0.0,False
2023-12-21,1025,0.0,False
2023-12-21,1026,0.0,False
2023-12-21,1027,0.0,False
2023-12-21,1028,0.0,False
2023-12-21,1029,0.0,False
2023-12-21,1030,0.0,False
2023-12-21,1031,0.0,False
2023-12-21,1032,0.0,False
2023-12-21,1033,0.0,False
2023-12-21,1034,0.0,False
2023-12-21,1035,0.0,False
2023-12-21,1036,0.0,False
2023-12-21,1037,0.0,False
2023-12-21,1038,0.0,False
2023-12-21,1039,0.0,False
2023-12-21,1040,0.0,False
2023-12-21,1041,0.0,False
2023-12-21,1042,0.0,False
2023-12-21,1043,0.0,False
2023-12-21,1044,0.0,False
2023-12-21,1045,0.0,False
2023-12-21,1046,0.0,False
2023-12-21,1047,0.0,False
2023-12-21,1048,0.0,False
2023-12-21,1049,0.0,False
2023-12-21,1050,0.0,False
2023-12-22,1001,0.0,False
2023-12-22,1002,0.0,False
2023-12-22,1003,0.0,False
2023-12-22,1004,0.0,False
2023-12-22,1005,0.0,False
2023-12-22,1006,0.0,False
2023-12-22,1007,0.0,False
2023-12-22,1008,0.0,False
2023-12-22,1009,0.0,False
2023-12-22,1010,0.0,False
2023-12-22,1011,0.0,False
2023-12-22,1012,0.0,False
2023-12-22,1013,0.0,False
2023-12-22,1014,0.0,False
2023-12-22,1015,0.0,False
2023-12-22,1016,0.0,False
2023-12-22,1017,0.0,False
2023-12-22,1018,0.0,False
2023-12-22,1019,0.0,False
2023-12-22,1020,0.0,False
2023-12-22,1021,0.0,False
2023-12-22,1022,0.0,False
2023-12-22,1023,0.0,False
2023-12-22,1024,0.0,False
2023-12-22,1025,0.0,False
2023-12-22,1026,0.0,False
2023-12-22,1027,0.0,False
2023-12-22,1028,0.0,False
2023-12-22,1029,0.0,False
2023-12-22,1030,0.0,False
2023-12-22,1031,0.0,False
2023-12-22,1032,0.0,False
2023-12-22,1033,0.0,False
2023-12-22,1034,0.0,False
2023-12-22,1035,0.0,False
2023-12-22,1036,0.0,False
2023-12-22,1037,0.0,False
2023-12-22,1038,0.0,False
2023-12-22,1039,0.0,False
2023-12-22,1040,0.0,False
2023-12-22,1041,0.0,False
2023-12-22,1042,0.0,False
2023-12-22,1043,0.0,False
2023-12-22,1044,0.0,False
2023-12-22,1045,0.0,False
2023-12-22,1046,0.0,False
2023-12-22,1047,0.0,False
2023-12-22,1048,0.0,False
2023-12-22,1049,0.0,False
2023-12-22,1050,0.0,False
2023-12-23,1001,0.0,False
2023-12-23,1002,0.0,False
2023-12-23,1003,0.0,False
2023-12-23,1004,0.0,False
2023-12-23,1005,0.0,False
2023-12-23,1006,0.0,False
2023-12-23,1007,0.0,False
2023-12-23,1008,0.0,False
2023-12-23,1009,0.0,False
2023-12-23,1010,0.0,False
2023-12-23,1011,0.0,False
2023-12-23,1012,0.0,False
2023-12-23,1013,0.0,False
2023-12-23,1014,0.0,False
2023-12-23,1015,0.0,False
2023-12-23,1016,0.0,False
2023-12-23,1017,0.0,False
2023-12-23,1018,0.0,False
2023-12-23,1019,0.0,False
2023-12-23,1020,0.0,False
2023-12-23,1021,0.0,False
2023-12-23,1022,0.0,False
2023-12-23,1023,0.0,False
2023-12-23,1024,0.0,False
2023-12-23,1025,0.0,False
2023-12-23,1026,0.0,False
2023-12-23,1027,0.0,False
2023-12-23,1028,0.0,False
2023-12-23,1029,0.0,False
2023-12-23,1030,0.0,False
2023-12-23,1031,0.0,False
2023-12-23,1032,0.0,False
2023-12-23,1033,0.0,False
2023-12-23,1034,0.0,False
2023-12-23,1035,0.0,False
2023-12-23,1036,0.0,False
2023-12-23,1037,0.0,False
2023-12-23,1038,0.0,False
2023-12-23,1039,0.0,False
2023-12-23,1040,0.0,False
2023-12-23,1041,0.0,False
2023-12-23,1042,0.0,False
2023-12-23,1043,0.0,False
2023-12-23,1044,0.0,False
2023-12-23,1045,0.0,False
2023-12-23,1046,0.0,False
2023-12-23,1047,0.0,False
2023-12-23,1048,0.0,False
2023-12-23,1049,0.0,False
2023-12-23,1050,0.0,False
2023-12-24,1001,0.0,False
2023-12-24,1002,0.0,False
2023-12-24,1003,0.0,False
2023-12-24,1004,0.0,False
2023-12-24,1005,0.0,False
2023-12-24,1006,0.0,False
2023-12-24,1007,0.0,False
2023-12-24,1008,0.0,False
2023-12-24,1009,0.0,False
2023-12-24,1010,0.0,False
2023-12-24,1011,0.0,False
2023-12-24,1012,0.0,False
2023-12-24,1013,0.0,False
2023-12-24,1014,0.0,False
2023-12-24,1015,0.0,False
2023-12-24,1016,0.0,False
2023-12-24,1017,0.0,False
2023-12-24,1018,0.0,False
2023-12-24,1019,0.0,False
2023-12-24,1020,0.0,False
2023-12-24,1021,0.0,False
2023-12-24,1022,0.0,False
2023-12-24,1023,0.0,False
2023-12-24,1024,0.0,False
2023-12-24,1025,0.0,False
2023-12-24,1026,0.0,False
2023-12-24,1027,0.0,False
2023-12-24,1028,0.0,False
2023-12-24,1029,0.0,False
2023-12-24,1030,0.0,False
2023-12-24,1031,0.0,False
2023-12-24,1032,0.0,False
2023-12-24,1033,0.0,False
2023-12-24,1034,0.0,False
2023-12-24,1035,0.0,False
2023-12-24,1036,0.0,False
2023-12-24,1037,0.0,False
2023-12-24,1038,0.0,False
2023-12-24,1039,0.0,False
2023-12-24,1040,0.0,False
2023-12-24,1041,0.0,False
2023-12-24,1042,0.0,False
2023-12-24,1043,0.0,False
2023-12-24,1044,0.0,False
2023-12-24,1045,0.0,False
2023-12-24,1046,0.0,False
2023-12-24,1047,0.0,False
2023-12-24,1048,0.0,False
2023-12-24,1049,0.0,False
2023-12-24,1050,0.0,False
2023-12-25,1001,0.0,False
2023-12-25,1002,0.0,False
2023-12-25,1003,0.0,False
2023-12-25,1004,0.0,False
2023-12-25,1005,0.0,False
2023-12-25,1006,0.0,False
2023-12-25,1007,0.0,False
2023-12-25,1008,0.0,False
2023-12-25,1009,0.0,False
2023-12-25,1010,0.0,False
2023-12-25,1011,0.0,False
2023-12-25,1012,0.0,False
2023-12-25,1013,0.0,False
2023-12-25,1014,0.0,False
2023-12-25,1015,0.0,False
2023-12-25,1016,0.0,False
2023-12-25,1017,0.0,False
2023-12-25,1018,0.0,False
2023-12-25,1019,0.0,False
2023-12-25,1020,0.0,False
2023-12-25,1021,0.0,False
2023-12-25,1022,0.0,False
2023-12-25,1023,0.0,False
2023-12-25,1024,0.0,False
2023-12-25,1025,0.0,False
2023-12-25,1026,0.0,False
2023-12-25,1027,0.0,False
2023-12-25,1028,0.0,False
2023-12-25,1029,0.0,False
2023-12-25,1030,0.0,False
2023-12-25,1031,0.0,False
2023-12-25,1032,0.0,False
2023-12-25,1033,0.0,False
2023-12-25,1034,0.0,False
2023-12-25,1035,0.0,False
2023-12-25,1036,0.0,False
2023-12-25,1037,0.0,False
2023-12-25,1038,0.0,False
2023-12-25,1039,0.0,False
2023-12-25,1040,0.0,False
2023-12-25,1041,0.0,False
2023-12-25,1042,0.0,False
2023-12-25,1043,0.0,False
2023-12-25,1044,0.0,False
2023-12-25,1045,0.0,False
2023-12-25,1046,0.0,False
2023-12-25,1047,0.0,False
2023-12-25,1048,0.0,False
2023-12-25,1049,0.0,False
2023-12-25,1050,0.0,False
2023-12-26,1001,0.0,False
2023-12-26,1002,0.0,False
2023-12-26,1003,0.0,False
2023-12-26,1004,0.0,False
2023-12-26,1005,0.0,False
2023-12-26,1006,0.0,False
2023-12-26,1007,0.0,False
2023-12-26,1008,0.0,False
2023-12-26,1009,0.0,False
2023-12-26,1010,0.0,False
2023-12-26,1011,0.0,False
2023-12-26,1012,0.0,False
2023-12-26,1013,0.0,False
2023-12-26,1014,0.0,False
2023-12-26,1015,0.0,False
2023-12-26,1016,0.0,False
2023-12-26,1017,0.0,False
2023-12-26,1018,0.0,False
2023-12-26,1019,0.0,False
2023-12-26,1020,0.0,False
2023-12-26,1021,0.0,False
2023-12-26,1022,0.0,False
2023-12-26,1023,0.0,False
2023-12-26,1024,0.0,False
2023-12-26,1025,0.0,False
2023-12-26,1026,0.0,False
2023-12-26,1027,0.0,False
2023-12-26,1028,0.0,False
2023-12-26,1029,0.0,False
2023-12-26,1030,0.0,False
2023-12-26,1031,0.0,False
2023-12-26,1032,0.0,False
2023-12-26,1033,0.0,False
2023-12-26,1034,0.0,False
2023-12-26,1035,0.0,False
2023-12-26,1036,0.0,False
2023-12-26,1037,0.0,False
2023-12-26,1038,0.0,False
2023-12-26,1039,0.0,False
2023-12-26,1040,0.0,False
2023-12-26,1041,0.0,False
2023-12-26,1042,0.0,False
2023-12-26,1043,0.0,False
2023-12-26,1044,0.0,False
2023-12-26,1045,0.0,False
2023-12-26,1046,0.0,False
2023-12-26,1047,0.0,False
2023-12-26,1048,0.0,False
2023-12-26,1049,0.0,False
2023-12-26,1050,0.0,False
2023-12-27,1001,0.0,False
2023-12-27,1002,0.0,False
2023-12-27,1003,0.0,False
2023-12-27,1004,0.0,False
2023-12-27,1005,0.0,False
2023-12-27,1006,0.0,False
2023-12-27,1007,0.0,False
2023-12-27,1008,0.0,False
2023-12-27,1009,0.0,False
2023-12-27,1010,0.0,False
2023-12-27,1011,0.0,False
2023-12-27,1012,0.0,False
2023-12-27,1013,0.0,False
2023-12-27,1014,0.0,False
2023-12-27,1015,0.0,False
2023-12-27,1016,0.0,False
2023-12-27,1017,0.0,False
2023-12-27,1018,0.0,False
2023-12-27,1019,0.0,False
2023-12-27,1020,0.0,False
2023-12-27,1021,0.0,False
2023-12-27,1022,0.0,False
2023-12-27,1023,0.0,False
2023-12-27,1024,0.0,False
2023-12-27,1025,0.0,False
2023-12-27,1026,0.0,False
2023-12-27,1027,0.0,False
2023-12-27,1028,0.0,False
2023-12-27,1029,0.0,False
2023-12-27,1030,0.0,False
2023-12-27,1031,0.0,False
2023-12-27,1032,0.0,False
2023-12-27,1033,0.0,False
2023-12-27,1034,0.0,False
2023-12-27,1035,0.0,False
2023-12-27,1036,0.0,False
2023-12-27,1037,0.0,False
2023-12-27,1038,0.0,False
2023-12-27,1039,0.0,False
2023-12-27,1040,0.0,False
2023-12-27,1041,0.0,False
2023-12-27,1042,0.0,False
2023-12-27,1043,0.0,False
2023-12-27,1044,0.0,False
2023-12-27,1045,0.0,False
2023-12-27,1046,0.0,False
2023-12-27,1047,0.0,False
2023-12-27,1048,0.0,False
2023-12-27,1049,0.0,False
2023-12-27,1050,0.0,False
2023-12-28,1001,0.0,False
2023-12-28,1002,0.0,False
2023-12-28,1003,0.0,False
2023-12-28,1004,0.0,False
2023-12-28,1005,0.0,False
2023-12-28,1006,0.0,False
2023-12-28,1007,0.0,False
2023-12-28,1008,0.0,False
2023-12-28,1009,1.5,False
2023-12-28,1010,0.0,False
2023-12-28,1011,0.0,False
2023-12-28,1012,0.0,False
2023-12-28,1013,0.0,False
2023-12-28,1014,0.0,False
2023-12-28,1015,0.0,False
2023-12-28,1016,0.0,False
2023-12-28,1017,0.0,False
2023-12-28,1018,0.0,False
2023-12-28,1019,0.0,False
2023-12-28,1020,0.0,False
2023-12-28,1021,0.0,False
2023-12-28,1022,0.0,False
2023-12-28,1023,0.0,False
2023-12-28,1024,0.0,False
2023-12-28,1025,0.0,False
2023-12-28,1026,0.0,False
2023-12-28,1027,0.0,False
2023-12-28,1028,0.0,False
2023-12-28,1029,0.0,False
2023-12-28,1030,0.0,False
2023-12-28,1031,0.0,False
2023-12-28,1032,0.0,False
2023-12-28,1033,0.0,False
2023-12-28,1034,0.0,False
2023-12-28,1035,0.0,False
2023-12-28,1036,0.0,False
2023-12-28,1037,0.0,False
2023-12-28,1038,0.0,False
2023-12-28,1039,0.0,False
2023-12-28,1040,0.0,False
2023-12-28,1041,0.0,False
2023-12-28,1042,0.0,False
2023-12-28,1043,0.0,False
2023-12-28,1044,0.0,False
2023-12-28,1045,0.0,False
2023-12-28,1046,0.0,False
2023-12-28,1047,0.0,False
2023-12-28,1048,0.0,False
2023-12-28,1049,0.0,False
2023-12-28,1050,0.0,False
2023-12-29,1001,0.5,False
2023-12-29,1002,0.0,False
2023-12-29,1003,0.0,False
2023-12-29,1004,0.0,False
2023-12-29,1005,0.0,False
2023-12-29,1006,0.0,False
2023-12-29,1007,0.0,False
2023-12-29,1008,0.0,False
2023-12-29,1009,0.0,False
2023-12-29,1010,0.0,False
2023-12-29,1011,0.0,False
2023-12-29,1012,0.0,False
2023-12-29,1013,0.0,False
2023-12-29,1014,0.0,False
2023-12-29,1015,0.0,False
2023-12-29,1016,0.0,False
2023-12-29,1017,0.0,False
2023-12-29,1018,0.0,False
2023-12-29,1019,0.0,False
2023-12-29,1020,0.0,False
2023-12-29,1021,0.0,False
2023-12-29,1022,0.0,False
2023-12-29,1023,0.0,False
2023-12-29,1024,0.0,False
2023-12-29,1025,0.0,False
2023-12-29,1026,0.0,False
2023-12-29,1027,0.0,False
2023-12-29,1028,0.0,False
2023-12-29,1029,0.0,False
2023-12-29,1030,0.0,False
2023-12-29,1031,0.0,False
2023-12-29,1032,0.0,False
2023-12-29,1033,0.0,False
2023-12-29,1034,0.0,False
2023-12-29,1035,0.0,False
2023-12-29,1036,0.0,False
2023-12-29,1037,0.0,False
2023-12-29,1038,0.0,False
2023-12-29,1039,0.0,False
2023-12-29,1040,0.0,False
2023-12-29,1041,0.0,False
2023-12-29,1042,0.0,False
2023-12-29,1043,0.0,False
2023-12-29,1044,0.0,False
2023-12-29,1045,0.0,False
2023-12-29,1046,0.5,False
2023-12-29,1047,0.0,False
2023-12-29,1048,0.0,False
2023-12-29,1049,0.0,False
2023-12-29,1050,0.0,False
2023-12-30,1001,0.0,False
2023-12-30,1002,0.0,False
2023-12-30,1003,0.0,False
2023-12-30,1004,0.0,False
2023-12-30,1005,0.0,False
2023-12-30,1006,0.0,False
2023-12-30,1007,0.0,False
2023-12-30,1008,0.0,False
2023-12-30,1009,4.0,False
2023-12-30,1010,0.0,False
2023-12-30,1011,0.0,False
2023-12-30,1012,0.0,False
2023-12-30,1013,0.0,False
2023-12-30,1014,0.0,False
2023-12-30,1015,0.0,False
2023-12-30,1016,0.0,False
2023-12-30,1017,0.0,False
2023-12-30,1018,0.0,False
2023-12-30,1019,0.0,False
2023-12-30,1020,0.0,False
2023-12-30,1021,0.0,False
2023-12-30,1022,0.0,False
2023-12-30,1023,0.0,False
2023-12-30,1024,0.0,False
2023-12-30,1025,0.0,False
2023-12-30,1026,0.0,False
2023-12-30,1027,0.0,False
2023-12-30,1028,0.0,False
2023-12-30,1029,0.0,False
2023-12-30,1030,0.0,False
2023-12-30,1031,0.0,False
2023-12-30,1032,0.0,False
2023-12-30,1033,0.0,False
2023-12-30,1034,0.0,False
2023-12-30,1035,0.0,False
2023-12-30,1036,0.0,False
2023-12-30,1037,0.0,False
2023-12-30,1038,0.0,False
2023-12-30,1039,0.0,False
2023-12-30,1040,0.0,False
2023-12-30,1041,0.0,False
2023-12-30,1042,0.0,False
2023-12-30,1043,0.0,False
2023-12-30,1044,0.0,False
2023-12-30,1045,0.0,False
2023-12-30,1046,1.0,False
2023-12-30,1047,0.0,False
2023-12-30,1048,0.0,False
2023-12-30,1049,0.0,False
2023-12-30,1050,0.0,False
2023-12-31,1001,0.5,False
2023-12-31,1002,0.0,False
2023-12-31,1003,0.0,False
2023-12-31,1004,0.0,False
2023-12-31,1005,0.0,False
2023-12-31,1006,0.0,False
2023-12-31,1007,0.0,False
2023-12-31,1008,0.0,False
2023-12-31,1009,0.0,False
2023-12-31,1010,0.0,False
2023-12-31,1011,0.0,False
2023-12-31,1012,0.0,False
2023-12-31,1013,0.0,False
2023-12-31,1014,0.0,False
2023-12-31,1015,0.0,False
2023-12-31,1016,0.0,False
2023-12-31,1017,0.0,False
2023-12-31,1018,0.0,False
2023-12-31,1019,0.0,False
2023-12-31,1020,0.0,False
2023-12-31,1021,0.0,False
2023-12-31,1022,0.0,False
2023-12-31,1023,0.0,False
2023-12-31,1024,0.0,False
2023-12-31,1025,0.0,False
2023-12-31,1026,0.0,False
2023-12-31,1027,0.0,False
2023-12-31,1028,0.0,False
2023-12-31,1029,0.0,False
2023-12-31,1030,0.0,False
2023-12-31,1031,0.0,False
2023-12-31,1032,0.0,False
2023-12-31,1033,0.0,False
2023-12-31,1034,0.0,False
2023-12-31,1035,0.0,False
2023-12-31,1036,0.0,False
2023-12-31,1037,0.0,False
2023-12-31,1038,0.0,False
2023-12-31,1039,0.0,False
2023-12-31,1040,0.0,False
2023-12-31,1041,0.0,False
2023-12-31,1042,0.0,False
2023-12-31,1043,0.0,False
2023-12-31,1044,0.0,False
2023-12-31,1045,0.0,False
2023-12-31,1046,0.5,False
2023-12-31,1047,0.0,False
2023-12-31,1048,0.0,False
2023-12-31,1049,0.0,False
2023-12-31,1050,0.0,False
2024-01-01,1001,8.0,False
2024-01-01,1002,0.0,False
2024-01-01,1003,0.0,False
2024-01-01,1004,0.0,False
2024-01-01,1005,0.0,False
2024-01-01,1006,0.0,False
2024-01-01,1007,0.0,False
2024-01-01,1008,0.0,False
2024-01-01,1009,0.0,False
2024-01-01,1010,0.0,False
2024-01-01,1011,0.0,False
2024-01-01,1012,0.0,False
2024-01-01,1013,0.0,False
2024-01-01,1014,0.0,False
2024-01-01,1015,0.0,False
2024-01-01,1016,0.0,False
2024-01-01,1017,0.0,False
2024-01-01,1018,0.0,False
2024-01-01,1019,0.0,False
2024-01-01,1020,0.0,False
2024-01-01,1021,0.0,False
2024-01-01,1022,0.0,False
2024-01-01,1023,0.0,False
2024-01-01,1024,0.0,False
2024-01-01,1025,0.0,False
2024-01-01,1026,0.0,False
2024-01-01,1027,0.0,False
2024-01-01,1028,0.0,False
2024-01-01,1029,0.0,False
2024-01-01,1030,0.0,False
2024-01-01,1031,0.0,False
2024-01-01,1032,0.0,False
2024-01-01,1033,0.0,False
2024-01-01,1034,0.0,False
2024-01-01,1035,0.0,False
2024-01-01,1036,0.0,False
2024-01-01,1037,0.0,False
2024-01-01,1038,0.0,False
2024-01-01,1039,0.0,False
2024-01-01,1040,0.0,False
2024-01-01,1041,0.0,False
2024-01-01,1042,0.0,False
2024-01-01,1043,0.0,False
2024-01-01,1044,0.0,False
2024-01-01,1045,0.0,False
2024-01-01,1046,0.0,False
2024-01-01,1047,0.0,False
2024-01-01,1048,0.0,False
2024-01-01,1049,0.0,False
2024-01-01,1050,0.0,False
2024-01-02,1001,0.0,False
2024-01-02,1002,0.0,False
2024-01-02,1003,0.0,False
2024-01-02,1004,0.0,False
2024-01-02,1005,0.0,False
2024-01-02,1006,0.0,False
2024-01-02,1007,0.0,False
2024-01-02,1008,0.0,False
2024-01-02,1009,0.0,False
2024-01-02,1010,0.0,False
2024-01-02,1011,0.0,False
2024-01-02,1012,0.0,False
2024-01-02,1013,0.0,False
2024-01-02,1014,0.0,False
2024-01-02,1015,0.0,False
2024-01-02,1016,0.0,False
2024-01-02,1017,0.0,False
2024-01-02,1018,0.0,False
2024-01-02,1019,0.0,False
2024-01-02,1020,0.0,False
2024-01-02,1021,0.0,False
2024-01-02,1022,0.0,False
2024-01-02,1023,0.0,False
2024-01-02,1024,0.0,False
2024-01-02,1025,0.0,False
2024-01-02,1026,0.0,False
2024-01-02,1027,0.0,False
2024-01-02,1028,0.0,False
2024-01-02,1029,0.0,False
2024-01-02,1030,0.0,False
2024-01-02,1031,0.0,False
2024-01-02,1032,0.0,False
2024-01-02,1033,0.0,False
2024-01-02,1034,0.0,False
2024-01-02,1035,0.0,False
2024-01-02,1036,0.0,False
2024-01-02,1037,0.0,False
2024-01-02,1038,0.0,False
2024-01-02,1039,0.0,False
2024-01-02,1040,0.0,False
2024-01-02,1041,0.0,False
2024-01-02,1042,0.0,False
2024-01-02,1043,0.0,False
2024-01-02,1044,0.0,False
2024-01-02,1045,0.0,False
2024-01-02,1046,0.0,False
2024-01-02,1047,0.0,False
2024-01-02,1048,0.0,False
2024-01-02,1049,0.0,False
2024-01-02,1050,0.0,False
2024-01-03,1001,0.0,False
2024-01-03,1002,0.0,False
2024-01-03,1003,0.0,False
2024-01-03,1004,0.0,False
2024-01-03,1005,0.0,False
2024-01-03,1006,0.0,False
2024-01-03,1007,0.0,False
2024-01-03,1008,0.0,False
2024-01-03,1009,0.0,False
2024-01-03,1010,0.0,False
2024-01-03,1011,2.0,False
2024-01-03,1012,0.0,False
2024-01-03,1013,0.0,False
2024-01-03,1014,0.0,False
2024-01-03,1015,0.0,False
2024-01-03,1016,0.0,False
2024-01-03,1017,0.0,False
2024-01-03,1018,0.0,False
2024-01-03,1019,0.0,False
2024-01-03,1020,0.0,False
2024-01-03,1021,0.0,False
2024-01-03,1022,0.0,False
2024-01-03,1023,0.0,False
2024-01-03,1024,0.0,False
2024-01-03,1025,0.0,False
2024-01-03,1026,0.0,False
2024-01-03,1027,0.0,False
2024-01-03,1028,0.0,False
2024-01-03,1029,0.0,False
2024-01-03,1030,0.0,False
2024-01-03,1031,0.0,False
2024-01-03,1032,11.0,False
2024-01-03,1033,0.0,False
2024-01-03,1034,4.0,False
2024-01-03,1035,0.0,False
2024-01-03,1036,0.0,False
2024-01-03,1037,0.0,False
2024-01-03,1038,0.0,False
2024-01-03,1039,0.0,False
2024-01-03,1040,0.0,False
2024-01-03,1041,0.0,False
2024-01-03,1042,0.0,False
2024-01-03,1043,0.0,False
2024-01-03,1044,1.5,False
2024-01-03,1045,0.0,False
2024-01-03,1046,0.0,False
2024-01-03,1047,1.0,False
2024-01-03,1048,0.0,False
2024-01-03,1049,0.0,False
2024-01-03,1050,0.0,False
2024-01-04,1001,0.0,False
2024-01-04,1002,0.0,False
2024-01-04,1003,0.0,False
2024-01-04,1004,0.0,False
2024-01-04,1005,0.0,False
2024-01-04,1006,0.0,False
2024-01-04,1007,0.0,False
2024-01-04,1008,0.0,False
2024-01-04,1009,0.0,False
2024-01-04,1010,0.0,False
2024-01-04,1011,0.0,False
2024-01-04,1012,0.0,False
2024-01-04,1013,0.0,False
2024-01-04,1014,0.0,False
2024-01-04,1015,0.0,False
2024-01-04,1016,0.0,False
2024-01-04,1017,0.0,False
2024-01-04,1018,0.0,False
2024-01-04,1019,0.0,False
2024-01-04,1020,0.0,False
2024-01-04,1021,0.0,False
2024-01-04,1022,0.0,False
2024-01-04,1023,0.0,False
2024-01-04,1024,0.0,False
2024-01-04,1025,0.0,False
2024-01-04,1026,0.0,False
2024-01-04,1027,0.0,False
2024-01-04,1028,0.0,False
2024-01-04,1029,0.0,False
2024-01-04,1030,0.0,False
2024-01-04,1031,0.0,False
2024-01-04,1032,0.0,False
2024-01-04,1033,0.0,False
2024-01-04,1034,0.0,False
2024-01-04,1035,0.0,False
2024-01-04,1036,0.0,False
2024-01-04,1037,0.0,False
2024-01-04,1038,0.0,False
2024-01-04,1039,0.0,False
2024-01-04,1040,0.0,False
2024-01-04,1041,0.0,False
2024-01-04,1042,0.0,False
2024-01-04,1043,0.0,False
2024-01-04,1044,0.0,False
2024-01-04,1045,0.0,False
2024-01-04,1046,0.0,False
2024-01-04,1047,0.0,False
2024-01-04,1048,0.0,False
2024-01-04,1049,0.0,False
2024-01-04,1050,0.0,False
2024-01-05,1001,0.0,False
2024-01-05,1002,0.0,False
2024-01-05,1003,0.0,False
2024-01-05,1004,0.0,False
2024-01-05,1005,0.0,False
2024-01-05,1006,0.0,False
2024-01-05,1007,0.0,False
2024-01-05,1008,0.0,False
2024-01-05,1009,0.0,False
2024-01-05,1010,0.0,False
2024-01-05,1011,0.0,False
2024-01-05,1012,0.0,False
2024-01-05,1013,0.0,False
2024-01-05,1014,0.0,False
2024-01-05,1015,0.0,False
2024-01-05,1016,0.0,False
2024-01-05,1017,0.0,False
2024-01-05,1018,0.0,False
2024-01-05,1019,0.0,False
2024-01-05,1020,0.0,False
2024-01-05,1021,0.0,False
2024-01-05,1022,0.0,False
2024-01-05,1023,0.0,False
2024-01-05,1024,0.0,False
2024-01-05,1025,0.0,False
2024-01-05,1026,0.0,False
2024-01-05,1027,0.0,False
2024-01-05,1028,0.0,False
2024-01-05,1029,0.0,False
2024-01-05,1030,0.0,False
2024-01-05,1031,0.0,False
2024-01-05,1032,0.0,False
2024-01-05,1033,0.0,False
2024-01-05,1034,0.0,False
2024-01-05,1035,0.0,False
2024-01-05,1036,0.0,False
2024-01-05,1037,0.0,False
2024-01-05,1038,0.0,False
2024-01-05,1039,0.0,False
2024-01-05,1040,0.0,False
2024-01-05,1041,0.0,False
2024-01-05,1042,0.0,False
2024-01-05,1043,0.0,False
2024-01-05,1044,0.0,False
2024-01-05,1045,0.0,False
2024-01-05,1046,0.0,False
2024-01-05,1047,0.0,False
2024-01-05,1048,0.0,False
2024-01-05,1049,0.0,False
2024-01-05,1050,0.0,False
2024-01-06,1001,0.5,False
2024-01-06,1002,5.0,False
2024-01-06,1003,2.5,False
2024-01-06,1004,3.0,False
2024-01-06,1005,1.0,False
2024-01-06,1006,1.0,False
2024-01-06,1007,1.0,False
2024-01-06,1008,1.0,False
2024-01-06,1009,1.5,False
2024-01-06,1010,3.0,False
2024-01-06,1011,4.5,False
2024-01-06,1012,6.5,False
2024-01-06,1013,2.5,False
2024-01-06,1014,3.5,False
2024-01-06,1015,1.5,False
2024-01-06,1016,0.5,False
2024-01-06,1017,1.5,False
2024-01-06,1018,4.0,False
2024-01-06,1019,12.0,False
2024-01-06,1020,17.0,False
2024-01-06,1021,13.0,False
2024-01-06,1022,17.0,False
2024-01-06,1023,2.0,False
2024-01-06,1024,12.0,False
2024-01-06,1025,23.0,False
2024-01-06,1026,1.0,False
2024-01-06,1027,1.0,False
2024-01-06,1028,1.5,False
2024-01-06,1029,8.5,False
2024-01-06,1030,5.0,False
2024-01-06,1031,12.0,False
2024-01-06,1032,2.5,False
2024-01-06,1033,3.0,False
2024-01-06,1034,1.0,False
2024-01-06,1035,3.5,False
2024-01-06,1036,2.5,False
2024-01-06,1037,0.5,False
2024-01-06,1038,2.0,False
2024-01-06,1039,0.5,False
2024-01-06,1040,6.5,False
2024-01-06,1041,2.5,False
2024-01-06,1042,25.0,False
2024-01-06,1043,1.0,False
2024-01-06,1044,2.5,False
2024-01-06,1045,4.0,False
2024-01-06,1046,3.0,False
2024-01-06,1047,2.5,False
2024-01-06,1048,12.0,False
2024-01-06,1049,1.5,False
2024-01-06,1050,2.5,False
2024-01-07,1001,38.0,False
2024-01-07,1002,24.5,False
2024-01-07,1003,34.5,False
2024-01-07,1004,43.0,False
2024-01-07,1005,24.5,False
2024-01-07,1006,9.5,False
2024-01-07,1007,39.5,False
2024-01-07,1008,38.5,False
2024-01-07,1009,10.5,False
2024-01-07,1010,26.0,False
2024-01-07,1011,4.5,False
2024-01-07,1012,22.0,False
2024-01-07,1013,33.0,False
2024-01-07,1014,64.0,False
2024-01-07,1015,17.5,False
2024-01-07,1016,28.5,False
2024-01-07,1017,47.5,False
2024-01-07,1018,33.5,False
2024-01-07,1019,25.0,False
2024-01-07,1020,35.5,False
2024-01-07,1021,20.5,False
2024-01-07,1022,41.0,False
2024-01-07,1023,23.5,False
2024-01-07,1024,27.0,False
2024-01-07,1025,22.5,False
2024-01-07,1026,56.0,False
2024-01-07,1027,8.5,False
2024-01-07,1028,28.0,False
2024-01-07,1029,21.0,False
2024-01-07,1030,74.5,False
2024-01-07,1031,27.5,False
2024-01-07,1032,4.5,False
2024-01-07,1033,28.0,False
2024-01-07,1034,4.5,False
2024-01-07,1035,27.0,False
2024-01-07,1036,10.5,False
2024-01-07,1037,49.0,False
2024-01-07,1038,34.0,False
2024-01-07,1039,25.5,False
2024-01-07,1040,41.5,False
2024-01-07,1041,18.0,False
2024-01-07,1042,34.5,False
2024-01-07,1043,34.0,False
2024-01-07,1044,9.5,False
2024-01-07,1045,46.5,False
2024-01-07,1046,35.0,False
2024-01-07,1047,6.5,False
2024-01-07,1048,22.5,False
2024-01-07,1049,18.0,False
2024-01-07,1050,27.5,False
2024-01-08,1001,0.0,False
2024-01-08,1002,0.0,False
2024-01-08,1003,24.0,False
2024-01-08,1004,0.0,False
2024-01-08,1005,0.5,False
2024-01-08,1006,6.0,False
2024-01-08,1007,0.0,False
2024-01-08,1008,0.0,False
2024-01-08,1009,0.0,False
2024-01-08,1010,36.5,False
2024-01-08,1011,2.0,False
2024-01-08,1012,0.0,False
2024-01-08,1013,0.0,False
2024-01-08,1014,2.5,False
2024-01-08,1015,0.0,False
2024-01-08,1016,0.0,False
2024-01-08,1017,12.5,False
2024-01-08,1018,0.5,False
2024-01-08,1019,0.5,False
2024-01-08,1020,0.0,False
2024-01-08,1021,0.5,False
2024-01-08,1022,0.5,False
2024-01-08,1023,0.5,False
2024-01-08,1024,0.0,False
2024-01-08,1025,0.0,False
2024-01-08,1026,11.0,False
2024-01-08,1027,7.0,False
2024-01-08,1028,0.0,False
2024-01-08,1029,0.5,False
2024-01-08,1030,0.5,False
2024-01-08,1031,0.5,False
2024-01-08,1032,0.5,False
2024-01-08,1033,0.0,False
2024-01-08,1034,0.0,False
2024-01-08,1035,0.0,False
2024-01-08,1036,0.0,False
2024-01-08,1037,8.5,False
2024-01-08,1038,5.0,False
2024-01-08,1039,0.0,False
2024-01-08,1040,0.0,False
2024-01-08,1041,0.0,False
2024-01-08,1042,4.0,False
2024-01-08,1043,2.5,False
2024-01-08,1044,8.5,False
2024-01-08,1045,11.5,False
2024-01-08,1046,4.5,False
2024-01-08,1047,0.5,False
2024-01-08,1048,0.0,False
2024-01-08,1049,0.0,False
2024-01-08,1050,0.0,False
2024-01-09,1001,5.5,False
2024-01-09,1002,7.5,False
2024-01-09,1003,3.5,False
2024-01-09,1004,0.0,False
2024-01-09,1005,0.0,False
2024-01-09,1006,0.0,False
2024-01-09,1007,0.0,False
2024-01-09,1008,0.5,False
2024-01-09,1009,0.0,False
2024-01-09,1010,11.0,False
2024-01-09,1011,0.0,False
2024-01-09,1012,7.0,False
2024-01-09,1013,0.0,False
2024-01-09,1014,6.0,False
2024-01-09,1015,4.0,False
2024-01-09,1016,0.0,False
2024-01-09,1017,0.0,False
2024-01-09,1018,0.0,False
2024-01-09,1019,0.0,False
2024-01-09,1020,0.0,False
2024-01-09,1021,2.5,False
2024-01-09,1022,0.5,False
2024-01-09,1023,5.0,False
2024-01-09,1024,6.5,False
2024-01-09,1025,8.0,False
2024-01-09,1026,3.0,False
2024-01-09,1027,0.0,False
2024-01-09,1028,0.0,False
2024-01-09,1029,7.0,False
2024-01-09,1030,0.5,False
2024-01-09,1031,1.0,False
2024-01-09,1032,0.5,False
2024-01-09,1033,0.0,False
2024-01-09,1034,0.0,False
2024-01-09,1035,8.5,False
2024-01-09,1036,0.0,False
2024-01-09,1037,3.0,False
2024-01-09,1038,0.0,False
2024-01-09,1039,0.5,False
2024-01-09,1040,10.5,False
2024-01-09,1041,0.0,False
2024-01-09,1042,0.0,False
2024-01-09,1043,0.0,False
2024-01-09,1044,0.0,False
2024-01-09,1045,1.5,False
2024-01-09,1046,0.5,False
2024-01-09,1047,0.0,False
2024-01-09,1048,4.0,False
2024-01-09,1049,1.0,False
2024-01-09,1050,0.0,False
2024-01-10,1001,9.0,False
2024-01-10,1002,6.5,False
2024-01-10,1003,24.5,False
2024-01-10,1004,19.5,False
2024-01-10,1005,12.5,False
2024-01-10,1006,3.5,False
2024-01-10,1007,12.0,False
2024-01-10,1008,7.0,False
2024-01-10,1009,15.0,False
2024-01-10,1010,2.5,False
2024-01-10,1011,8.5,False
2024-01-10,1012,25.0,False
2024-01-10,1013,9.5,False
2024-01-10,1014,7.5,False
2024-01-10,1015,34.0,False
2024-01-10,1016,32.0,False
2024-01-10,1017,20.5,False
2024-01-10,1018,32.0,False
2024-01-10,1019,5.5,False
2024-01-10,1020,11.5,False
2024-01-10,1021,26.5,False
2024-01-10,1022,43.0,False
2024-01-10,1023,26.5,False
2024-01-10,1024,28.5,False
2024-01-10,1025,7.5,False
2024-01-10,1026,6.0,False
2024-01-10,1027,0.0,False
2024-01-10,1028,23.5,False
2024-01-10,1029,8.5,False
2024-01-10,1030,13.5,False
2024-01-10,1031,34.0,False
2024-01-10,1032,12.0,False
2024-01-10,1033,12.5,False
2024-01-10,1034,12.5,False
2024-01-10,1035,55.0,False
2024-01-10,1036,3.0,False
2024-01-10,1037,13.5,False
2024-01-10,1038,4.0,False
2024-01-10,1039,24.0,False
2024-01-10,1040,52.5,False
2024-01-10,1041,5.0,False
2024-01-10,1042,23.0,False
2024-01-10,1043,17.0,False
2024-01-10,1044,7.0,False
2024-01-10,1045,20.5,False
2024-01-10,1046,6.0,False
2024-01-10,1047,19.5,False
2024-01-10,1048,15.5,False
2024-01-10,1049,5.0,False
2024-01-10,1050,40.5,False
2024-01-11,1001,0.0,False
2024-01-11,1002,0.0,False
2024-01-11,1003,0.0,False
2024-01-11,1004,0.0,False
2024-01-11,1005,0.0,False
2024-01-11,1006,0.0,False
2024-01-11,1007,0.0,False
2024-01-11,1008,0.0,False
2024-01-11,1009,3.0,False
2024-01-11,1010,0.5,False
2024-01-11,1011,22.0,False
2024-01-11,1012,0.0,False
2024-01-11,1013,0.0,False
2024-01-11,1014,0.0,False
2024-01-11,1015,0.0,False
2024-01-11,1016,0.0,False
2024-01-11,1017,0.0,False
2024-01-11,1018,0.0,False
2024-01-11,1019,0.0,False
2024-01-11,1020,0.0,False
2024-01-11,1021,0.0,False
2024-01-11,1022,0.0,False
2024-01-11,1023,0.0,False
2024-01-11,1024,0.0,False
2024-01-11,1025,0.0,False
2024-01-11,1026,0.0,False
2024-01-11,1027,0.0,False
2024-01-11,1028,0.0,False
2024-01-11,1029,0.0,False
2024-01-11,1030,0.0,False
2024-01-11,1031,1.0,False
2024-01-11,1032,0.0,False
2024-01-11,1033,0.0,False
2024-01-11,1034,0.0,False
2024-01-11,1035,0.0,False
2024-01-11,1036,0.0,False
2024-01-11,1037,0.0,False
2024-01-11,1038,0.0,False
2024-01-11,1039,0.0,False
2024-01-11,1040,0.0,False
2024-01-11,1041,0.0,False
2024-01-11,1042,1.0,False
2024-01-11,1043,0.0,False
2024-01-11,1044,0.0,False
2024-01-11,1045,0.0,False
2024-01-11,1046,0.0,False
2024-01-11,1047,4.0,False
2024-01-11,1048,0.0,False
2024-01-11,1049,8.5,False
2024-01-11,1050,0.0,False
2024-01-12,1001,0.0,False
2024-01-12,1002,0.0,False
2024-01-12,1003,0.0,False
2024-01-12,1004,0.0,False
2024-01-12,1005,0.0,False
2024-01-12,1006,0.0,False
2024-01-12,1007,0.0,False
2024-01-12,1008,0.0,False
2024-01-12,1009,0.0,False
2024-01-12,1010,0.0,False
2024-01-12,1011,0.0,False
2024-01-12,1012,0.0,False
2024-01-12,1013,0.0,False
2024-01-12,1014,0.0,False
2024-01-12,1015,0.0,False
2024-01-12,1016,0.0,False
2024-01-12,1017,0.0,False
2024-01-12,1018,0.0,False
2024-01-12,1019,0.0,False
2024-01-12,1020,0.0,False
2024-01-12,1021,0.0,False
2024-01-12,1022,0.0,False
2024-01-12,1023,0.0,False
2024-01-12,1024,0.0,False
2024-01-12,1025,0.0,False
2024-01-12,1026,0.0,False
2024-01-12,1027,0.0,False
2024-01-12,1028,0.0,False
2024-01-12,1029,0.0,False
2024-01-12,1030,0.0,False
2024-01-12,1031,0.0,False
2024-01-12,1032,0.0,False
2024-01-12,1033,0.0,False
2024-01-12,1034,0.0,False
2024-01-12,1035,0.0,False
2024-01-12,1036,0.0,False
2024-01-12,1037,0.0,False
2024-01-12,1038,0.0,False
2024-01-12,1039,0.0,False
2024-01-12,1040,0.0,False
2024-01-12,1041,0.0,False
2024-01-12,1042,0.0,False
2024-01-12,1043,0.0,False
2024-01-12,1044,0.0,False
2024-01-12,1045,0.0,False
2024-01-12,1046,0.0,False
2024-01-12,1047,0.0,False
2024-01-12,1048,0.0,False
2024-01-12,1049,0.0,False
2024-01-12,1050,0.0,False
2024-02-01,1001,10.5,False
2024-02-01,1002,0.0,False
2024-02-01,1003,0.0,False
2024-02-01,1004,0.0,False
2024-02-01,1005,0.0,False
2024-02-01,1006,0.0,False
2024-02-01,1007,0.0,False
2024-02-01,1008,0.0,False
2024-02-01,1009,0.0,False
2024-02-01,1010,0.0,False
2024-02-01,1011,0.0,False
2024-02-01,1012,0.0,False
2024-02-01,1013,0.0,False
2024-02-01,1014,0.0,False
2024-02-01,1015,0.0,False
2024-02-01,1016,0.0,False
2024-02-01,1017,0.0,False
2024-02-01,1018,0.0,False
2024-02-01,1019,0.0,False
2024-02-01,1020,0.0,False
2024-02-01,1021,0.0,False
2024-02-01,1022,0.0,False
2024-02-01,1023,0.0,False
2024-02-01,1024,0.0,False
2024-02-01,1025,0.0,False
2024-02-01,1026,0.0,False
2024-02-01,1027,0.0,False
2024-02-01,1028,0.0,False
2024-02-01,1029,0.0,False
2024-02-01,1030,0.0,False
2024-02-01,1031,0.0,False
2024-02-01,1032,0.0,False
2024-02-01,1033,0.0,False
2024-02-01,1034,0.0,False
2024-02-01,1035,0.0,False
2024-02-01,1036,0.0,False
2024-02-01,1037,0.0,False
2024-02-01,1038,0.0,False
2024-02-01,1039,0.0,False
2024-02-01,1040,0.0,False
2024-02-01,1041,0.0,False
2024-02-01,1042,0.0,False
2024-02-01,1043,0.0,False
2024-02-01,1044,0.0,False
2024-02-01,1045,0.0,False
2024-02-01,1046,0.0,False
2024-02-01,1047,0.0,False
2024-02-01,1048,0.0,False
2024-02-01,1049,0.0,False
2024-02-01,1050,0.0,False
2024-02-02,1001,0.0,False
2024-02-02,1002,0.0,False
2024-02-02,1003,0.0,False
2024-02-02,1004,0.0,False
2024-02-02,1005,0.0,False
2024-02-02,1006,0.0,False
2024-02-02,1007,0.0,False
2024-02-02,1008,0.0,False
2024-02-02,1009,0.0,False
2024-02-02,1010,0.0,False
2024-02-02,1011,0.0,False
2024-02-02,1012,0.0,False
2024-02-02,1013,0.0,False
2024-02-02,1014,0.0,False
2024-02-02,1015,0.0,False
2024-02-02,1016,0.0,False
2024-02-02,1017,0.0,False
2024-02-02,1018,0.0,False
2024-02-02,1019,0.0,False
2024-02-02,1020,0.0,False
2024-02-02,1021,0.0,False
2024-02-02,1022,0.0,False
2024-02-02,1023,0.0,False
2024-02-02,1024,0.0,False
2024-02-02,1025,0.0,False
2024-02-02,1026,0.0,False
2024-02-02,1027,0.0,False
2024-02-02,1028,0.0,False
2024-02-02,1029,0.0,False
2024-02-02,1030,0.0,False
2024-02-02,1031,0.0,False
2024-02-02,1032,0.0,False
2024-02-02,1033,0.0,False
2024-02-02,1034,0.0,False
2024-02-02,1035,0.0,False
2024-02-02,1036,0.0,False
2024-02-02,1037,0.0,False
2024-02-02,1038,0.0,False
2024-02-02,1039,0.0,False
2024-02-02,1040,0.0,False
2024-02-02,1041,0.0,False
2024-02-02,1042,0.0,False
2024-02-02,1043,0.0,False
2024-02-02,1044,0.0,False
2024-02-02,1045,0.0,False
2024-02-02,1046,0.0,False
2024-02-02,1047,0.0,False
2024-02-02,1048,0.0,False
2024-02-02,1049,0.0,False
2024-02-02,1050,0.0,False
2024-02-03,1001,0.0,False
2024-02-03,1002,0.0,False
2024-02-03,1003,0.0,False
2024-02-03,1004,0.0,False
2024-02-03,1005,0.0,False
2024-02-03,1006,0.0,False
2024-02-03,1007,0.0,False
2024-02-03,1008,0.0,False
2024-02-03,1009,0.0,False
2024-02-03,1010,0.0,False
2024-02-03,1011,0.0,False
2024-02-03,1012,0.0,False
2024-02-03,1013,0.0,False
2024-02-03,1014,0.0,False
2024-02-03,1015,0.0,False
2024-02-03,1016,0.0,False
2024-02-03,1017,0.0,False
2024-02-03,1018,0.0,False
2024-02-03,1019,0.0,False
2024-02-03,1020,0.0,False
2024-02-03,1021,0.0,False
2024-02-03,1022,0.0,False
2024-02-03,1023,0.0,False
2024-02-03,1024,0.0,False
2024-02-03,1025,0.0,False
2024-02-03,1026,0.0,False
2024-02-03,1027,0.0,False
2024-02-03,1028,0.0,False
2024-02-03,1029,0.0,False
2024-02-03,1030,0.0,False
2024-02-03,1031,0.0,False
2024-02-03,1032,0.0,False
2024-02-03,1033,0.0,False
2024-02-03,1034,0.0,False
2024-02-03,1035,0.0,False
2024-02-03,1036,0.0,False
2024-02-03,1037,0.0,False
2024-02-03,1038,0.0,False
2024-02-03,1039,0.0,False
2024-02-03,1040,0.0,False
2024-02-03,1041,0.0,False
2024-02-03,1042,0.0,False
2024-02-03,1043,0.0,False
2024-02-03,1044,0.0,False
2024-02-03,1045,0.0,False
2024-02-03,1046,0.0,False
2024-02-03,1047,0.0,False
2024-02-03,1048,0.0,False
2024-02-03,1049,0.0,False
2024-02-03,1050,0.0,False
2024-02-04,1001,0.0,False
2024-02-04,1002,0.0,False
2024-02-04,1003,0.0,False
2024-02-04,1004,0.0,False
2024-02-04,1005,0.0,False
2024-02-04,1006,0.0,False
2024-02-04,1007,0.0,False
2024-02-04,1008,0.0,False
2024-02-04,1009,0.0,False
2024-02-04,1010,0.0,False
2024-02-04,1011,0.0,False
2024-02-04,1012,0.0,False
2024-02-04,1013,0.0,False
2024-02-04,1014,0.0,False
2024-02-04,1015,0.0,False
2024-02-04,1016,0.0,False
2024-02-04,1017,0.0,False
2024-02-04,1018,0.0,False
2024-02-04,1019,0.0,False
2024-02-04,1020,0.0,False
2024-02-04,1021,0.0,False
2024-02-04,1022,0.0,False
2024-02-04,1023,0.0,False
2024-02-04,1024,0.0,False
2024-02-04,1025,0.0,False
2024-02-04,1026,0.0,False
2024-02-04,1027,0.0,False
2024-02-04,1028,0.0,False
2024-02-04,1029,0.0,False
2024-02-04,1030,0.0,False
2024-02-04,1031,0.0,False
2024-02-04,1032,0.0,False
2024-02-04,1033,0.0,False
2024-02-04,1034,0.0,False
2024-02-04,1035,0.0,False
2024-02-04,1036,0.0,False
2024-02-04,1037,0.0,False
2024-02-04,1038,0.0,False
2024-02-04,1039,0.0,False
2024-02-04,1040,0.0,False
2024-02-04,1041,0.0,False
2024-02-04,1042,0.0,False
2024-02-04,1043,0.0,False
2024-02-04,1044,0.0,False
2024-02-04,1045,0.0,False
2024-02-04,1046,0.5,False
2024-02-04,1047,0.0,False
2024-02-04,1048,0.0,False
2024-02-04,1049,0.0,False
2024-02-04,1050,0.0,False
2024-02-05,1001,0.0,False
2024-02-05,1002,0.0,False
2024-02-05,1003,0.0,False
2024-02-05,1004,0.0,False
2024-02-05,1005,0.0,False
2024-02-05,1006,0.0,False
2024-02-05,1007,0.0,False
2024-02-05,1008,0.0,False
2024-02-05,1009,0.0,False
2024-02-05,1010,0.0,False
2024-02-05,1011,0.0,False
2024-02-05,1012,0.0,False
2024-02-05,1013,0.0,False
2024-02-05,1014,0.0,False
2024-02-05,1015,0.0,False
2024-02-05,1016,0.0,False
2024-02-05,1017,0.0,False
2024-02-05,1018,0.0,False
2024-02-05,1019,0.0,False
2024-02-05,1020,0.0,False
2024-02-05,1021,0.0,False
2024-02-05,1022,0.0,False
2024-02-05,1023,0.0,False
2024-02-05,1024,0.0,False
2024-02-05,1025,0.0,False
2024-02-05,1026,0.0,False
2024-02-05,1027,0.0,False
2024-02-05,1028,0.0,False
2024-02-05,1029,0.0,False
2024-02-05,1030,0.0,False
2024-02-05,1031,0.0,False
2024-02-05,1032,0.0,False
2024-02-05,1033,0.0,False
2024-02-05,1034,0.0,False
2024-02-05,1035,0.0,False
2024-02-05,1036,0.0,False
2024-02-05,1037,0.0,False
2024-02-05,1038,0.0,False
2024-02-05,1039,0.0,False
2024-02-05,1040,0.0,False
2024-02-05,1041,0.0,False
2024-02-05,1042,0.0,False
2024-02-05,1043,0.0,False
2024-02-05,1044,0.0,False
2024-02-05,1045,0.0,False
2024-02-05,1046,0.0,False
2024-02-05,1047,0.0,False
2024-02-05,1048,0.0,False
2024-02-05,1049,0.0,False
2024-02-05,1050,0.0,False
2024-02-06,1001,1.0,False
2024-02-06,1002,0.0,False
2024-02-06,1003,21.5,False
2024-02-06,1004,0.0,False
2024-02-06,1005,14.5,False
2024-02-06,1006,19.0,False
2024-02-06,1007,0.0,False
2024-02-06,1008,0.0,False
2024-02-06,1009,3.0,False
2024-02-06,1010,30.5,False
2024-02-06,1011,29.0,False
2024-02-06,1012,2.5,False
2024-02-06,1013,0.0,False
2024-02-06,1014,1.0,False
2024-02-06,1015,0.5,False
2024-02-06,1016,0.0,False
2024-02-06,1017,14.0,False
2024-02-06,1018,0.5,False
2024-02-06,1019,0.5,False
2024-02-06,1020,0.0,False
2024-02-06,1021,0.5,False
2024-02-06,1022,1.0,False
2024-02-06,1023,0.0,False
2024-02-06,1024,0.0,False
2024-02-06,1025,0.5,False
2024-02-06,1026,5.0,False
2024-02-06,1027,29.5,False
2024-02-06,1028,0.0,False
2024-02-06,1029,1.5,False
2024-02-06,1030,11.5,False
2024-02-06,1031,0.0,False
2024-02-06,1032,18.5,False
2024-02-06,1033,24.5,False
2024-02-06,1034,11.5,False
2024-02-06,1035,0.5,False
2024-02-06,1036,5.0,False
2024-02-06,1037,1.5,False
2024-02-06,1038,9.0,False
2024-02-06,1039,10.0,False
2024-02-06,1040,0.5,False
2024-02-06,1041,6.0,False
2024-02-06,1042,16.5,False
2024-02-06,1043,6.0,False
2024-02-06,1044,10.0,False
2024-02-06,1045,14.0,False
2024-02-06,1046,12.0,False
2024-02-06,1047,2.0,False
2024-02-06,1048,0.0,False
2024-02-06,1049,0.5,False
2024-02-06,1050,0.0,False
2024-02-07,1001,0.0,False
2024-02-07,1002,0.0,False
2024-02-07,1003,0.5,False
2024-02-07,1004,0.0,False
2024-02-07,1005,0.0,False
2024-02-07,1006,0.0,False
2024-02-07,1007,0.5,False
2024-02-07,1008,0.5,False
2024-02-07,1009,0.0,False
2024-02-07,1010,0.0,False
2024-02-07,1011,0.0,False
2024-02-07,1012,0.5,False
2024-02-07,1013,0.0,False
2024-02-07,1014,0.5,False
2024-02-07,1015,0.0,False
2024-02-07,1016,0.0,False
2024-02-07,1017,0.0,False
2024-02-07,1018,0.5,False
2024-02-07,1019,0.0,False
2024-02-07,1020,0.5,False
2024-02-07,1021,0.0,False
2024-02-07,1022,0.0,False
2024-02-07,1023,0.5,False
2024-02-07,1024,0.0,False
2024-02-07,1025,0.0,False
2024-02-07,1026,0.0,False
2024-02-07,1027,0.0,False
2024-02-07,1028,0.0,False
2024-02-07,1029,0.5,False
2024-02-07,1030,0.5,False
2024-02-07,1031,0.0,False
2024-02-07,1032,0.5,False
2024-02-07,1033,0.5,False
2024-02-07,1034,0.0,False
2024-02-07,1035,0.0,False
2024-02-07,1036,0.0,False
2024-02-07,1037,0.5,False
2024-02-07,1038,0.0,False
2024-02-07,1039,0.5,False
2024-02-07,1040,0.5,False
2024-02-07,1041,0.0,False
2024-02-07,1042,0.5,False
2024-02-07,1043,0.0,False
2024-02-07,1044,0.0,False
2024-02-07,1045,0.5,False
2024-02-07,1046,0.0,False
2024-02-07,1047,0.0,False
2024-02-07,1048,0.5,False
2024-02-07,1049,0.0,False
2024-02-07,1050,0.0,False
2024-02-08,1001,6.5,False
2024-02-08,1002,8.0,False
2024-02-08,1003,24.0,False
2024-02-08,1004,0.0,False
2024-02-08,1005,18.0,False
2024-02-08,1006,13.5,False
2024-02-08,1007,0.0,False
2024-02-08,1008,0.5,False
2024-02-08,1009,0.0,False
2024-02-08,1010,17.0,False
2024-02-08,1011,7.0,False
2024-02-08,1012,0.0,False
2024-02-08,1013,0.0,False
2024-02-08,1014,14.0,False
2024-02-08,1015,0.0,False
2024-02-08,1016,0.0,False
2024-02-08,1017,15.5,False
2024-02-08,1018,0.0,False
2024-02-08,1019,0.5,False
2024-02-08,1020,0.5,False
2024-02-08,1021,0.0,False
2024-02-08,1022,0.0,False
2024-02-08,1023,0.0,False
2024-02-08,1024,0.0,False
2024-02-08,1025,3.5,False
2024-02-08,1026,18.0,False
2024-02-08,1027,12.5,False
2024-02-08,1028,0.0,False
2024-02-08,1029,6.5,False
2024-02-08,1030,12.5,False
2024-02-08,1031,0.0,False
2024-02-08,1032,4.0,False
2024-02-08,1033,0.0,False
2024-02-08,1034,0.5,False
2024-02-08,1035,0.0,False
2024-02-08,1036,11.5,False
2024-02-08,1037,5.5,False
2024-02-08,1038,7.0,False
2024-02-08,1039,9.5,False
2024-02-08,1040,0.5,False
2024-02-08,1041,20.5,False
2024-02-08,1042,26.5,False
2024-02-08,1043,8.0,False
2024-02-08,1044,10.5,False
2024-02-08,1045,20.0,False
2024-02-08,1046,16.5,False
2024-02-08,1047,5.0,False
2024-02-08,1048,0.5,False
2024-02-08,1049,0.0,False
2024-02-08,1050,0.0,False
2024-02-09,1001,25.0,False
2024-02-09,1002,18.0,False
2024-02-09,1003,61.5,False
2024-02-09,1004,34.5,False
2024-02-09,1005,21.5,False
2024-02-09,1006,14.5,False
2024-02-09,1007,33.0,False
2024-02-09,1008,23.5,False
2024-02-09,1009,21.0,False
2024-02-09,1010,3.0,False
2024-02-09,1011,16.5,False
2024-02-09,1012,15.5,False
2024-02-09,1013,22.5,False
2024-02-09,1014,13.5,False
2024-02-09,1015,12.0,False
2024-02-09,1016,13.5,False
2024-02-09,1017,31.0,False
2024-02-09,1018,23.5,False
2024-02-09,1019,53.0,False
2024-02-09,1020,37.0,False
2024-02-09,1021,3.5,False
2024-02-09,1022,23.5,False
2024-02-09,1023,26.0,False
2024-02-09,1024,6.0,False
2024-02-09,1025,22.5,False
2024-02-09,1026,25.0,False
2024-02-09,1027,6.5,False
2024-02-09,1028,27.5,False
2024-02-09,1029,10.0,False
2024-02-09,1030,20.0,False
2024-02-09,1031,12.0,False
2024-02-09,1032,15.0,False
2024-02-09,1033,33.5,False
2024-02-09,1034,19.5,False
2024-02-09,1035,7.0,False
2024-02-09,1036,10.5,False
2024-02-09,1037,45.5,False
2024-02-09,1038,3.5,False
2024-02-09,1039,30.0,False
2024-02-09,1040,44.0,False
2024-02-09,1041,41.0,False
2024-02-09,1042,21.0,False
2024-02-09,1043,4.5,False
2024-02-09,1044,11.0,False
2024-02-09,1045,21.5,False
2024-02-09,1046,19.5,False
2024-02-09,1047,34.0,False
2024-02-09,1048,39.0,False
2024-02-09,1049,7.0,False
2024-02-09,1050,20.0,False
2024-02-10,1001,6.5,False
2024-02-10,1002,2.0,False
2024-02-10,1003,15.5,False
2024-02-10,1004,7.0,False
2024-02-10,1005,12.0,False
2024-02-10,1006,4.0,False
2024-02-10,1007,5.0,False
2024-02-10,1008,1.5,False
2024-02-10,1009,1.0,False
2024-02-10,1010,11.5,False
2024-02-10,1011,15.5,False
2024-02-10,1012,1.5,False
2024-02-10,1013,5.0,False
2024-02-10,1014,5.5,False
2024-02-10,1015,12.5,False
2024-02-10,1016,14.5,False
2024-02-10,1017,2.5,False
2024-02-10,1018,3.5,False
2024-02-10,1019,15.0,False
2024-02-10,1020,10.0,False
2024-02-10,1021,20.0,False
2024-02-10,1022,17.0,False
2024-02-10,1023,14.5,False
2024-02-10,1024,1.5,False
2024-02-10,1025,1.5,False
2024-02-10,1026,17.5,False
2024-02-10,1027,33.0,False
2024-02-10,1028,5.0,False
2024-02-10,1029,2.0,False
2024-02-10,1030,7.0,False
2024-02-10,1031,1.0,False
2024-02-10,1032,14.5,False
2024-02-10,1033,3.0,False
2024-02-10,1034,5.0,False
2024-02-10,1035,14.0,False
2024-02-10,1036,17.0,False
2024-02-10,1037,20.0,False
2024-02-10,1038,0.0,False
2024-02-10,1039,1.5,False
2024-02-10,1040,37.5,False
2024-02-10,1041,34.0,False
2024-02-10,1042,16.5,False
2024-02-10,1043,14.0,False
2024-02-10,1044,14.0,False
2024-02-10,1045,6.5,False
2024-02-10,1046,32.0,False
2024-02-10,1047,11.0,False
2024-02-10,1048,15.0,False
2024-02-10,1049,1.0,False
2024-02-10,1050,9.0,False
2024-02-11,1001,3.0,False
2024-02-11,1002,2.0,False
2024-02-11,1003,0.0,False
2024-02-11,1004,6.0,False
2024-02-11,1005,16.5,False
2024-02-11,1006,21.0,False
2024-02-11,1007,5.0,False
2024-02-11,1008,7.0,False
2024-02-11,1009,7.0,False
2024-02-11,1010,2.0,False
2024-02-11,1011,3.5,False
2024-02-11,1012,27.0,False
2024-02-11,1013,2.0,False
2024-02-11,1014,2.5,False
2024-02-11,1015,22.5,False
2024-02-11,1016,1.5,False
2024-02-11,1017,2.0,False
2024-02-11,1018,17.0,False
2024-02-11,1019,13.5,False
2024-02-11,1020,0.0,False
2024-02-11,1021,16.5,False
2024-02-11,1022,3.0,False
2024-02-11,1023,0.0,False
2024-02-11,1024,37.5,False
2024-02-11,1025,0.5,False
2024-02-11,1026,1.0,False
2024-02-11,1027,13.0,False
2024-02-11,1028,11.5,False
2024-02-11,1029,7.5,False
2024-02-11,1030,30.5,False
2024-02-11,1031,27.5,False
2024-02-11,1032,1.0,False
2024-02-11,1033,17.5,False
2024-02-11,1034,23.0,False
2024-02-11,1035,23.5,False
2024-02-11,1036,0.0,False
2024-02-11,1037,4.0,False
2024-02-11,1038,9.0,False
2024-02-11,1039,2.0,False
2024-02-11,1040,4.0,False
2024-02-11,1041,9.5,False
2024-02-11,1042,1.0,False
2024-02-11,1043,9.0,False
2024-02-11,1044,21.0,False
2024-02-11,1045,8.0,False
2024-02-11,1046,0.0,False
2024-02-11,1047,14.5,False
2024-02-11,1048,14.0,False
2024-02-11,1049,31.5,False
2024-02-11,1050,0.0,False
2024-02-12,1001,0.0,False
2024-02-12,1002,0.0,False
2024-02-12,1003,0.0,False
2024-02-12,1004,0.0,False
2024-02-12,1005,0.0,False
2024-02-12,1006,0.0,False
2024-02-12,1007,0.0,False
2024-02-12,1008,0.0,False
2024-02-12,1009,0.0,False
2024-02-12,1010,0.0,False
2024-02-12,1011,0.0,False
2024-02-12,1012,0.0,False
2024-02-12,1013,0.0,False
2024-02-12,1014,0.0,False
2024-02-12,1015,0.0,False
2024-02-12,1016,0.0,False
2024-02-12,1017,0.0,False
2024-02-12,1018,0.0,False
2024-02-12,1019,0.0,False
2024-02-12,1020,0.0,False
2024-02-12,1021,0.0,False
2024-02-12,1022,0.0,False
2024-02-12,1023,0.0,False
2024-02-12,1024,0.0,False
2024-02-12,1025,0.0,False
2024-02-12,1026,0.0,False
2024-02-12,1027,0.0,False
2024-02-12,1028,0.0,False
2024-02-12,1029,0.0,False
2024-02-12,1030,0.0,False
2024-02-12,1031,0.0,False
2024-02-12,1032,0.0,False
2024-02-12,1033,0.0,False
2024-02-12,1034,0.0,False
2024-02-12,1035,0.0,False
2024-02-12,1036,0.0,False
2024-02-12,1037,0.0,False
2024-02-12,1038,0.0,False
2024-02-12,1039,0.0,False
2024-02-12,1040,0.0,False
2024-02-12,1041,0.0,False
2024-02-12,1042,0.0,False
2024-02-12,1043,0.0,False
2024-02-12,1044,0.0,False
2024-02-12,1045,0.0,False
2024-02-12,1046,0.0,False
2024-02-12,1047,0.0,False
2024-02-12,1048,0.0,False
2024-02-12,1049,0.0,False
2024-02-12,1050,0.0,False
2024-03-01,1001,2.0,False
2024-03-01,1002,0.0,False
2024-03-01,1003,0.0,False
2024-03-01,1004,0.0,False
2024-03-01,1005,0.0,False
2024-03-01,1006,0.0,False
2024-03-01,1007,0.0,False
2024-03-01,1008,0.0,False
2024-03-01,1009,0.0,False
2024-03-01,1010,0.0,False
2024-03-01,1011,0.0,False
2024-03-01,1012,0.0,False
2024-03-01,1013,0.0,False
2024-03-01,1014,0.0,False
2024-03-01,1015,0.0,False
2024-03-01,1016,0.0,False
2024-03-01,1017,0.0,False
2024-03-01,1018,0.0,False
2024-03-01,1019,0.0,False
2024-03-01,1020,0.0,False
2024-03-01,1021,0.0,False
2024-03-01,1022,0.0,False
2024-03-01,1023,0.0,False
2024-03-01,1024,0.0,False
2024-03-01,1025,0.0,False
2024-03-01,1026,0.0,False
2024-03-01,1027,0.0,False
2024-03-01,1028,0.0,False
2024-03-01,1029,0.0,False
2024-03-01,1030,0.0,False
2024-03-01,1031,0.0,False
2024-03-01,1032,0.0,False
2024-03-01,1033,0.0,False
2024-03-01,1034,0.0,False
2024-03-01,1035,0.0,False
2024-03-01,1036,0.0,False
2024-03-01,1037,0.0,False
2024-03-01,1038,0.0,False
2024-03-01,1039,0.0,False
2024-03-01,1040,0.0,False
2024-03-01,1041,0.0,False
2024-03-01,1042,0.0,False
2024-03-01,1043,0.0,False
2024-03-01,1044,0.0,False
2024-03-01,1045,0.0,False
2024-03-01,1046,0.0,False
2024-03-01,1047,0.0,False
2024-03-01,1048,0.0,False
2024-03-01,1049,0.0,False
2024-03-01,1050,0.0,False
2024-03-02,1001,0.0,False
2024-03-02,1002,0.0,False
2024-03-02,1003,0.0,False
2024-03-02,1004,0.0,False
2024-03-02,1005,0.0,False
2024-03-02,1006,0.0,False
2024-03-02,1007,0.0,False
2024-03-02,1008,0.0,False
2024-03-02,1009,0.0,False
2024-03-02,1010,0.0,False
2024-03-02,1011,0.0,False
2024-03-02,1012,0.0,False
2024-03-02,1013,0.0,False
2024-03-02,1014,0.0,False
2024-03-02,1015,0.0,False
2024-03-02,1016,0.0,False
2024-03-02,1017,0.0,False
2024-03-02,1018,0.0,False
2024-03-02,1019,0.0,False
2024-03-02,1020,0.0,False
2024-03-02,1021,0.0,False
2024-03-02,1022,0.0,False
2024-03-02,1023,0.0,False
2024-03-02,1024,0.0,False
2024-03-02,1025,0.0,False
2024-03-02,1026,0.0,False
2024-03-02,1027,0.0,False
2024-03-02,1028,0.0,False
2024-03-02,1029,0.0,False
2024-03-02,1030,0.0,False
2024-03-02,1031,0.0,False
2024-03-02,1032,0.0,False
2024-03-02,1033,0.0,False
2024-03-02,1034,0.0,False
2024-03-02,1035,0.0,False
2024-03-02,1036,0.0,False
2024-03-02,1037,0.0,False
2024-03-02,1038,0.0,False
2024-03-02,1039,0.0,False
2024-03-02,1040,0.0,False
2024-03-02,1041,0.0,False
2024-03-02,1042,0.0,False
2024-03-02,1043,0.0,False
2024-03-02,1044,0.0,False
2024-03-02,1045,0.0,False
2024-03-02,1046,0.0,False
2024-03-02,1047,0.0,False
2024-03-02,1048,0.0,False
2024-03-02,1049,0.0,False
2024-03-02,1050,0.0,False
2024-03-03,1001,0.0,False
2024-03-03,1002,0.0,False
2024-03-03,1003,0.0,False
2024-03-03,1004,0.0,False
2024-03-03,1005,0.0,False
2024-03-03,1006,0.0,False
2024-03-03,1007,0.0,False
2024-03-03,1008,0.0,False
2024-03-03,1009,0.0,False
2024-03-03,1010,0.0,False
2024-03-03,1011,1.0,False
2024-03-03,1012,0.0,False
2024-03-03,1013,0.0,False
2024-03-03,1014,0.0,False
2024-03-03,1015,2.5,False
2024-03-03,1016,1.5,False
2024-03-03,1017,0.0,False
2024-03-03,1018,0.0,False
2024-03-03,1019,1.5,False
2024-03-03,1020,3.0,False
2024-03-03,1021,16.5,False
2024-03-03,1022,1.0,False
2024-03-03,1023,0.0,False
2024-03-03,1024,0.0,False
2024-03-03,1025,0.0,False
2024-03-03,1026,0.0,False
2024-03-03,1027,0.0,False
2024-03-03,1028,0.0,False
2024-03-03,1029,0.0,False
2024-03-03,1030,0.0,False
2024-03-03,1031,0.0,False
2024-03-03,1032,0.0,False
2024-03-03,1033,0.0,False
2024-03-03,1034,0.0,False
2024-03-03,1035,4.0,False
2024-03-03,1036,2.5,False
2024-03-03,1037,0.0,False
2024-03-03,1038,0.0,False
2024-03-03,1039,0.0,False
2024-03-03,1040,0.0,False
2024-03-03,1041,0.5,False
2024-03-03,1042,2.0,False
2024-03-03,1043,0.0,False
2024-03-03,1044,0.0,False
2024-03-03,1045,0.0,False
2024-03-03,1046,3.0,False
2024-03-03,1047,0.0,False
2024-03-03,1048,0.0,False
2024-03-03,1049,0.0,False
2024-03-03,1050,0.0,False
2024-03-04,1001,0.0,False
2024-03-04,1002,0.0,False
2024-03-04,1003,0.0,False
2024-03-04,1004,0.0,False
2024-03-04,1005,0.0,False
2024-03-04,1006,0.0,False
2024-03-04,1007,0.0,False
2024-03-04,1008,0.0,False
2024-03-04,1009,0.0,False
2024-03-04,1010,0.0,False
2024-03-04,1011,0.0,False
2024-03-04,1012,0.0,False
2024-03-04,1013,0.0,False
2024-03-04,1014,0.0,False
2024-03-04,1015,0.0,False
2024-03-04,1016,0.0,False
2024-03-04,1017,0.0,False
2024-03-04,1018,0.0,False
2024-03-04,1019,0.0,False
2024-03-04,1020,0.0,False
2024-03-04,1021,0.0,False
2024-03-04,1022,0.0,False
2024-03-04,1023,0.0,False
2024-03-04,1024,0.0,False
2024-03-04,1025,0.0,False
2024-03-04,1026,0.0,False
2024-03-04,1027,0.0,False
2024-03-04,1028,0.0,False
2024-03-04,1029,0.0,False
2024-03-04,1030,0.0,False
2024-03-04,1031,0.0,False
2024-03-04,1032,0.0,False
2024-03-04,1033,0.0,False
2024-03-04,1034,0.0,False
2024-03-04,1035,0.0,False
2024-03-04,1036,0.0,False
2024-03-04,1037,0.0,False
2024-03-04,1038,0.0,False
2024-03-04,1039,0.0,False
2024-03-04,1040,0.0,False
2024-03-04,1041,0.0,False
2024-03-04,1042,0.0,False
2024-03-04,1043,0.0,False
2024-03-04,1044,0.0,False
2024-03-04,1045,0.0,False
2024-03-04,1046,0.0,False
2024-03-04,1047,0.0,False
2024-03-04,1048,0.0,False
2024-03-04,1049,0.0,False
2024-03-04,1050,0.0,False
2024-03-05,1001,0.0,False
2024-03-05,1002,0.0,False
2024-03-05,1003,0.5,False
2024-03-05,1004,0.0,False
2024-03-05,1005,0.0,False
2024-03-05,1006,0.0,False
2024-03-05,1007,0.0,False
2024-03-05,1008,0.0,False
2024-03-05,1009,0.0,False
2024-03-05,1010,0.0,False
2024-03-05,1011,0.0,False
2024-03-05,1012,0.0,False
2024-03-05,1013,0.0,False
2024-03-05,1014,0.0,False
2024-03-05,1015,0.0,False
2024-03-05,1016,0.0,False
2024-03-05,1017,0.0,False
2024-03-05,1018,0.0,False
2024-03-05,1019,0.0,False
2024-03-05,1020,0.0,False
2024-03-05,1021,0.0,False
2024-03-05,1022,0.0,False
2024-03-05,1023,0.0,False
2024-03-05,1024,0.0,False
2024-03-05,1025,0.0,False
2024-03-05,1026,0.0,False
2024-03-05,1027,0.0,False
2024-03-05,1028,0.0,False
2024-03-05,1029,0.0,False
2024-03-05,1030,0.0,False
2024-03-05,1031,0.0,False
2024-03-05,1032,0.0,False
2024-03-05,1033,0.0,False
2024-03-05,1034,0.0,False
2024-03-05,1035,0.0,False
2024-03-05,1036,0.0,False
2024-03-05,1037,0.0,False
2024-03-05,1038,0.0,False
2024-03-05,1039,0.0,False
2024-03-05,1040,0.0,False
2024-03-05,1041,0.0,False
2024-03-05,1042,0.0,False
2024-03-05,1043,0.0,False
2024-03-05,1044,0.0,False
2024-03-05,1045,0.0,False
2024-03-05,1046,0.0,False
2024-03-05,1047,0.0,False
2024-03-05,1048,0.5,False
2024-03-05,1049,0.0,False
2024-03-05,1050,0.0,False
2024-03-06,1001,0.0,False
2024-03-06,1002,0.0,False
2024-03-06,1003,0.5,False
2024-03-06,1004,0.0,False
2024-03-06,1005,0.0,False
2024-03-06,1006,0.0,False
2024-03-06,1007,0.0,False
2024-03-06,1008,0.0,False
2024-03-06,1009,0.0,False
2024-03-06,1010,0.0,False
2024-03-06,1011,0.0,False
2024-03-06,1012,0.0,False
2024-03-06,1013,0.5,False
2024-03-06,1014,0.0,False
2024-03-06,1015,0.0,False
2024-03-06,1016,0.0,False
2024-03-06,1017,0.0,False
2024-03-06,1018,0.0,False
2024-03-06,1019,0.0,False
2024-03-06,1020,0.0,False
2024-03-06,1021,0.0,False
2024-03-06,1022,0.0,False
2024-03-06,1023,0.0,False
2024-03-06,1024,0.0,False
2024-03-06,1025,0.0,False
2024-03-06,1026,0.0,False
2024-03-06,1027,0.0,False
2024-03-06,1028,0.0,False
2024-03-06,1029,0.0,False
2024-03-06,1030,0.0,False
2024-03-06,1031,0.0,False
2024-03-06,1032,0.0,False
2024-03-06,1033,0.0,False
2024-03-06,1034,0.0,False
2024-03-06,1035,0.0,False
2024-03-06,1036,0.0,False
2024-03-06,1037,0.0,False
2024-03-06,1038,0.0,False
2024-03-06,1039,0.0,False
2024-03-06,1040,0.0,False
2024-03-06,1041,0.0,False
2024-03-06,1042,0.0,False
2024-03-06,1043,0.0,False
2024-03-06,1044,0.0,False
2024-03-06,1045,0.0,False
2024-03-06,1046,0.0,False
2024-03-06,1047,0.0,False
2024-03-06,1048,0.0,False
2024-03-06,1049,0.0,False
2024-03-06,1050,0.0,False
2024-03-07,1001,1.0,False
2024-03-07,1002,0.0,False
2024-03-07,1003,3.5,False
2024-03-07,1004,0.5,False
2024-03-07,1005,0.0,False
2024-03-07,1006,0.5,False
2024-03-07,1007,0.5,False
2024-03-07,1008,0.0,False
2024-03-07,1009,4.5,False
2024-03-07,1010,2.5,False
2024-03-07,1011,0.0,False
2024-03-07,1012,1.5,False
2024-03-07,1013,1.0,False
2024-03-07,1014,0.5,False
2024-03-07,1015,1.5,False
2024-03-07,1016,2.0,False
2024-03-07,1017,0.0,False
2024-03-07,1018,1.0,False
2024-03-07,1019,0.0,False
2024-03-07,1020,2.0,False
2024-03-07,1021,4.0,False
2024-03-07,1022,1.5,False
2024-03-07,1023,9.5,False
2024-03-07,1024,0.5,False
2024-03-07,1025,0.0,False
2024-03-07,1026,0.0,False
2024-03-07,1027,0.0,False
2024-03-07,1028,1.5,False
2024-03-07,1029,0.5,False
2024-03-07,1030,0.0,False
2024-03-07,1031,0.5,False
2024-03-07,1032,0.5,False
2024-03-07,1033,1.0,False
2024-03-07,1034,0.0,False
2024-03-07,1035,5.5,False
2024-03-07,1036,0.5,False
2024-03-07,1037,0.0,False
2024-03-07,1038,0.0,False
2024-03-07,1039,0.0,False
2024-03-07,1040,10.0,False
2024-03-07,1041,0.0,False
2024-03-07,1042,2.0,False
2024-03-07,1043,0.0,False
2024-03-07,1044,0.0,False
2024-03-07,1045,1.0,False
2024-03-07,1046,5.5,False
2024-03-07,1047,5.0,False
2024-03-07,1048,0.0,False
2024-03-07,1049,0.5,False
2024-03-07,1050,5.5,False
2024-03-08,1001,1.0,False
2024-03-08,1002,0.5,False
2024-03-08,1003,37.5,False
2024-03-08,1004,0.0,False
2024-03-08,1005,1.0,False
2024-03-08,1006,21.5,False
2024-03-08,1007,0.5,False
2024-03-08,1008,0.5,False
2024-03-08,1009,0.0,False
2024-03-08,1010,31.0,False
2024-03-08,1011,3.5,False
2024-03-08,1012,0.0,False
2024-03-08,1013,0.5,False
2024-03-08,1014,1.5,False
2024-03-08,1015,0.0,False
2024-03-08,1016,3.0,False
2024-03-08,1017,3.5,False
2024-03-08,1018,0.0,False
2024-03-08,1019,1.5,False
2024-03-08,1020,2.5,False
2024-03-08,1021,0.0,False
2024-03-08,1022,10.0,False
2024-03-08,1023,0.5,False
2024-03-08,1024,0.0,False
2024-03-08,1025,1.5,False
2024-03-08,1026,0.5,False
2024-03-08,1027,33.0,False
2024-03-08,1028,0.0,False
2024-03-08,1029,0.5,False
2024-03-08,1030,16.0,False
2024-03-08,1031,0.0,False
2024-03-08,1032,1.0,False
2024-03-08,1033,0.0,False
2024-03-08,1034,1.5,False
2024-03-08,1035,0.0,False
2024-03-08,1036,0.5,False
2024-03-08,1037,0.5,False
2024-03-08,1038,31.0,False
2024-03-08,1039,2.5,False
2024-03-08,1040,1.5,False
2024-03-08,1041,1.0,False
2024-03-08,1042,20.5,False
2024-03-08,1043,31.0,False
2024-03-08,1044,31.5,False
2024-03-08,1045,7.0,False
2024-03-08,1046,23.5,False
2024-03-08,1047,0.5,False
2024-03-08,1048,2.5,False
2024-03-08,1049,0.5,False
2024-03-08,1050,0.5,False
2024-03-09,1001,16.5,False
2024-03-09,1002,25.0,False
2024-03-09,1003,15.0,False
2024-03-09,1004,30.0,False
2024-03-09,1005,9.0,False
2024-03-09,1006,17.0,False
2024-03-09,1007,12.0,False
2024-03-09,1008,13.5,False
2024-03-09,1009,37.0,False
2024-03-09,1010,6.0,False
2024-03-09,1011,12.5,False
2024-03-09,1012,32.5,False
2024-03-09,1013,19.0,False
2024-03-09,1014,25.0,False
2024-03-09,1015,22.5,False
2024-03-09,1016,18.0,False
2024-03-09,1017,21.0,False
2024-03-09,1018,22.0,False
2024-03-09,1019,12.0,False
2024-03-09,1020,15.5,False
2024-03-09,1021,36.0,False
2024-03-09,1022,26.0,False
2024-03-09,1023,13.0,False
2024-03-09,1024,21.0,False
2024-03-09,1025,20.5,False
2024-03-09,1026,31.0,False
2024-03-09,1027,13.0,False
2024-03-09,1028,23.0,False
2024-03-09,1029,14.0,False
2024-03-09,1030,7.0,False
2024-03-09,1031,17.0,False
2024-03-09,1032,15.5,False
2024-03-09,1033,35.0,False
2024-03-09,1034,3.0,False
2024-03-09,1035,41.0,False
2024-03-09,1036,5.5,False
2024-03-09,1037,24.5,False
2024-03-09,1038,4.5,False
2024-03-09,1039,28.0,False
2024-03-09,1040,42.0,False
2024-03-09,1041,20.0,False
2024-03-09,1042,5.5,False
2024-03-09,1043,8.0,False
2024-03-09,1044,13.0,False
2024-03-09,1045,5.0,False
2024-03-09,1046,21.0,False
2024-03-09,1047,37.0,False
2024-03-09,1048,8.0,False
2024-03-09,1049,41.0,False
2024-03-09,1050,15.0,False
2024-03-10,1001,11.5,False
2024-03-10,1002,11.0,False
2024-03-10,1003,5.5,False
2024-03-10,1004,23.5,False
2024-03-10,1005,18.5,False
2024-03-10,1006,15.0,False
2024-03-10,1007,29.0,False
2024-03-10,1008,16.5,False
2024-03-10,1009,3.5,False
2024-03-10,1010,44.5,False
2024-03-10,1011,13.5,False
2024-03-10,1012,21.0,False
2024-03-10,1013,17.0,False
2024-03-10,1014,28.5,False
2024-03-10,1015,17.0,False
2024-03-10,1016,8.0,False
2024-03-10,1017,69.5,False
2024-03-10,1018,16.5,False
2024-03-10,1019,2.5,False
2024-03-10,1020,7.0,False
2024-03-10,1021,28.0,False
2024-03-10,1022,8.0,False
2024-03-10,1023,20.0,False
2024-03-10,1024,26.0,False
2024-03-10,1025,5.5,False
2024-03-10,1026,69.5,False
2024-03-10,1027,23.5,False
2024-03-10,1028,24.0,False
2024-03-10,1029,18.0,False
2024-03-10,1030,63.0,False
2024-03-10,1031,22.0,False
2024-03-10,1032,23.5,False
2024-03-10,1033,38.0,False
2024-03-10,1034,18.0,False
2024-03-10,1035,10.0,False
2024-03-10,1036,9.0,False
2024-03-10,1037,42.0,False
2024-03-10,1038,29.5,False
2024-03-10,1039,33.5,False
2024-03-10,1040,6.5,False
2024-03-10,1041,13.0,False
2024-03-10,1042,24.5,False
2024-03-10,1043,30.5,False
2024-03-10,1044,21.5,False
2024-03-10,1045,56.5,False
2024-03-10,1046,12.5,False
2024-03-10,1047,23.0,False
2024-03-10,1048,8.0,False
2024-03-10,1049,9.5,False
2024-03-10,1050,19.5,False
2024-03-11,1001,0.5,False
2024-03-11,1002,0.0,False
2024-03-11,1003,0.0,False
2024-03-11,1004,0.0,False
2024-03-11,1005,0.0,False
2024-03-11,1006,0.0,False
2024-03-11,1007,0.0,False
2024-03-11,1008,0.0,False
2024-03-11,1009,0.5,False
2024-03-11,1010,0.0,False
2024-03-11,1011,0.0,False
2024-03-11,1012,0.5,False
2024-03-11,1013,0.0,False
2024-03-11,1014,0.5,False
2024-03-11,1015,0.0,False
2024-03-11,1016,0.5,False
2024-03-11,1017,0.0,False
2024-03-11,1018,0.0,False
2024-03-11,1019,0.0,False
2024-03-11,1020,0.0,False
2024-03-11,1021,0.0,False
2024-03-11,1022,0.0,False
2024-03-11,1023,0.0,False
2024-03-11,1024,0.0,False
2024-03-11,1025,0.0,False
2024-03-11,1026,0.0,False
2024-03-11,1027,0.0,False
2024-03-11,1028,0.0,False
2024-03-11,1029,0.5,False
2024-03-11,1030,0.5,False
2024-03-11,1031,0.0,False
2024-03-11,1032,0.0,False
2024-03-11,1033,0.5,False
2024-03-11,1034,0.0,False
2024-03-11,1035,0.0,False
2024-03-11,1036,0.0,False
2024-03-11,1037,0.0,False
2024-03-11,1038,0.0,False
2024-03-11,1039,0.0,False
2024-03-11,1040,0.0,False
2024-03-11,1041,0.0,False
2024-03-11,1042,0.0,False
2024-03-11,1043,0.0,False
2024-03-11,1044,0.0,False
2024-03-11,1045,0.0,False
2024-03-11,1046,0.0,False
2024-03-11,1047,0.5,False
2024-03-11,1048,0.5,False
2024-03-11,1049,0.0,False
2024-03-11,1050,0.0,False
2024-03-12,1001,0.0,False
2024-03-12,1002,0.0,False
2024-03-12,1003,2.0,False
2024-03-12,1004,0.0,False
2024-03-12,1005,0.0,False
2024-03-12,1006,0.0,False
2024-03-12,1007,0.0,False
2024-03-12,1008,0.0,False
2024-03-12,1009,0.0,False
2024-03-12,1010,0.0,False
2024-03-12,1011,0.0,False
2024-03-12,1012,0.0,False
2024-03-12,1013,0.0,False
2024-03-12,1014,0.0,False
2024-03-12,1015,0.0,False
2024-03-12,1016,0.0,False
2024-03-12,1017,0.0,False
2024-03-12,1018,0.0,False
2024-03-12,1019,0.0,False
2024-03-12,1020,0.0,False
2024-03-12,1021,0.0,False
2024-03-12,1022,0.0,False
2024-03-12,1023,0.0,False
2024-03-12,1024,0.0,False
2024-03-12,1025,0.0,False
2024-03-12,1026,0.0,False
2024-03-12,1027,0.0,False
2024-03-12,1028,0.0,False
2024-03-12,1029,0.0,False
2024-03-12,1030,0.0,False
2024-03-12,1031,0.0,False
2024-03-12,1032,0.0,False
2024-03-12,1033,0.0,False
2024-03-12,1034,0.0,False
2024-03-12,1035,0.0,False
2024-03-12,1036,0.0,False
2024-03-12,1037,0.0,False
2024-03-12,1038,0.0,False
2024-03-12,1039,0.0,False
2024-03-12,1040,0.0,False
2024-03-12,1041,0.0,False
2024-03-12,1042,0.0,False
2024-03-12,1043,0.0,False
2024-03-12,1044,0.0,False
2024-03-12,1045,0.0,False
2024-03-12,1046,0.0,False
2024-03-12,1047,0.0,False
2024-03-12,1048,0.0,False
2024-03-12,1049,0.0,False
2024-03-12,1050,0.0,False
2024-04-01,1001,0.0,False
2024-04-01,1002,0.0,False
2024-04-01,1003,0.0,False
2024-04-01,1004,0.0,False
2024-04-01,1005,0.0,False
2024-04-01,1006,0.0,False
2024-04-01,1007,0.0,False
2024-04-01,1008,0.0,False
2024-04-01,1009,0.0,False
2024-04-01,1010,0.0,False
2024-04-01,1011,0.0,False
2024-04-01,1012,0.0,False
2024-04-01,1013,0.0,False
2024-04-01,1014,0.0,False
2024-04-01,1015,0.0,False
2024-04-01,1016,0.0,False
2024-04-01,1017,0.0,False
2024-04-01,1018,0.0,False
2024-04-01,1019,0.0,False
2024-04-01,1020,0.0,False
2024-04-01,1021,0.0,False
2024-04-01,1022,0.0,False
2024-04-01,1023,0.0,False
2024-04-01,1024,0.0,False
2024-04-01,1025,0.0,False
2024-04-01,1026,0.0,False
2024-04-01,1027,0.0,False
2024-04-01,1028,0.0,False
2024-04-01,1029,0.0,False
2024-04-01,1030,0.0,False
2024-04-01,1031,0.0,False
2024-04-01,1032,0.0,False
2024-04-01,1033,0.0,False
2024-04-01,1034,0.0,False
2024-04-01,1035,0.0,False
2024-04-01,1036,0.0,False
2024-04-01,1037,0.0,False
2024-04-01,1038,0.0,False
2024-04-01,1039,0.0,False
2024-04-01,1040,0.0,False
2024-04-01,1041,0.0,False
2024-04-01,1042,0.0,False
2024-04-01,1043,0.0,False
2024-04-01,1044,0.0,False
2024-04-01,1045,0.0,False
2024-04-01,1046,0.0,False
2024-04-01,1047,0.0,False
2024-04-01,1048,0.0,False
2024-04-01,1049,0.0,False
2024-04-01,1050,0.0,False
2024-04-02,1001,0.0,False
2024-04-02,1002,0.0,False
2024-04-02,1003,0.0,False
2024-04-02,1004,0.0,False
2024-04-02,1005,0.0,False
2024-04-02,1006,0.0,False
2024-04-02,1007,0.0,False
2024-04-02,1008,0.0,False
2024-04-02,1009,0.0,False
2024-04-02,1010,0.0,False
2024-04-02,1011,0.0,False
2024-04-02,1012,0.0,False
2024-04-02,1013,0.0,False
2024-04-02,1014,0.0,False
2024-04-02,1015,0.0,False
2024-04-02,1016,0.0,False
2024-04-02,1017,0.0,False
2024-04-02,1018,0.0,False
2024-04-02,1019,0.0,False
2024-04-02,1020,0.0,False
2024-04-02,1021,0.0,False
2024-04-02,1022,0.0,False
2024-04-02,1023,0.0,False
2024-04-02,1024,0.0,False
2024-04-02,1025,0.0,False
2024-04-02,1026,0.0,False
2024-04-02,1027,0.0,False
2024-04-02,1028,0.0,False
2024-04-02,1029,0.0,False
2024-04-02,1030,0.0,False
2024-04-02,1031,0.0,False
2024-04-02,1032,0.0,False
2024-04-02,1033,0.0,False
2024-04-02,1034,0.0,False
2024-04-02,1035,0.0,False
2024-04-02,1036,0.0,False
2024-04-02,1037,0.0,False
2024-04-02,1038,0.0,False
2024-04-02,1039,0.0,False
2024-04-02,1040,0.0,False
2024-04-02,1041,0.0,False
2024-04-02,1042,0.0,False
2024-04-02,1043,0.0,False
2024-04-02,1044,0.0,False
2024-04-02,1045,0.0,False
2024-04-02,1046,0.0,False
2024-04-02,1047,0.0,False
2024-04-02,1048,0.0,False
2024-04-02,1049,0.0,False
2024-04-02,1050,0.0,False
2024-04-03,1001,0.0,False
2024-04-03,1002,0.0,False
2024-04-03,1003,3.0,False
2024-04-03,1004,0.0,False
2024-04-03,1005,3.0,False
2024-04-03,1006,0.0,False
2024-04-03,1007,0.0,False
2024-04-03,1008,0.0,False
2024-04-03,1009,2.0,False
2024-04-03,1010,0.0,False
2024-04-03,1011,0.0,False
2024-04-03,1012,2.0,False
2024-04-03,1013,0.0,False
2024-04-03,1014,0.0,False
2024-04-03,1015,0.0,False
2024-04-03,1016,0.0,False
2024-04-03,1017,8.0,False
2024-04-03,1018,0.0,False
2024-04-03,1019,0.0,False
2024-04-03,1020,0.0,False
2024-04-03,1021,0.0,False
2024-04-03,1022,0.0,False
2024-04-03,1023,0.0,False
2024-04-03,1024,0.5,False
2024-04-03,1025,0.0,False
2024-04-03,1026,0.0,False
2024-04-03,1027,0.0,False
2024-04-03,1028,0.0,False
2024-04-03,1029,0.0,False
2024-04-03,1030,17.5,False
2024-04-03,1031,2.0,False
2024-04-03,1032,0.0,False
2024-04-03,1033,3.5,False
2024-04-03,1034,0.0,False
2024-04-03,1035,0.0,False
2024-04-03,1036,0.0,False
2024-04-03,1037,0.0,False
2024-04-03,1038,0.0,False
2024-04-03,1039,1.0,False
2024-04-03,1040,0.0,False
2024-04-03,1041,0.0,False
2024-04-03,1042,0.0,False
2024-04-03,1043,0.0,False
2024-04-03,1044,0.0,False
2024-04-03,1045,6.0,False
2024-04-03,1046,0.0,False
2024-04-03,1047,0.0,False
2024-04-03,1048,0.0,False
2024-04-03,1049,0.5,False
2024-04-03,1050,0.0,False
2024-04-04,1001,0.0,False
2024-04-04,1002,0.0,False
2024-04-04,1003,0.0,False
2024-04-04,1004,0.0,False
2024-04-04,1005,0.0,False
2024-04-04,1006,0.0,False
2024-04-04,1007,0.0,False
2024-04-04,1008,0.0,False
2024-04-04,1009,0.0,False
2024-04-04,1010,0.0,False
2024-04-04,1011,0.0,False
2024-04-04,1012,0.0,False
2024-04-04,1013,0.0,False
2024-04-04,1014,0.0,False
2024-04-04,1015,0.0,False
2024-04-04,1016,0.0,False
2024-04-04,1017,0.0,False
2024-04-04,1018,0.0,False
2024-04-04,1019,0.0,False
2024-04-04,1020,0.0,False
2024-04-04,1021,0.0,False
2024-04-04,1022,0.0,False
2024-04-04,1023,0.0,False
2024-04-04,1024,0.0,False
2024-04-04,1025,0.0,False
2024-04-04,1026,0.0,False
2024-04-04,1027,0.0,False
2024-04-04,1028,0.0,False
2024-04-04,1029,0.0,False
2024-04-04,1030,0.0,False
2024-04-04,1031,0.0,False
2024-04-04,1032,0.0,False
2024-04-04,1033,0.0,False
2024-04-04,1034,0.0,False
2024-04-04,1035,0.0,False
2024-04-04,1036,0.0,False
2024-04-04,1037,0.0,False
2024-04-04,1038,0.0,False
2024-04-04,1039,0.0,False
2024-04-04,1040,0.0,False
2024-04-04,1041,0.0,False
2024-04-04,1042,0.0,False
2024-04-04,1043,0.0,False
2024-04-04,1044,0.0,False
2024-04-04,1045,0.0,False
2024-04-04,1046,0.0,False
2024-04-04,1047,0.0,False
2024-04-04,1048,0.0,False
2024-04-04,1049,0.0,False
2024-04-04,1050,0.0,False
2024-04-05,1001,0.0,False
2024-04-05,1002,0.0,False
2024-04-05,1003,0.0,False
2024-04-05,1004,0.0,False
2024-04-05,1005,0.0,False
2024-04-05,1006,0.0,False
2024-04-05,1007,0.0,False
2024-04-05,1008,0.0,False
2024-04-05,1009,0.0,False
2024-04-05,1010,0.0,False
2024-04-05,1011,0.0,False
2024-04-05,1012,0.0,False
2024-04-05,1013,0.0,False
2024-04-05,1014,0.0,False
2024-04-05,1015,0.0,False
2024-04-05,1016,0.0,False
2024-04-05,1017,0.0,False
2024-04-05,1018,0.0,False
2024-04-05,1019,0.0,False
2024-04-05,1020,0.0,False
2024-04-05,1021,0.0,False
2024-04-05,1022,0.5,False
2024-04-05,1023,0.0,False
2024-04-05,1024,0.0,False
2024-04-05,1025,0.0,False
2024-04-05,1026,0.0,False
2024-04-05,1027,0.0,False
2024-04-05,1028,0.0,False
2024-04-05,1029,0.0,False
2024-04-05,1030,0.0,False
2024-04-05,1031,0.0,False
2024-04-05,1032,0.0,False
2024-04-05,1033,0.0,False
2024-04-05,1034,0.0,False
2024-04-05,1035,0.0,False
2024-04-05,1036,0.0,False
2024-04-05,1037,0.0,False
2024-04-05,1038,0.0,False
2024-04-05,1039,0.0,False
2024-04-05,1040,0.0,False
2024-04-05,1041,0.0,False
2024-04-05,1042,0.0,False
2024-04-05,1043,0.0,False
2024-04-05,1044,0.0,False
2024-04-05,1045,0.0,False
2024-04-05,1046,0.0,False
2024-04-05,1047,0.0,False
2024-04-05,1048,0.0,False
2024-04-05,1049,0.0,False
2024-04-05,1050,0.0,False
2024-04-06,1001,0.0,False
2024-04-06,1002,0.0,False
2024-04-06,1003,0.0,False
2024-04-06,1004,0.0,False
2024-04-06,1005,0.0,False
2024-04-06,1006,0.0,False
2024-04-06,1007,0.0,False
2024-04-06,1008,0.0,False
2024-04-06,1009,0.0,False
2024-04-06,1010,0.0,False
2024-04-06,1011,0.0,False
2024-04-06,1012,0.0,False
2024-04-06,1013,0.0,False
2024-04-06,1014,0.0,False
2024-04-06,1015,0.0,False
2024-04-06,1016,0.0,False
2024-04-06,1017,0.0,False
2024-04-06,1018,0.0,False
2024-04-06,1019,0.0,False
2024-04-06,1020,0.0,False
2024-04-06,1021,0.0,False
2024-04-06,1022,0.0,False
2024-04-06,1023,0.0,False
2024-04-06,1024,0.0,False
2024-04-06,1025,0.0,False
2024-04-06,1026,0.0,False
2024-04-06,1027,0.0,False
2024-04-06,1028,0.0,False
2024-04-06,1029,0.0,False
2024-04-06,1030,0.0,False
2024-04-06,1031,0.0,False
2024-04-06,1032,0.0,False
2024-04-06,1033,0.0,False
2024-04-06,1034,0.0,False
2024-04-06,1035,0.0,False
2024-04-06,1036,0.0,False
2024-04-06,1037,0.0,False
2024-04-06,1038,0.0,False
2024-04-06,1039,0.0,False
2024-04-06,1040,0.0,False
2024-04-06,1041,0.0,False
2024-04-06,1042,0.0,False
2024-04-06,1043,0.0,False
2024-04-06,1044,0.0,False
2024-04-06,1045,0.0,False
2024-04-06,1046,0.0,False
2024-04-06,1047,0.0,False
2024-04-06,1048,0.0,False
2024-04-06,1049,0.0,False
2024-04-06,1050,0.0,False
2024-04-07,1001,0.0,False
2024-04-07,1002,0.0,False
2024-04-07,1003,10.0,False
2024-04-07,1004,0.0,False
2024-04-07,1005,5.0,False
2024-04-07,1006,12.5,False
2024-04-07,1007,0.0,False
2024-04-07,1008,0.0,False
2024-04-07,1009,0.0,False
2024-04-07,1010,1.0,False
2024-04-07,1011,0.0,False
2024-04-07,1012,0.5,False
2024-04-07,1013,0.0,False
2024-04-07,1014,0.0,False
2024-04-07,1015,0.0,False
2024-04-07,1016,0.0,False
2024-04-07,1017,0.5,False
2024-04-07,1018,0.0,False
2024-04-07,1019,0.5,False
2024-04-07,1020,0.0,False
2024-04-07,1021,0.0,False
2024-04-07,1022,0.5,False
2024-04-07,1023,0.0,False
2024-04-07,1024,0.0,False
2024-04-07,1025,0.0,False
2024-04-07,1026,0.0,False
2024-04-07,1027,15.5,False
2024-04-07,1028,0.0,False
2024-04-07,1029,0.0,False
2024-04-07,1030,0.0,False
2024-04-07,1031,0.5,False
2024-04-07,1032,1.5,False
2024-04-07,1033,0.0,False
2024-04-07,1034,0.0,False
2024-04-07,1035,0.0,False
2024-04-07,1036,9.0,False
2024-04-07,1037,0.0,False
2024-04-07,1038,0.0,False
2024-04-07,1039,0.0,False
2024-04-07,1040,0.5,False
2024-04-07,1041,25.0,False
2024-04-07,1042,24.0,False
2024-04-07,1043,0.0,False
2024-04-07,1044,0.0,False
2024-04-07,1045,2.0,False
2024-04-07,1046,0.5,False
2024-04-07,1047,1.5,False
2024-04-07,1048,54.0,False
2024-04-07,1049,0.0,False
2024-04-07,1050,0.0,False
2024-04-08,1001,56.0,False
2024-04-08,1002,57.5,False
2024-04-08,1003,31.5,False
2024-04-08,1004,36.5,False
2024-04-08,1005,22.0,False
2024-04-08,1006,6.0,False
2024-04-08,1007,41.5,False
2024-04-08,1008,35.0,False
2024-04-08,1009,50.0,False
2024-04-08,1010,9.5,False
2024-04-08,1011,31.0,False
2024-04-08,1012,37.5,False
2024-04-08,1013,25.0,False
2024-04-08,1014,31.0,False
2024-04-08,1015,78.5,False
2024-04-08,1016,49.0,False
2024-04-08,1017,10.5,False
2024-04-08,1018,52.0,False
2024-04-08,1019,24.0,False
2024-04-08,1020,27.5,False
2024-04-08,1021,20.0,False
2024-04-08,1022,71.0,False
2024-04-08,1023,43.0,False
2024-04-08,1024,57.0,False
2024-04-08,1025,39.5,False
2024-04-08,1026,14.5,False
2024-04-08,1027,6.0,False
2024-04-08,1028,41.5,False
2024-04-08,1029,38.5,False
2024-04-08,1030,14.5,False
2024-04-08,1031,49.5,False
2024-04-08,1032,40.5,False
2024-04-08,1033,43.5,False
2024-04-08,1034,24.5,False
2024-04-08,1035,61.0,False
2024-04-08,1036,16.0,False
2024-04-08,1037,24.5,False
2024-04-08,1038,2.0,False
2024-04-08,1039,17.5,False
2024-04-08,1040,71.0,False
2024-04-08,1041,56.0,False
2024-04-08,1042,66.5,False
2024-04-08,1043,5.5,False
2024-04-08,1044,6.0,False
2024-04-08,1045,10.0,False
2024-04-08,1046,15.5,False
2024-04-08,1047,57.0,False
2024-04-08,1048,67.0,False
2024-04-08,1049,34.5,False
2024-04-08,1050,15.0,False
2024-04-09,1001,23.0,False
2024-04-09,1002,10.0,False
2024-04-09,1003,37.0,False
2024-04-09,1004,54.0,False
2024-04-09,1005,0.5,False
2024-04-09,1006,33.5,False
2024-04-09,1007,35.5,False
2024-04-09,1008,30.0,False
2024-04-09,1009,111.5,False
2024-04-09,1010,12.5,False
2024-04-09,1011,24.0,False
2024-04-09,1012,35.5,False
2024-04-09,1013,35.0,False
2024-04-09,1014,18.0,False
2024-04-09,1015,29.5,False
2024-04-09,1016,24.0,False
2024-04-09,1017,52.0,False
2024-04-09,1018,35.5,False
2024-04-09,1019,5.5,False
2024-04-09,1020,23.0,False
2024-04-09,1021,27.5,False
2024-04-09,1022,15.5,False
2024-04-09,1023,13.5,False
2024-04-09,1024,30.5,False
2024-04-09,1025,8.0,False
2024-04-09,1026,20.5,False
2024-04-09,1027,22.5,False
2024-04-09,1028,47.0,False
2024-04-09,1029,14.0,False
2024-04-09,1030,16.0,False
2024-04-09,1031,25.5,False
2024-04-09,1032,64.0,False
2024-04-09,1033,96.0,False
2024-04-09,1034,89.5,False
2024-04-09,1035,26.0,False
2024-04-09,1036,1.0,False
2024-04-09,1037,34.0,False
2024-04-09,1038,7.5,False
2024-04-09,1039,80.0,False
2024-04-09,1040,13.5,False
2024-04-09,1041,1.0,False
2024-04-09,1042,10.0,False
2024-04-09,1043,4.5,False
2024-04-09,1044,17.0,False
2024-04-09,1045,42.0,False
2024-04-09,1046,16.0,False
2024-04-09,1047,73.0,False
2024-04-09,1048,21.5,False
2024-04-09,1049,53.0,False
2024-04-09,1050,25.0,False
2024-04-10,1001,20.0,False
2024-04-10,1002,13.0,False
2024-04-10,1003,16.0,False
2024-04-10,1004,17.5,False
2024-04-10,1005,21.5,False
2024-04-10,1006,35.0,False
2024-04-10,1007,17.0,False
2024-04-10,1008,19.0,False
2024-04-10,1009,22.0,False
2024-04-10,1010,84.0,False
2024-04-10,1011,70.0,False
2024-04-10,1012,46.5,False
2024-04-10,1013,19.5,False
2024-04-10,1014,15.5,False
2024-04-10,1015,46.5,False
2024-04-10,1016,25.0,False
2024-04-10,1017,29.0,False
2024-04-10,1018,23.5,False
2024-04-10,1019,10.5,False
2024-04-10,1020,16.5,False
2024-04-10,1021,21.0,False
2024-04-10,1022,27.5,False
2024-04-10,1023,24.0,False
2024-04-10,1024,29.0,False
2024-04-10,1025,12.5,False
2024-04-10,1026,22.0,False
2024-04-10,1027,31.5,False
2024-04-10,1028,20.5,False
2024-04-10,1029,35.0,False
2024-04-10,1030,27.5,False
2024-04-10,1031,26.5,False
2024-04-10,1032,87.0,False
2024-04-10,1033,30.0,False
2024-04-10,1034,29.5,False
2024-04-10,1035,50.5,False
2024-04-10,1036,16.5,False
2024-04-10,1037,18.0,False
2024-04-10,1038,25.5,False
2024-04-10,1039,26.0,False
2024-04-10,1040,29.5,False
2024-04-10,1041,63.0,False
2024-04-10,1042,21.0,False
2024-04-10,1043,43.0,False
2024-04-10,1044,66.0,False
2024-04-10,1045,40.0,False
2024-04-10,1046,19.0,False
2024-04-10,1047,25.5,False
2024-04-10,1048,13.0,False
2024-04-10,1049,50.5,False
2024-04-10,1050,15.5,False
2024-04-11,1001,0.0,False
2024-04-11,1002,0.0,False
2024-04-11,1003,0.5,False
2024-04-11,1004,0.0,False
2024-04-11,1005,0.0,False
2024-04-11,1006,0.0,False
2024-04-11,1007,0.0,False
2024-04-11,1008,0.0,False
2024-04-11,1009,0.5,False
2024-04-11,1010,0.0,False
2024-04-11,1011,0.5,False
2024-04-11,1012,0.0,False
2024-04-11,1013,0.0,False
2024-04-11,1014,0.0,False
2024-04-11,1015,0.0,False
2024-04-11,1016,0.0,False
2024-04-11,1017,0.0,False
2024-04-11,1018,0.0,False
2024-04-11,1019,0.0,False
2024-04-11,1020,0.0,False
2024-04-11,1021,0.0,False
2024-04-11,1022,0.0,False
2024-04-11,1023,0.0,False
2024-04-11,1024,0.0,False
2024-04-11,1025,0.0,False
2024-04-11,1026,0.0,False
2024-04-11,1027,0.0,False
2024-04-11,1028,0.0,False
2024-04-11,1029,0.0,False
2024-04-11,1030,0.0,False
2024-04-11,1031,0.0,False
2024-04-11,1032,0.0,False
2024-04-11,1033,0.0,False
2024-04-11,1034,0.0,False
2024-04-11,1035,0.0,False
2024-04-11,1036,0.0,False
2024-04-11,1037,0.0,False
2024-04-11,1038,0.0,False
2024-04-11,1039,0.0,False
2024-04-11,1040,0.0,False
2024-04-11,1041,0.0,False
2024-04-11,1042,0.0,False
2024-04-11,1043,0.0,False
2024-04-11,1044,0.0,False
2024-04-11,1045,0.0,False
2024-04-11,1046,0.0,False
2024-04-11,1047,0.0,False
2024-04-11,1048,0.0,False
2024-04-11,1049,0.0,False
2024-04-11,1050,0.0,False
2024-04-12,1001,0.0,False
2024-04-12,1002,0.0,False
2024-04-12,1003,0.0,False
2024-04-12,1004,0.0,False
2024-04-12,1005,0.0,False
2024-04-12,1006,0.0,False
2024-04-12,1007,0.0,False
2024-04-12,1008,0.0,False
2024-04-12,1009,0.0,False
2024-04-12,1010,0.0,False
2024-04-12,1011,0.0,False
2024-04-12,1012,0.0,False
2024-04-12,1013,0.0,False
2024-04-12,1014,0.0,False
2024-04-12,1015,0.0,False
2024-04-12,1016,0.0,False
2024-04-12,1017,0.0,False
2024-04-12,1018,0.0,False
2024-04-12,1019,0.0,False
2024-04-12,1020,0.0,False
2024-04-12,1021,0.0,False
2024-04-12,1022,0.0,False
2024-04-12,1023,0.0,False
2024-04-12,1024,0.0,False
2024-04-12,1025,0.0,False
2024-04-12,1026,0.0,False
2024-04-12,1027,0.0,False
2024-04-12,1028,0.0,False
2024-04-12,1029,0.0,False
2024-04-12,1030,0.0,False
2024-04-12,1031,0.0,False
2024-04-12,1032,0.0,False
2024-04-12,1033,0.0,False
2024-04-12,1034,0.0,False
2024-04-12,1035,0.0,False
2024-04-12,1036,0.0,False
2024-04-12,1037,0.0,False
2024-04-12,1038,0.0,False
2024-04-12,1039,0.0,False
2024-04-12,1040,0.0,False
2024-04-12,1041,0.0,False
2024-04-12,1042,0.0,False
2024-04-12,1043,0.0,False
2024-04-12,1044,0.0,False
2024-04-12,1045,0.0,False
2024-04-12,1046,0.0,False
2024-04-12,1047,0.0,False
2024-04-12,1048,0.0,False
2024-04-12,1049,0.0,False
2024-04-12,1050,0.0,False
2024-05-01,1001,0.0,False
2024-05-01,1002,0.0,False
2024-05-01,1003,0.0,False
2024-05-01,1004,0.0,False
2024-05-01,1005,0.0,False
2024-05-01,1006,0.0,False
2024-05-01,1007,0.0,False
2024-05-01,1008,0.0,False
2024-05-01,1009,0.0,False
2024-05-01,1010,0.0,False
2024-05-01,1011,0.0,False
2024-05-01,1012,0.0,False
2024-05-01,1013,0.0,False
2024-05-01,1014,0.0,False
2024-05-01,1015,0.0,False
2024-05-01,1016,0.0,False
2024-05-01,1017,0.0,False
2024-05-01,1018,0.0,False
2024-05-01,1019,0.0,False
2024-05-01,1020,0.0,False
2024-05-01,1021,0.0,False
2024-05-01,1022,0.0,False
2024-05-01,1023,0.0,False
2024-05-01,1024,0.0,False
2024-05-01,1025,0.0,False
2024-05-01,1026,0.0,False
2024-05-01,1027,0.0,False
2024-05-01,1028,0.0,False
2024-05-01,1029,0.0,False
2024-05-01,1030,0.0,False
2024-05-01,1031,0.0,False
2024-05-01,1032,0.0,False
2024-05-01,1033,0.0,False
2024-05-01,1034,0.0,False
2024-05-01,1035,0.0,False
2024-05-01,1036,0.0,False
2024-05-01,1037,0.0,False
2024-05-01,1038,0.0,False
2024-05-01,1039,0.0,False
2024-05-01,1040,0.0,False
2024-05-01,1041,0.0,False
2024-05-01,1042,0.0,False
2024-05-01,1043,0.0,False
2024-05-01,1044,0.0,False
2024-05-01,1045,0.0,False
2024-05-01,1046,0.0,False
2024-05-01,1047,0.0,False
2024-05-01,1048,0.0,False
2024-05-01,1049,0.0,False
2024-05-01,1050,0.0,False
2024-05-02,1001,0.0,False
2024-05-02,1002,0.0,False
2024-05-02,1003,0.0,False
2024-05-02,1004,0.0,False
2024-05-02,1005,0.0,False
2024-05-02,1006,0.0,False
2024-05-02,1007,0.0,False
2024-05-02,1008,0.0,False
2024-05-02,1009,0.0,False
2024-05-02,1010,0.5,False
2024-05-02,1011,0.0,False
2024-05-02,1012,0.0,False
2024-05-02,1013,0.0,False
2024-05-02,1014,0.0,False
2024-05-02,1015,0.0,False
2024-05-02,1016,0.0,False
2024-05-02,1017,0.0,False
2024-05-02,1018,0.0,False
2024-05-02,1019,0.0,False
2024-05-02,1020,0.0,False
2024-05-02,1021,0.0,False
2024-05-02,1022,0.0,False
2024-05-02,1023,0.0,False
2024-05-02,1024,0.0,False
2024-05-02,1025,0.0,False
2024-05-02,1026,0.0,False
2024-05-02,1027,0.0,False
2024-05-02,1028,0.0,False
2024-05-02,1029,0.0,False
2024-05-02,1030,0.0,False
2024-05-02,1031,0.0,False
2024-05-02,1032,0.0,False
2024-05-02,1033,0.0,False
2024-05-02,1034,0.0,False
2024-05-02,1035,0.0,False
2024-05-02,1036,0.0,False
2024-05-02,1037,0.0,False
2024-05-02,1038,0.0,False
2024-05-02,1039,0.0,False
2024-05-02,1040,0.0,False
2024-05-02,1041,0.0,False
2024-05-02,1042,0.0,False
2024-05-02,1043,0.0,False
2024-05-02,1044,0.0,False
2024-05-02,1045,0.0,False
2024-05-02,1046,0.0,False
2024-05-02,1047,0.0,False
2024-05-02,1048,0.0,False
2024-05-02,1049,0.0,False
2024-05-02,1050,0.0,False
2024-05-03,1001,0.0,False
2024-05-03,1002,0.0,False
2024-05-03,1003,0.0,False
2024-05-03,1004,0.0,False
2024-05-03,1005,0.0,False
2024-05-03,1006,0.0,False
2024-05-03,1007,0.0,False
2024-05-03,1008,0.0,False
2024-05-03,1009,0.0,False
2024-05-03,1010,0.0,False
2024-05-03,1011,0.0,False
2024-05-03,1012,0.0,False
2024-05-03,1013,0.0,False
2024-05-03,1014,0.0,False
2024-05-03,1015,0.0,False
2024-05-03,1016,0.0,False
2024-05-03,1017,0.0,False
2024-05-03,1018,0.0,False
2024-05-03,1019,0.0,False
2024-05-03,1020,0.0,False
2024-05-03,1021,0.0,False
2024-05-03,1022,0.0,False
2024-05-03,1023,0.0,False
2024-05-03,1024,0.0,False
2024-05-03,1025,0.0,False
2024-05-03,1026,0.0,False
2024-05-03,1027,0.0,False
2024-05-03,1028,0.0,False
2024-05-03,1029,0.0,False
2024-05-03,1030,0.0,False
2024-05-03,1031,0.0,False
2024-05-03,1032,0.0,False
2024-05-03,1033,0.0,False
2024-05-03,1034,0.0,False
2024-05-03,1035,0.0,False
2024-05-03,1036,0.0,False
2024-05-03,1037,0.0,False
2024-05-03,1038,0.0,False
2024-05-03,1039,0.0,False
2024-05-03,1040,0.5,False
2024-05-03,1041,0.0,False
2024-05-03,1042,0.0,False
2024-05-03,1043,0.0,False
2024-05-03,1044,0.0,False
2024-05-03,1045,0.0,False
2024-05-03,1046,0.0,False
2024-05-03,1047,0.0,False
2024-05-03,1048,0.0,False
2024-05-03,1049,0.0,False
2024-05-03,1050,0.0,False
2024-05-04,1001,0.0,False
2024-05-04,1002,0.0,False
2024-05-04,1003,0.0,False
2024-05-04,1004,0.0,False
2024-05-04,1005,0.0,False
2024-05-04,1006,0.0,False
2024-05-04,1007,0.0,False
2024-05-04,1008,0.0,False
2024-05-04,1009,0.0,False
2024-05-04,1010,0.0,False
2024-05-04,1011,0.0,False
2024-05-04,1012,0.0,False
2024-05-04,1013,0.0,False
2024-05-04,1014,0.0,False
2024-05-04,1015,0.0,False
2024-05-04,1016,0.0,False
2024-05-04,1017,0.0,False
2024-05-04,1018,0.0,False
2024-05-04,1019,0.0,False
2024-05-04,1020,0.0,False
2024-05-04,1021,0.0,False
2024-05-04,1022,0.0,False
2024-05-04,1023,0.0,False
2024-05-04,1024,0.0,False
2024-05-04,1025,0.0,False
2024-05-04,1026,0.0,False
2024-05-04,1027,0.0,False
2024-05-04,1028,0.0,False
2024-05-04,1029,0.0,False
2024-05-04,1030,0.0,False
2024-05-04,1031,0.0,False
2024-05-04,1032,0.0,False
2024-05-04,1033,0.0,False
2024-05-04,1034,0.0,False
2024-05-04,1035,0.0,False
2024-05-04,1036,0.0,False
2024-05-04,1037,0.0,False
2024-05-04,1038,0.0,False
2024-05-04,1039,0.0,False
2024-05-04,1040,0.0,False
2024-05-04,1041,0.0,False
2024-05-04,1042,0.0,False
2024-05-04,1043,0.0,False
2024-05-04,1044,0.0,False
2024-05-04,1045,0.0,False
2024-05-04,1046,0.0,False
2024-05-04,1047,0.0,False
2024-05-04,1048,0.0,False
2024-05-04,1049,0.0,False
2024-05-04,1050,0.0,False
2024-05-05,1001,0.0,False
2024-05-05,1002,0.0,False
2024-05-05,1003,0.0,False
2024-05-05,1004,0.0,False
2024-05-05,1005,0.0,False
2024-05-05,1006,0.0,False
2024-05-05,1007,0.0,False
2024-05-05,1008,0.0,False
2024-05-05,1009,0.0,False
2024-05-05,1010,0.0,False
2024-05-05,1011,0.0,False
2024-05-05,1012,0.0,False
2024-05-05,1013,0.0,False
2024-05-05,1014,0.0,False
2024-05-05,1015,0.0,False
2024-05-05,1016,0.0,False
2024-05-05,1017,0.0,False
2024-05-05,1018,0.0,False
2024-05-05,1019,0.0,False
2024-05-05,1020,0.0,False
2024-05-05,1021,0.0,False
2024-05-05,1022,0.0,False
2024-05-05,1023,0.0,False
2024-05-05,1024,0.0,False
2024-05-05,1025,0.0,False
2024-05-05,1026,0.0,False
2024-05-05,1027,0.0,False
2024-05-05,1028,0.0,False
2024-05-05,1029,0.0,False
2024-05-05,1030,0.0,False
2024-05-05,1031,0.0,False
2024-05-05,1032,0.0,False
2024-05-05,1033,0.0,False
2024-05-05,1034,0.0,False
2024-05-05,1035,0.0,False
2024-05-05,1036,0.0,False
2024-05-05,1037,0.0,False
2024-05-05,1038,0.0,False
2024-05-05,1039,0.0,False
2024-05-05,1040,0.0,False
2024-05-05,1041,0.0,False
2024-05-05,1042,0.0,False
2024-05-05,1043,0.0,False
2024-05-05,1044,0.0,False
2024-05-05,1045,0.0,False
2024-05-05,1046,0.0,False
2024-05-05,1047,0.0,False
2024-05-05,1048,0.0,False
2024-05-05,1049,0.0,False
2024-05-05,1050,0.0,False
2024-05-06,1001,0.0,False
2024-05-06,1002,0.0,False
2024-05-06,1003,1.0,False
2024-05-06,1004,2.5,False
2024-05-06,1005,0.0,False
2024-05-06,1006,9.0,False
2024-05-06,1007,0.0,False
2024-05-06,1008,0.0,False
2024-05-06,1009,4.5,False
2024-05-06,1010,0.5,False
2024-05-06,1011,24.5,False
2024-05-06,1012,4.5,False
2024-05-06,1013,0.0,False
2024-05-06,1014,1.5,False
2024-05-06,1015,0.0,False
2024-05-06,1016,0.0,False
2024-05-06,1017,12.0,False
2024-05-06,1018,0.5,False
2024-05-06,1019,0.0,False
2024-05-06,1020,0.0,False
2024-05-06,1021,0.0,False
2024-05-06,1022,0.5,False
2024-05-06,1023,0.5,False
2024-05-06,1024,0.0,False
2024-05-06,1025,0.0,False
2024-05-06,1026,0.0,False
2024-05-06,1027,0.0,False
2024-05-06,1028,1.0,False
2024-05-06,1029,0.0,False
2024-05-06,1030,0.0,False
2024-05-06,1031,0.5,False
2024-05-06,1032,19.0,False
2024-05-06,1033,5.5,False
2024-05-06,1034,24.0,False
2024-05-06,1035,0.5,False
2024-05-06,1036,0.0,False
2024-05-06,1037,0.0,False
2024-05-06,1038,0.0,False
2024-05-06,1039,17.0,False
2024-05-06,1040,0.0,False
2024-05-06,1041,0.0,False
2024-05-06,1042,0.0,False
2024-05-06,1043,0.0,False
2024-05-06,1044,19.0,False
2024-05-06,1045,8.5,False
2024-05-06,1046,0.0,False
2024-05-06,1047,6.0,False
2024-05-06,1048,0.0,False
2024-05-06,1049,0.0,False
2024-05-06,1050,0.0,False
2024-05-07,1001,79.0,False
2024-05-07,1002,58.5,False
2024-05-07,1003,75.0,False
2024-05-07,1004,70.5,False
2024-05-07,1005,18.5,False
2024-05-07,1006,53.5,False
2024-05-07,1007,40.0,False
2024-05-07,1008,60.5,False
2024-05-07,1009,34.0,False
2024-05-07,1010,54.0,False
2024-05-07,1011,23.0,False
2024-05-07,1012,40.0,False
2024-05-07,1013,66.5,False
2024-05-07,1014,31.0,False
2024-05-07,1015,38.5,False
2024-05-07,1016,36.0,False
2024-05-07,1017,32.0,False
2024-05-07,1018,59.5,False
2024-05-07,1019,31.0,False
2024-05-07,1020,41.0,False
2024-05-07,1021,23.0,False
2024-05-07,1022,33.5,False
2024-05-07,1023,14.5,False
2024-05-07,1024,31.0,False
2024-05-07,1025,52.0,False
2024-05-07,1026,20.0,False
2024-05-07,1027,38.5,False
2024-05-07,1028,66.5,False
2024-05-07,1029,54.0,False
2024-05-07,1030,44.0,False
2024-05-07,1031,39.0,False
2024-05-07,1032,41.5,False
2024-05-07,1033,45.0,False
2024-05-07,1034,37.0,False
2024-05-07,1035,24.0,False
2024-05-07,1036,30.0,False
2024-05-07,1037,39.0,False
2024-05-07,1038,8.0,False
2024-05-07,1039,43.0,False
2024-05-07,1040,33.0,False
2024-05-07,1041,39.5,False
2024-05-07,1042,127.5,False
2024-05-07,1043,50.0,False
2024-05-07,1044,48.5,False
2024-05-07,1045,47.0,False
2024-05-07,1046,48.5,False
2024-05-07,1047,73.5,False
2024-05-07,1048,16.5,False
2024-05-07,1049,21.5,False
2024-05-07,1050,18.5,False
2024-05-08,1001,8.5,False
2024-05-08,1002,4.0,False
2024-05-08,1003,90.5,False
2024-05-08,1004,16.0,False
2024-05-08,1005,3.5,False
2024-05-08,1006,20.5,False
2024-05-08,1007,10.0,False
2024-05-08,1008,7.5,False
2024-05-08,1009,39.5,False
2024-05-08,1010,33.5,False
2024-05-08,1011,30.0,False
2024-05-08,1012,45.0,False
2024-05-08,1013,11.5,False
2024-05-08,1014,5.5,False
2024-05-08,1015,22.0,False
2024-05-08,1016,10.0,False
2024-05-08,1017,18.5,False
2024-05-08,1018,16.0,False
2024-05-08,1019,6.5,False
2024-05-08,1020,8.0,False
2024-05-08,1021,23.5,False
2024-05-08,1022,13.0,False
2024-05-08,1023,16.5,False
2024-05-08,1024,24.0,False
2024-05-08,1025,3.0,False
2024-05-08,1026,8.0,False
2024-05-08,1027,1.5,False
2024-05-08,1028,21.5,False
2024-05-08,1029,3.0,False
2024-05-08,1030,3.5,False
2024-05-08,1031,21.5,False
2024-05-08,1032,41.0,False
2024-05-08,1033,28.5,False
2024-05-08,1034,28.5,False
2024-05-08,1035,19.0,False
2024-05-08,1036,1.5,False
2024-05-08,1037,11.0,False
2024-05-08,1038,1.0,False
2024-05-08,1039,31.0,False
2024-05-08,1040,22.0,False
2024-05-08,1041,4.0,False
2024-05-08,1042,25.0,False
2024-05-08,1043,22.5,False
2024-05-08,1044,51.0,False
2024-05-08,1045,19.0,False
2024-05-08,1046,36.0,False
2024-05-08,1047,59.5,False
2024-05-08,1048,6.0,False
2024-05-08,1049,73.5,False
2024-05-08,1050,12.0,False
2024-05-09,1001,1.5,False
2024-05-09,1002,2.0,False
2024-05-09,1003,28.0,False
2024-05-09,1004,1.5,False
2024-05-09,1005,4.0,False
2024-05-09,1006,4.0,False
2024-05-09,1007,2.0,False
2024-05-09,1008,1.5,False
2024-05-09,1009,3.0,False
2024-05-09,1010,13.5,False
2024-05-09,1011,9.0,False
2024-05-09,1012,2.0,False
2024-05-09,1013,1.5,False
2024-05-09,1014,3.0,False
2024-05-09,1015,1.5,False
2024-05-09,1016,1.5,False
2024-05-09,1017,2.5,False
2024-05-09,1018,1.0,False
2024-05-09,1019,2.0,False
2024-05-09,1020,2.0,False
2024-05-09,1021,2.0,False
2024-05-09,1022,1.5,False
2024-05-09,1023,1.5,False
2024-05-09,1024,2.5,False
2024-05-09,1025,2.5,False
2024-05-09,1026,2.5,False
2024-05-09,1027,6.5,False
2024-05-09,1028,1.5,False
2024-05-09,1029,3.5,False
2024-05-09,1030,5.0,False
2024-05-09,1031,1.0,False
2024-05-09,1032,7.5,False
2024-05-09,1033,3.0,False
2024-05-09,1034,4.0,False
2024-05-09,1035,1.0,False
2024-05-09,1036,6.0,False
2024-05-09,1037,2.0,False
2024-05-09,1038,2.5,False
2024-05-09,1039,2.5,False
2024-05-09,1040,1.0,False
2024-05-09,1041,6.5,False
2024-05-09,1042,13.0,False
2024-05-09,1043,6.0,False
2024-05-09,1044,7.0,False
2024-05-09,1045,3.5,False
2024-05-09,1046,11.5,False
2024-05-09,1047,6.0,False
2024-05-09,1048,1.5,False
2024-05-09,1049,4.0,False
2024-05-09,1050,1.0,False
2024-05-10,1001,21.0,False
2024-05-10,1002,24.5,False
2024-05-10,1003,57.5,False
2024-05-10,1004,24.5,False
2024-05-10,1005,8.0,False
2024-05-10,1006,3.5,False
2024-05-10,1007,25.5,False
2024-05-10,1008,27.0,False
2024-05-10,1009,5.0,False
2024-05-10,1010,35.0,False
2024-05-10,1011,47.0,False
2024-05-10,1012,15.5,False
2024-05-10,1013,28.0,False
2024-05-10,1014,51.5,False
2024-05-10,1015,13.0,False
2024-05-10,1016,18.0,False
2024-05-10,1017,24.0,False
2024-05-10,1018,21.0,False
2024-05-10,1019,11.5,False
2024-05-10,1020,14.5,False
2024-05-10,1021,59.0,False
2024-05-10,1022,11.5,False
2024-05-10,1023,5.5,False
2024-05-10,1024,11.5,False
2024-05-10,1025,29.0,False
2024-05-10,1026,38.5,False
2024-05-10,1027,9.0,False
2024-05-10,1028,27.0,False
2024-05-10,1029,37.5,False
2024-05-10,1030,12.0,False
2024-05-10,1031,8.5,False
2024-05-10,1032,4.5,False
2024-05-10,1033,22.0,False
2024-05-10,1034,2.0,False
2024-05-10,1035,11.5,False
2024-05-10,1036,7.0,False
2024-05-10,1037,32.5,False
2024-05-10,1038,4.5,False
2024-05-10,1039,9.5,False
2024-05-10,1040,12.0,False
2024-05-10,1041,9.5,False
2024-05-10,1042,18.0,False
2024-05-10,1043,10.0,False
2024-05-10,1044,12.5,False
2024-05-10,1045,17.0,False
2024-05-10,1046,44.0,False
2024-05-10,1047,7.0,False
2024-05-10,1048,23.5,False
2024-05-10,1049,7.5,False
2024-05-10,1050,52.0,False
2024-05-11,1001,0.0,False
2024-05-11,1002,0.0,False
2024-05-11,1003,1.0,False
2024-05-11,1004,0.0,False
2024-05-11,1005,0.0,False
2024-05-11,1006,0.0,False
2024-05-11,1007,0.0,False
2024-05-11,1008,0.0,False
2024-05-11,1009,0.0,False
2024-05-11,1010,0.0,False
2024-05-11,1011,0.0,False
2024-05-11,1012,0.0,False
2024-05-11,1013,0.0,False
2024-05-11,1014,0.0,False
2024-05-11,1015,0.0,False
2024-05-11,1016,0.0,False
2024-05-11,1017,0.0,False
2024-05-11,1018,0.0,False
2024-05-11,1019,0.0,False
2024-05-11,1020,0.0,False
2024-05-11,1021,0.0,False
2024-05-11,1022,0.0,False
2024-05-11,1023,0.0,False
2024-05-11,1024,0.0,False
2024-05-11,1025,0.0,False
2024-05-11,1026,0.0,False
2024-05-11,1027,0.0,False
2024-05-11,1028,0.0,False
2024-05-11,1029,0.0,False
2024-05-11,1030,0.0,False
2024-05-11,1031,0.0,False
2024-05-11,1032,0.0,False
2024-05-11,1033,0.0,False
2024-05-11,1034,0.0,False
2024-05-11,1035,0.0,False
2024-05-11,1036,0.0,False
2024-05-11,1037,0.0,False
2024-05-11,1038,0.0,False
2024-05-11,1039,0.0,False
2024-05-11,1040,0.0,False
2024-05-11,1041,0.0,False
2024-05-11,1042,0.0,False
2024-05-11,1043,0.0,False
2024-05-11,1044,0.0,False
2024-05-11,1045,0.0,False
2024-05-11,1046,0.5,False
2024-05-11,1047,0.0,False
2024-05-11,1048,0.5,False
2024-05-11,1049,0.0,False
2024-05-11,1050,0.0,False
2024-05-12,1001,0.0,False
2024-05-12,1002,0.0,False
2024-05-12,1003,0.0,False
2024-05-12,1004,0.0,False
2024-05-12,1005,0.0,False
2024-05-12,1006,0.0,False
2024-05-12,1007,0.0,False
2024-05-12,1008,0.0,False
2024-05-12,1009,0.0,False
2024-05-12,1010,0.0,False
2024-05-12,1011,0.0,False
2024-05-12,1012,0.0,False
2024-05-12,1013,0.0,False
2024-05-12,1014,0.0,False
2024-05-12,1015,0.0,False
2024-05-12,1016,0.0,False
2024-05-12,1017,0.0,False
2024-05-12,1018,0.0,False
2024-05-12,1019,0.0,False
2024-05-12,1020,0.0,False
2024-05-12,1021,0.0,False
2024-05-12,1022,0.0,False
2024-05-12,1023,0.0,False
2024-05-12,1024,0.0,False
2024-05-12,1025,0.0,False
2024-05-12,1026,0.0,False
2024-05-12,1027,0.0,False
2024-05-12,1028,0.0,False
2024-05-12,1029,0.0,False
2024-05-12,1030,0.0,False
2024-05-12,1031,0.0,False
2024-05-12,1032,0.0,False
2024-05-12,1033,0.0,False
2024-05-12,1034,0.0,False
2024-05-12,1035,0.0,False
2024-05-12,1036,0.0,False
2024-05-12,1037,0.0,False
2024-05-12,1038,0.0,False
2024-05-12,1039,0.0,False
2024-05-12,1040,0.0,False
2024-05-12,1041,0.0,False
2024-05-12,1042,0.0,False
2024-05-12,1043,0.0,False
2024-05-12,1044,0.0,False
2024-05-12,1045,0.0,False
2024-05-12,1046,0.0,False
2024-05-12,1047,0.0,False
2024-05-12,1048,0.0,False
2024-05-12,1049,0.0,False
2024-05-12,1050,0.0,False
2024-06-01,1001,0.0,False
2024-06-01,1002,0.0,False
2024-06-01,1003,0.0,False
2024-06-01,1004,0.0,False
2024-06-01,1005,0.0,False
2024-06-01,1006,0.0,False
2024-06-01,1007,0.0,False
2024-06-01,1008,0.0,False
2024-06-01,1009,0.0,False
2024-06-01,1010,0.0,False
2024-06-01,1011,0.0,False
2024-06-01,1012,0.0,False
2024-06-01,1013,0.0,False
2024-06-01,1014,0.0,False
2024-06-01,1015,0.0,False
2024-06-01,1016,0.0,False
2024-06-01,1017,0.0,False
2024-06-01,1018,0.0,False
2024-06-01,1019,0.0,False
2024-06-01,1020,0.0,False
2024-06-01,1021,0.0,False
2024-06-01,1022,0.0,False
2024-06-01,1023,0.0,False
2024-06-01,1024,0.0,False
2024-06-01,1025,0.0,False
2024-06-01,1026,0.0,False
2024-06-01,1027,0.0,False
2024-06-01,1028,0.0,False
2024-06-01,1029,0.0,False
2024-06-01,1030,0.0,False
2024-06-01,1031,0.0,False
2024-06-01,1032,0.0,False
2024-06-01,1033,0.0,False
2024-06-01,1034,0.0,False
2024-06-01,1035,0.0,False
2024-06-01,1036,0.0,False
2024-06-01,1037,0.0,False
2024-06-01,1038,0.0,False
2024-06-01,1039,0.0,False
2024-06-01,1040,0.0,False
2024-06-01,1041,0.0,False
2024-06-01,1042,0.0,False
2024-06-01,1043,0.0,False
2024-06-01,1044,0.0,False
2024-06-01,1045,0.0,False
2024-06-01,1046,0.0,False
2024-06-01,1047,0.0,False
2024-06-01,1048,0.0,False
2024-06-01,1049,0.0,False
2024-06-01,1050,0.0,False
2024-06-02,1001,0.0,False
2024-06-02,1002,0.0,False
2024-06-02,1003,0.0,False
2024-06-02,1004,0.0,False
2024-06-02,1005,0.0,False
2024-06-02,1006,0.0,False
2024-06-02,1007,0.0,False
2024-06-02,1008,0.0,False
2024-06-02,1009,0.0,False
2024-06-02,1010,0.0,False
2024-06-02,1011,0.0,False
2024-06-02,1012,0.0,False
2024-06-02,1013,0.0,False
2024-06-02,1014,0.0,False
2024-06-02,1015,0.0,False
2024-06-02,1016,0.0,False
2024-06-02,1017,0.0,False
2024-06-02,1018,0.0,False
2024-06-02,1019,0.0,False
2024-06-02,1020,0.0,False
2024-06-02,1021,0.0,False
2024-06-02,1022,0.0,False
2024-06-02,1023,0.0,False
2024-06-02,1024,0.0,False
2024-06-02,1025,0.0,False
2024-06-02,1026,0.0,False
2024-06-02,1027,0.0,False
2024-06-02,1028,0.0,False
2024-06-02,1029,0.0,False
2024-06-02,1030,0.0,False
2024-06-02,1031,0.0,False
2024-06-02,1032,0.0,False
2024-06-02,1033,0.0,False
2024-06-02,1034,0.0,False
2024-06-02,1035,0.0,False
2024-06-02,1036,0.0,False
2024-06-02,1037,0.0,False
2024-06-02,1038,0.0,False
2024-06-02,1039,0.0,False
2024-06-02,1040,0.0,False
2024-06-02,1041,0.0,False
2024-06-02,1042,0.0,False
2024-06-02,1043,0.0,False
2024-06-02,1044,0.0,False
2024-06-02,1045,0.0,False
2024-06-02,1046,0.0,False
2024-06-02,1047,0.0,False
2024-06-02,1048,0.0,False
2024-06-02,1049,0.0,False
2024-06-02,1050,0.0,False
2024-06-03,1001,0.5,False
2024-06-03,1002,0.0,False
2024-06-03,1003,0.0,False
2024-06-03,1004,0.0,False
2024-06-03,1005,0.0,False
2024-06-03,1006,0.0,False
2024-06-03,1007,0.0,False
2024-06-03,1008,0.0,False
2024-06-03,1009,0.0,False
2024-06-03,1010,0.0,False
2024-06-03,1011,0.0,False
2024-06-03,1012,0.0,False
2024-06-03,1013,0.0,False
2024-06-03,1014,0.0,False
2024-06-03,1015,0.0,False
2024-06-03,1016,0.0,False
2024-06-03,1017,0.0,False
2024-06-03,1018,0.0,False
2024-06-03,1019,0.0,False
2024-06-03,1020,0.0,False
2024-06-03,1021,0.0,False
2024-06-03,1022,0.0,False
2024-06-03,1023,0.0,False
2024-06-03,1024,0.0,False
2024-06-03,1025,0.0,False
2024-06-03,1026,0.0,False
2024-06-03,1027,0.0,False
2024-06-03,1028,0.0,False
2024-06-03,1029,0.0,False
2024-06-03,1030,0.0,False
2024-06-03,1031,0.0,False
2024-06-03,1032,0.0,False
2024-06-03,1033,0.0,False
2024-06-03,1034,0.0,False
2024-06-03,1035,0.0,False
2024-06-03,1036,0.0,False
2024-06-03,1037,0.0,False
2024-06-03,1038,0.0,False
2024-06-03,1039,0.0,False
2024-06-03,1040,0.0,False
2024-06-03,1041,0.0,False
2024-06-03,1042,0.0,False
2024-06-03,1043,0.0,False
2024-06-03,1044,0.0,False
2024-06-03,1045,0.0,False
2024-06-03,1046,0.0,False
2024-06-03,1047,0.0,False
2024-06-03,1048,0.0,False
2024-06-03,1049,0.0,False
2024-06-03,1050,0.0,False
2024-06-04,1001,0.0,False
2024-06-04,1002,0.0,False
2024-06-04,1003,0.0,False
2024-06-04,1004,0.0,False
2024-06-04,1005,0.0,False
2024-06-04,1006,0.0,False
2024-06-04,1007,0.0,False
2024-06-04,1008,0.0,False
2024-06-04,1009,0.0,False
2024-06-04,1010,0.0,False
2024-06-04,1011,0.0,False
2024-06-04,1012,0.0,False
2024-06-04,1013,0.0,False
2024-06-04,1014,0.0,False
2024-06-04,1015,0.0,False
2024-06-04,1016,0.0,False
2024-06-04,1017,0.0,False
2024-06-04,1018,0.0,False
2024-06-04,1019,0.0,False
2024-06-04,1020,0.0,False
2024-06-04,1021,0.0,False
2024-06-04,1022,0.0,False
2024-06-04,1023,0.0,False
2024-06-04,1024,0.0,False
2024-06-04,1025,0.0,False
2024-06-04,1026,0.0,False
2024-06-04,1027,0.0,False
2024-06-04,1028,0.0,False
2024-06-04,1029,0.0,False
2024-06-04,1030,0.0,False
2024-06-04,1031,0.0,False
2024-06-04,1032,0.0,False
2024-06-04,1033,0.0,False
2024-06-04,1034,0.0,False
2024-06-04,1035,0.0,False
2024-06-04,1036,0.0,False
2024-06-04,1037,0.0,False
2024-06-04,1038,0.0,False
2024-06-04,1039,0.0,False
2024-06-04,1040,0.5,False
2024-06-04,1041,0.0,False
2024-06-04,1042,0.0,False
2024-06-04,1043,0.0,False
2024-06-04,1044,0.0,False
2024-06-04,1045,0.0,False
2024-06-04,1046,0.0,False
2024-06-04,1047,0.0,False
2024-06-04,1048,0.0,False
2024-06-04,1049,0.0,False
2024-06-04,1050,0.0,False
2024-06-05,1001,0.0,False
2024-06-05,1002,0.0,False
2024-06-05,1003,11.0,False
2024-06-05,1004,0.0,False
2024-06-05,1005,0.0,False
2024-06-05,1006,0.0,False
2024-06-05,1007,0.0,False
2024-06-05,1008,0.0,False
2024-06-05,1009,0.0,False
2024-06-05,1010,0.0,False
2024-06-05,1011,0.0,False
2024-06-05,1012,0.0,False
2024-06-05,1013,0.0,False
2024-06-05,1014,0.0,False
2024-06-05,1015,0.0,False
2024-06-05,1016,0.0,False
2024-06-05,1017,0.0,False
2024-06-05,1018,0.0,False
2024-06-05,1019,0.0,False
2024-06-05,1020,0.0,False
2024-06-05,1021,0.0,False
2024-06-05,1022,0.0,False
2024-06-05,1023,0.0,False
2024-06-05,1024,0.0,False
2024-06-05,1025,0.0,False
2024-06-05,1026,0.0,False
2024-06-05,1027,0.0,False
2024-06-05,1028,0.0,False
2024-06-05,1029,0.0,False
2024-06-05,1030,0.0,False
2024-06-05,1031,0.0,False
2024-06-05,1032,0.0,False
2024-06-05,1033,0.0,False
2024-06-05,1034,0.0,False
2024-06-05,1035,0.0,False
2024-06-05,1036,0.0,False
2024-06-05,1037,0.0,False
2024-06-05,1038,0.0,False
2024-06-05,1039,0.0,False
2024-06-05,1040,0.0,False
2024-06-05,1041,0.0,False
2024-06-05,1042,0.0,False
2024-06-05,1043,0.0,False
2024-06-05,1044,0.0,False
2024-06-05,1045,0.0,False
2024-06-05,1046,0.0,False
2024-06-05,1047,0.0,False
2024-06-05,1048,0.0,False
2024-06-05,1049,0.0,False
2024-06-05,1050,0.0,False
2024-06-06,1001,0.0,False
2024-06-06,1002,0.0,False
2024-06-06,1003,52.5,False
2024-06-06,1004,0.0,False
2024-06-06,1005,5.5,False
2024-06-06,1006,4.5,False
2024-06-06,1007,0.0,False
2024-06-06,1008,0.0,False
2024-06-06,1009,3.5,False
2024-06-06,1010,48.0,False
2024-06-06,1011,33.5,False
2024-06-06,1012,0.5,False
2024-06-06,1013,0.0,False
2024-06-06,1014,0.0,False
2024-06-06,1015,0.0,False
2024-06-06,1016,0.0,False
2024-06-06,1017,0.0,False
2024-06-06,1018,0.5,False
2024-06-06,1019,0.0,False
2024-06-06,1020,0.0,False
2024-06-06,1021,0.0,False
2024-06-06,1022,0.0,False
2024-06-06,1023,0.0,False
2024-06-06,1024,0.0,False
2024-06-06,1025,0.0,False
2024-06-06,1026,0.0,False
2024-06-06,1027,6.0,False
2024-06-06,1028,0.0,False
2024-06-06,1029,0.0,False
2024-06-06,1030,0.0,False
2024-06-06,1031,0.5,False
2024-06-06,1032,19.5,False
2024-06-06,1033,0.5,False
2024-06-06,1034,10.5,False
2024-06-06,1035,0.5,False
2024-06-06,1036,13.0,False
2024-06-06,1037,0.0,False
2024-06-06,1038,0.0,False
2024-06-06,1039,0.5,False
2024-06-06,1040,0.5,False
2024-06-06,1041,14.0,False
2024-06-06,1042,27.5,False
2024-06-06,1043,0.0,False
2024-06-06,1044,16.0,False
2024-06-06,1045,0.5,False
2024-06-06,1046,19.0,False
2024-06-06,1047,8.0,False
2024-06-06,1048,0.0,False
2024-06-06,1049,0.0,False
2024-06-06,1050,0.0,False
2024-06-07,1001,17.0,False
2024-06-07,1002,10.5,False
2024-06-07,1003,38.0,False
2024-06-07,1004,11.5,False
2024-06-07,1005,11.5,False
2024-06-07,1006,9.5,False
2024-06-07,1007,16.5,False
2024-06-07,1008,18.5,False
2024-06-07,1009,16.0,False
2024-06-07,1010,3.0,False
2024-06-07,1011,0.5,False
2024-06-07,1012,7.0,False
2024-06-07,1013,10.0,False
2024-06-07,1014,13.0,False
2024-06-07,1015,10.0,False
2024-06-07,1016,8.0,False
2024-06-07,1017,11.0,False
2024-06-07,1018,9.0,False
2024-06-07,1019,15.0,False
2024-06-07,1020,19.0,False
2024-06-07,1021,5.0,False
2024-06-07,1022,9.5,False
2024-06-07,1023,8.0,False
2024-06-07,1024,6.5,False
2024-06-07,1025,17.5,False
2024-06-07,1026,10.0,False
2024-06-07,1027,13.5,False
2024-06-07,1028,7.5,False
2024-06-07,1029,12.0,False
2024-06-07,1030,23.5,False
2024-06-07,1031,8.5,False
2024-06-07,1032,2.5,False
2024-06-07,1033,18.0,False
2024-06-07,1034,7.5,False
2024-06-07,1035,9.0,False
2024-06-07,1036,1.5,False
2024-06-07,1037,21.5,False
2024-06-07,1038,16.5,False
2024-06-07,1039,12.5,False
2024-06-07,1040,9.5,False
2024-06-07,1041,2.5,False
2024-06-07,1042,79.0,False
2024-06-07,1043,23.0,False
2024-06-07,1044,5.5,False
2024-06-07,1045,8.5,False
2024-06-07,1046,37.5,False
2024-06-07,1047,5.5,False
2024-06-07,1048,6.0,False
2024-06-07,1049,4.5,False
2024-06-07,1050,7.0,False
2024-06-08,1001,18.0,False
2024-06-08,1002,9.5,False
2024-06-08,1003,30.0,False
2024-06-08,1004,10.0,False
2024-06-08,1005,1.5,False
2024-06-08,1006,3.0,False
2024-06-08,1007,4.0,False
2024-06-08,1008,15.5,False
2024-06-08,1009,3.0,False
2024-06-08,1010,11.0,False
2024-06-08,1011,35.0,False
2024-06-08,1012,2.5,False
2024-06-08,1013,10.0,False
2024-06-08,1014,6.0,False
2024-06-08,1015,13.5,False
2024-06-08,1016,15.0,False
2024-06-08,1017,2.5,False
2024-06-08,1018,9.5,False
2024-06-08,1019,18.0,False
2024-06-08,1020,22.5,False
2024-06-08,1021,3.5,False
2024-06-08,1022,29.0,False
2024-06-08,1023,24.0,False
2024-06-08,1024,3.0,False
2024-06-08,1025,3.5,False
2024-06-08,1026,3.0,False
2024-06-08,1027,1.0,False
2024-06-08,1028,4.0,False
2024-06-08,1029,2.5,False
2024-06-08,1030,1.5,False
2024-06-08,1031,2.5,False
2024-06-08,1032,4.5,False
2024-06-08,1033,3.0,False
2024-06-08,1034,4.0,False
2024-06-08,1035,4.0,False
2024-06-08,1036,1.0,False
2024-06-08,1037,4.0,False
2024-06-08,1038,0.0,False
2024-06-08,1039,2.0,False
2024-06-08,1040,23.5,False
2024-06-08,1041,1.5,False
2024-06-08,1042,3.5,False
2024-06-08,1043,2.5,False
2024-06-08,1044,5.0,False
2024-06-08,1045,2.0,False
2024-06-08,1046,5.0,False
2024-06-08,1047,4.5,False
2024-06-08,1048,28.5,False
2024-06-08,1049,4.0,False
2024-06-08,1050,3.0,False
2024-06-09,1001,1.0,False
2024-06-09,1002,0.0,False
2024-06-09,1003,0.5,False
2024-06-09,1004,0.5,False
2024-06-09,1005,0.0,False
2024-06-09,1006,0.0,False
2024-06-09,1007,0.0,False
2024-06-09,1008,0.0,False
2024-06-09,1009,1.0,False
2024-06-09,1010,0.5,False
2024-06-09,1011,0.0,False
2024-06-09,1012,1.0,False
2024-06-09,1013,0.0,False
2024-06-09,1014,0.0,False
2024-06-09,1015,2.5,False
2024-06-09,1016,2.0,False
2024-06-09,1017,0.0,False
2024-06-09,1018,2.0,False
2024-06-09,1019,1.0,False
2024-06-09,1020,2.0,False
2024-06-09,1021,10.5,False
2024-06-09,1022,5.5,False
2024-06-09,1023,7.0,False
2024-06-09,1024,2.0,False
2024-06-09,1025,0.0,False
2024-06-09,1026,0.0,False
2024-06-09,1027,0.0,False
2024-06-09,1028,1.5,False
2024-06-09,1029,0.0,False
2024-06-09,1030,0.0,False
2024-06-09,1031,2.0,False
2024-06-09,1032,0.0,False
2024-06-09,1033,0.5,False
2024-06-09,1034,0.0,False
2024-06-09,1035,7.0,False
2024-06-09,1036,0.0,False
2024-06-09,1037,0.0,False
2024-06-09,1038,0.0,False
2024-06-09,1039,0.0,False
2024-06-09,1040,5.0,False
2024-06-09,1041,0.0,False
2024-06-09,1042,0.0,False
2024-06-09,1043,0.0,False
2024-06-09,1044,0.0,False
2024-06-09,1045,0.0,False
2024-06-09,1046,0.0,False
2024-06-09,1047,0.5,False
2024-06-09,1048,3.5,False
2024-06-09,1049,18.0,False
2024-06-09,1050,1.5,False
2024-06-10,1001,0.0,False
2024-06-10,1002,0.0,False
2024-06-10,1003,0.5,False
2024-06-10,1004,1.0,False
2024-06-10,1005,0.5,False
2024-06-10,1006,0.5,False
2024-06-10,1007,0.0,False
2024-06-10,1008,0.5,False
2024-06-10,1009,0.5,False
2024-06-10,1010,0.5,False
2024-06-10,1011,0.0,False
2024-06-10,1012,5.5,False
2024-06-10,1013,0.5,False
2024-06-10,1014,0.0,False
2024-06-10,1015,2.5,False
2024-06-10,1016,0.5,False
2024-06-10,1017,0.0,False
2024-06-10,1018,1.0,False
2024-06-10,1019,0.5,False
2024-06-10,1020,0.0,False
2024-06-10,1021,13.0,False
2024-06-10,1022,1.0,False
2024-06-10,1023,0.0,False
2024-06-10,1024,5.0,False
2024-06-10,1025,0.5,False
2024-06-10,1026,0.5,False
2024-06-10,1027,0.5,False
2024-06-10,1028,1.5,False
2024-06-10,1029,0.5,False
2024-06-10,1030,0.5,False
2024-06-10,1031,1.0,False
2024-06-10,1032,0.5,False
2024-06-10,1033,0.5,False
2024-06-10,1034,0.0,False
2024-06-10,1035,1.0,False
2024-06-10,1036,0.0,False
2024-06-10,1037,0.0,False
2024-06-10,1038,0.0,False
2024-06-10,1039,0.0,False
2024-06-10,1040,0.5,False
2024-06-10,1041,0.0,False
2024-06-10,1042,0.5,False
2024-06-10,1043,0.0,False
2024-06-10,1044,0.0,False
2024-06-10,1045,0.5,False
2024-06-10,1046,0.0,False
2024-06-10,1047,1.0,False
2024-06-10,1048,0.0,False
2024-06-10,1049,2.0,False
2024-06-10,1050,4.5,False
2024-06-11,1001,28.5,False
2024-06-11,1002,8.5,False
2024-06-11,1003,0.0,False
2024-06-11,1004,1.0,False
2024-06-11,1005,4.0,False
2024-06-11,1006,3.5,False
2024-06-11,1007,16.5,False
2024-06-11,1008,14.0,False
2024-06-11,1009,0.0,False
2024-06-11,1010,0.0,False
2024-06-11,1011,0.0,False
2024-06-11,1012,0.0,False
2024-06-11,1013,23.5,False
2024-06-11,1014,4.0,False
2024-06-11,1015,10.0,False
2024-06-11,1016,33.5,False
2024-06-11,1017,10.5,False
2024-06-11,1018,2.0,False
2024-06-11,1019,19.0,False
2024-06-11,1020,33.5,False
2024-06-11,1021,36.5,False
2024-06-11,1022,22.5,False
2024-06-11,1023,12.0,False
2024-06-11,1024,0.0,False
2024-06-11,1025,3.5,False
2024-06-11,1026,3.5,False
2024-06-11,1027,0.0,False
2024-06-11,1028,0.0,False
2024-06-11,1029,3.5,False
2024-06-11,1030,4.0,False
2024-06-11,1031,0.0,False
2024-06-11,1032,0.0,False
2024-06-11,1033,0.0,False
2024-06-11,1034,8.0,False
2024-06-11,1035,3.5,False
2024-06-11,1036,1.0,False
2024-06-11,1037,6.5,False
2024-06-11,1038,0.0,False
2024-06-11,1039,3.0,False
2024-06-11,1040,23.0,False
2024-06-11,1041,0.5,False
2024-06-11,1042,10.5,False
2024-06-11,1043,0.0,False
2024-06-11,1044,0.5,False
2024-06-11,1045,6.0,False
2024-06-11,1046,0.0,False
2024-06-11,1047,0.0,False
2024-06-11,1048,6.5,False
2024-06-11,1049,0.0,False
2024-06-11,1050,33.5,False
2024-06-12,1001,0.0,False
2024-06-12,1002,0.0,False
2024-06-12,1003,0.0,False
2024-06-12,1004,0.0,False
2024-06-12,1005,0.0,False
2024-06-12,1006,0.0,False
2024-06-12,1007,0.0,False
2024-06-12,1008,0.0,False
2024-06-12,1009,0.0,False
2024-06-12,1010,0.0,False
2024-06-12,1011,0.0,False
2024-06-12,1012,0.0,False
2024-06-12,1013,0.0,False
2024-06-12,1014,0.0,False
2024-06-12,1015,0.0,False
2024-06-12,1016,0.0,False
2024-06-12,1017,0.0,False
2024-06-12,1018,0.0,False
2024-06-12,1019,0.0,False
2024-06-12,1020,0.0,False
2024-06-12,1021,0.0,False
2024-06-12,1022,0.0,False
2024-06-12,1023,0.0,False
2024-06-12,1024,0.0,False
2024-06-12,1025,0.0,False
2024-06-12,1026,0.0,False
2024-06-12,1027,0.0,False
2024-06-12,1028,0.0,False
2024-06-12,1029,0.0,False
2024-06-12,1030,0.0,False
2024-06-12,1031,0.0,False
2024-06-12,1032,0.0,False
2024-06-12,1033,0.0,False
2024-06-12,1034,0.0,False
2024-06-12,1035,0.0,False
2024-06-12,1036,0.0,False
2024-06-12,1037,0.0,False
2024-06-12,1038,0.0,False
2024-06-12,1039,0.0,False
2024-06-12,1040,0.0,False
2024-06-12,1041,0.0,False
2024-06-12,1042,0.0,False
2024-06-12,1043,0.0,False
2024-06-12,1044,0.0,False
2024-06-12,1045,0.0,False
2024-06-12,1046,0.0,False
2024-06-12,1047,0.0,False
2024-06-12,1048,0.0,False
2024-06-12,1049,0.0,False
2024-06-12,1050,0.0,False
2024-07-01,1001,0.0,False
2024-07-01,1002,0.0,False
2024-07-01,1003,0.0,False
2024-07-01,1004,0.0,False
2024-07-01,1005,0.0,False
2024-07-01,1006,0.0,False
2024-07-01,1007,0.0,False
2024-07-01,1008,0.0,False
2024-07-01,1009,0.0,False
2024-07-01,1010,0.0,False
2024-07-01,1011,0.0,False
2024-07-01,1012,0.0,False
2024-07-01,1013,0.0,False
2024-07-01,1014,0.0,False
2024-07-01,1015,0.0,False
2024-07-01,1016,0.0,False
2024-07-01,1017,0.0,False
2024-07-01,1018,0.0,False
2024-07-01,1019,0.0,False
2024-07-01,1020,0.0,False
2024-07-01,1021,0.0,False
2024-07-01,1022,0.0,False
2024-07-01,1023,0.0,False
2024-07-01,1024,0.0,False
2024-07-01,1025,0.0,False
2024-07-01,1026,0.0,False
2024-07-01,1027,0.0,False
2024-07-01,1028,0.0,False
2024-07-01,1029,0.0,False
2024-07-01,1030,0.0,False
2024-07-01,1031,0.0,False
2024-07-01,1032,0.0,False
2024-07-01,1033,0.0,False
2024-07-01,1034,0.0,False
2024-07-01,1035,0.0,False
2024-07-01,1036,0.0,False
2024-07-01,1037,0.0,False
2024-07-01,1038,0.0,False
2024-07-01,1039,0.0,False
2024-07-01,1040,0.0,False
2024-07-01,1041,0.0,False
2024-07-01,1042,0.0,False
2024-07-01,1043,0.0,False
2024-07-01,1044,0.0,False
2024-07-01,1045,0.0,False
2024-07-01,1046,0.0,False
2024-07-01,1047,0.0,False
2024-07-01,1048,0.0,False
2024-07-01,1049,0.0,False
2024-07-01,1050,0.0,False
2024-07-02,1001,0.0,False
2024-07-02,1002,0.0,False
2024-07-02,1003,0.5,False
2024-07-02,1004,0.0,False
2024-07-02,1005,0.0,False
2024-07-02,1006,0.0,False
2024-07-02,1007,0.0,False
2024-07-02,1008,0.0,False
2024-07-02,1009,0.0,False
2024-07-02,1010,0.0,False
2024-07-02,1011,0.0,False
2024-07-02,1012,0.0,False
2024-07-02,1013,0.0,False
2024-07-02,1014,0.0,False
2024-07-02,1015,0.0,False
2024-07-02,1016,0.0,False
2024-07-02,1017,0.0,False
2024-07-02,1018,0.0,False
2024-07-02,1019,0.0,False
2024-07-02,1020,0.0,False
2024-07-02,1021,0.0,False
2024-07-02,1022,0.0,False
2024-07-02,1023,0.0,False
2024-07-02,1024,0.0,False
2024-07-02,1025,0.0,False
2024-07-02,1026,0.0,False
2024-07-02,1027,0.0,False
2024-07-02,1028,0.0,False
2024-07-02,1029,0.0,False
2024-07-02,1030,0.0,False
2024-07-02,1031,0.0,False
2024-07-02,1032,0.0,False
2024-07-02,1033,0.0,False
2024-07-02,1034,0.0,False
2024-07-02,1035,0.0,False
2024-07-02,1036,0.0,False
2024-07-02,1037,0.0,False
2024-07-02,1038,0.0,False
2024-07-02,1039,0.0,False
2024-07-02,1040,0.0,False
2024-07-02,1041,0.0,False
2024-07-02,1042,0.0,False
2024-07-02,1043,0.0,False
2024-07-02,1044,0.0,False
2024-07-02,1045,0.0,False
2024-07-02,1046,0.0,False
2024-07-02,1047,0.0,False
2024-07-02,1048,0.0,False
2024-07-02,1049,0.0,False
2024-07-02,1050,0.0,False
2024-07-03,1001,0.0,False
2024-07-03,1002,0.0,False
2024-07-03,1003,0.0,False
2024-07-03,1004,0.0,False
2024-07-03,1005,0.0,False
2024-07-03,1006,0.0,False
2024-07-03,1007,0.0,False
2024-07-03,1008,0.0,False
2024-07-03,1009,0.0,False
2024-07-03,1010,0.0,False
2024-07-03,1011,0.0,False
2024-07-03,1012,0.0,False
2024-07-03,1013,0.0,False
2024-07-03,1014,0.0,False
2024-07-03,1015,0.0,False
2024-07-03,1016,0.0,False
2024-07-03,1017,0.0,False
2024-07-03,1018,0.0,False
2024-07-03,1019,0.0,False
2024-07-03,1020,0.0,False
2024-07-03,1021,0.0,False
2024-07-03,1022,0.0,False
2024-07-03,1023,0.0,False
2024-07-03,1024,0.0,False
2024-07-03,1025,0.0,False
2024-07-03,1026,0.0,False
2024-07-03,1027,0.0,False
2024-07-03,1028,0.0,False
2024-07-03,1029,0.0,False
2024-07-03,1030,0.0,False
2024-07-03,1031,0.0,False
2024-07-03,1032,0.0,False
2024-07-03,1033,0.0,False
2024-07-03,1034,0.0,False
2024-07-03,1035,0.0,False
2024-07-03,1036,0.0,False
2024-07-03,1037,0.0,False
2024-07-03,1038,0.0,False
2024-07-03,1039,0.0,False
2024-07-03,1040,0.5,False
2024-07-03,1041,0.0,False
2024-07-03,1042,0.0,False
2024-07-03,1043,0.0,False
2024-07-03,1044,0.0,False
2024-07-03,1045,0.0,False
2024-07-03,1046,0.0,False
2024-07-03,1047,0.0,False
2024-07-03,1048,0.0,False
2024-07-03,1049,0.0,False
2024-07-03,1050,0.0,False
2024-07-04,1001,0.0,False
2024-07-04,1002,0.0,False
2024-07-04,1003,0.0,False
2024-07-04,1004,0.0,False
2024-07-04,1005,0.0,False
2024-07-04,1006,0.0,False
2024-07-04,1007,0.0,False
2024-07-04,1008,0.0,False
2024-07-04,1009,0.0,False
2024-07-04,1010,0.0,False
2024-07-04,1011,0.0,False
2024-07-04,1012,0.0,False
2024-07-04,1013,0.0,False
2024-07-04,1014,0.0,False
2024-07-04,1015,0.0,False
2024-07-04,1016,0.0,False
2024-07-04,1017,0.0,False
2024-07-04,1018,0.0,False
2024-07-04,1019,0.0,False
2024-07-04,1020,0.0,False
2024-07-04,1021,0.0,False
2024-07-04,1022,0.0,False
2024-07-04,1023,0.0,False
2024-07-04,1024,0.0,False
2024-07-04,1025,0.0,False
2024-07-04,1026,0.0,False
2024-07-04,1027,0.0,False
2024-07-04,1028,0.0,False
2024-07-04,1029,0.0,False
2024-07-04,1030,0.0,False
2024-07-04,1031,0.0,False
2024-07-04,1032,0.0,False
2024-07-04,1033,0.0,False
2024-07-04,1034,0.0,False
2024-07-04,1035,0.0,False
2024-07-04,1036,0.0,False
2024-07-04,1037,0.0,False
2024-07-04,1038,0.0,False
2024-07-04,1039,0.0,False
2024-07-04,1040,0.0,False
2024-07-04,1041,0.0,False
2024-07-04,1042,0.0,False
2024-07-04,1043,0.0,False
2024-07-04,1044,0.0,False
2024-07-04,1045,0.0,False
2024-07-04,1046,0.0,False
2024-07-04,1047,0.0,False
2024-07-04,1048,0.0,False
2024-07-04,1049,0.0,False
2024-07-04,1050,0.0,False
2024-07-05,1001,0.0,False
2024-07-05,1002,0.0,False
2024-07-05,1003,0.0,False
2024-07-05,1004,0.0,False
2024-07-05,1005,0.0,False
2024-07-05,1006,0.0,False
2024-07-05,1007,0.0,False
2024-07-05,1008,0.0,False
2024-07-05,1009,0.0,False
2024-07-05,1010,0.0,False
2024-07-05,1011,0.0,False
2024-07-05,1012,0.0,False
2024-07-05,1013,0.0,False
2024-07-05,1014,0.0,False
2024-07-05,1015,0.0,False
2024-07-05,1016,0.0,False
2024-07-05,1017,0.0,False
2024-07-05,1018,0.0,False
2024-07-05,1019,0.0,False
2024-07-05,1020,0.0,False
2024-07-05,1021,0.0,False
2024-07-05,1022,0.0,False
2024-07-05,1023,0.0,False
2024-07-05,1024,0.0,False
2024-07-05,1025,0.0,False
2024-07-05,1026,0.0,False
2024-07-05,1027,0.0,False
2024-07-05,1028,0.0,False
2024-07-05,1029,0.0,False
2024-07-05,1030,0.0,False
2024-07-05,1031,0.0,False
2024-07-05,1032,0.0,False
2024-07-05,1033,0.0,False
2024-07-05,1034,0.0,False
2024-07-05,1035,0.0,False
2024-07-05,1036,0.0,False
2024-07-05,1037,0.0,False
2024-07-05,1038,0.0,False
2024-07-05,1039,0.0,False
2024-07-05,1040,0.0,False
2024-07-05,1041,0.0,False
2024-07-05,1042,0.0,False
2024-07-05,1043,0.0,False
2024-07-05,1044,0.0,False
2024-07-05,1045,0.0,False
2024-07-05,1046,0.0,False
2024-07-05,1047,0.0,False
2024-07-05,1048,0.5,False
2024-07-05,1049,0.0,False
2024-07-05,1050,0.0,False
2024-07-06,1001,6.0,False
2024-07-06,1002,5.0,False
2024-07-06,1003,14.5,False
2024-07-06,1004,0.0,False
2024-07-06,1005,0.5,False
2024-07-06,1006,7.0,False
2024-07-06,1007,0.0,False
2024-07-06,1008,2.5,False
2024-07-06,1009,0.0,False
2024-07-06,1010,20.5,False
2024-07-06,1011,2.0,False
2024-07-06,1012,0.0,False
2024-07-06,1013,0.0,False
2024-07-06,1014,6.0,False
2024-07-06,1015,0.0,False
2024-07-06,1016,0.0,False
2024-07-06,1017,4.0,False
2024-07-06,1018,0.0,False
2024-07-06,1019,6.0,False
2024-07-06,1020,0.0,False
2024-07-06,1021,0.0,False
2024-07-06,1022,0.0,False
2024-07-06,1023,0.0,False
2024-07-06,1024,0.0,False
2024-07-06,1025,4.0,False
2024-07-06,1026,7.0,False
2024-07-06,1027,7.0,False
2024-07-06,1028,0.0,False
2024-07-06,1029,5.0,False
2024-07-06,1030,4.0,False
2024-07-06,1031,0.0,False
2024-07-06,1032,0.0,False
2024-07-06,1033,0.5,False
2024-07-06,1034,0.0,False
2024-07-06,1035,0.0,False
2024-07-06,1036,0.0,False
2024-07-06,1037,3.5,False
2024-07-06,1038,2.5,False
2024-07-06,1039,6.0,False
2024-07-06,1040,0.0,False
2024-07-06,1041,0.5,False
2024-07-06,1042,8.5,False
2024-07-06,1043,5.0,False
2024-07-06,1044,12.5,False
2024-07-06,1045,9.0,False
2024-07-06,1046,13.0,False
2024-07-06,1047,0.0,False
2024-07-06,1048,0.0,False
2024-07-06,1049,0.0,False
2024-07-06,1050,0.0,False
2024-07-07,1001,0.0,False
2024-07-07,1002,0.0,False
2024-07-07,1003,14.0,False
2024-07-07,1004,0.0,False
2024-07-07,1005,0.5,False
2024-07-07,1006,0.0,False
2024-07-07,1007,0.0,False
2024-07-07,1008,0.0,False
2024-07-07,1009,0.0,False
2024-07-07,1010,0.0,False
2024-07-07,1011,7.5,False
2024-07-07,1012,0.0,False
2024-07-07,1013,0.0,False
2024-07-07,1014,0.0,False
2024-07-07,1015,0.0,False
2024-07-07,1016,0.0,False
2024-07-07,1017,0.0,False
2024-07-07,1018,0.0,False
2024-07-07,1019,0.0,False
2024-07-07,1020,0.0,False
2024-07-07,1021,0.0,False
2024-07-07,1022,0.0,False
2024-07-07,1023,0.0,False
2024-07-07,1024,0.0,False
2024-07-07,1025,0.0,False
2024-07-07,1026,0.0,False
2024-07-07,1027,0.0,False
2024-07-07,1028,0.0,False
2024-07-07,1029,0.0,False
2024-07-07,1030,13.5,False
2024-07-07,1031,0.0,False
2024-07-07,1032,1.5,False
2024-07-07,1033,0.0,False
2024-07-07,1034,0.5,False
2024-07-07,1035,0.0,False
2024-07-07,1036,0.0,False
2024-07-07,1037,0.0,False
2024-07-07,1038,0.0,False
2024-07-07,1039,0.0,False
2024-07-07,1040,0.0,False
2024-07-07,1041,0.0,False
2024-07-07,1042,19.0,False
2024-07-07,1043,0.0,False
2024-07-07,1044,0.0,False
2024-07-07,1045,0.0,False
2024-07-07,1046,1.0,False
2024-07-07,1047,0.0,False
2024-07-07,1048,0.0,False
2024-07-07,1049,0.0,False
2024-07-07,1050,0.0,False
2024-07-08,1001,15.5,False
2024-07-08,1002,15.5,False
2024-07-08,1003,23.0,False
2024-07-08,1004,18.0,False
2024-07-08,1005,62.5,False
2024-07-08,1006,30.5,False
2024-07-08,1007,57.5,False
2024-07-08,1008,18.5,False
2024-07-08,1009,59.0,False
2024-07-08,1010,47.5,False
2024-07-08,1011,43.5,False
2024-07-08,1012,5.5,False
2024-07-08,1013,16.5,False
2024-07-08,1014,55.5,False
2024-07-08,1015,7.0,False
2024-07-08,1016,1.0,False
2024-07-08,1017,89.0,False
2024-07-08,1018,14.0,False
2024-07-08,1019,17.5,False
2024-07-08,1020,4.0,False
2024-07-08,1021,0.5,False
2024-07-08,1022,6.5,False
2024-07-08,1023,8.5,False
2024-07-08,1024,7.0,False
2024-07-08,1025,7.0,False
2024-07-08,1026,54.0,False
2024-07-08,1027,31.0,False
2024-07-08,1028,12.5,False
2024-07-08,1029,40.0,False
2024-07-08,1030,87.5,False
2024-07-08,1031,12.5,False
2024-07-08,1032,54.0,False
2024-07-08,1033,70.5,False
2024-07-08,1034,43.0,False
2024-07-08,1035,0.0,False
2024-07-08,1036,33.5,False
2024-07-08,1037,59.5,False
2024-07-08,1038,47.5,False
2024-07-08,1039,55.5,False
2024-07-08,1040,26.0,False
2024-07-08,1041,51.0,False
2024-07-08,1042,47.0,False
2024-07-08,1043,50.0,False
2024-07-08,1044,38.5,False
2024-07-08,1045,89.5,False
2024-07-08,1046,60.5,False
2024-07-08,1047,72.5,False
2024-07-08,1048,22.0,False
2024-07-08,1049,2.5,False
2024-07-08,1050,0.5,False
2024-07-09,1001,0.0,False
2024-07-09,1002,0.0,False
2024-07-09,1003,0.0,False
2024-07-09,1004,0.0,False
2024-07-09,1005,0.0,False
2024-07-09,1006,0.0,False
2024-07-09,1007,0.0,False
2024-07-09,1008,0.0,False
2024-07-09,1009,0.0,False
2024-07-09,1010,0.0,False
2024-07-09,1011,0.0,False
2024-07-09,1012,0.0,False
2024-07-09,1013,0.0,False
2024-07-09,1014,0.0,False
2024-07-09,1015,0.0,False
2024-07-09,1016,0.0,False
2024-07-09,1017,0.0,False
2024-07-09,1018,0.0,False
2024-07-09,1019,0.0,False
2024-07-09,1020,0.0,False
2024-07-09,1021,0.0,False
2024-07-09,1022,0.5,False
2024-07-09,1023,0.0,False
2024-07-09,1024,0.5,False
2024-07-09,1025,0.0,False
2024-07-09,1026,0.0,False
2024-07-09,1027,0.0,False
2024-07-09,1028,0.0,False
2024-07-09,1029,0.0,False
2024-07-09,1030,0.0,False
2024-07-09,1031,0.0,False
2024-07-09,1032,0.0,False
2024-07-09,1033,0.0,False
2024-07-09,1034,0.0,False
2024-07-09,1035,0.0,False
2024-07-09,1036,0.0,False
2024-07-09,1037,0.0,False
2024-07-09,1038,0.0,False
2024-07-09,1039,0.0,False
2024-07-09,1040,0.0,False
2024-07-09,1041,0.0,False
2024-07-09,1042,0.0,False
2024-07-09,1043,0.0,False
2024-07-09,1044,0.0,False
2024-07-09,1045,0.0,False
2024-07-09,1046,0.0,False
2024-07-09,1047,0.0,False
2024-07-09,1048,0.0,False
2024-07-09,1049,0.0,False
2024-07-09,1050,0.0,False
2024-07-10,1001,3.0,False
2024-07-10,1002,0.0,False
2024-07-10,1003,0.0,False
2024-07-10,1004,2.5,False
2024-07-10,1005,0.0,False
2024-07-10,1006,0.0,False
2024-07-10,1007,0.0,False
2024-07-10,1008,0.0,False
2024-07-10,1009,0.0,False
2024-07-10,1010,0.0,False
2024-07-10,1011,0.0,False
2024-07-10,1012,2.5,False
2024-07-10,1013,3.0,False
2024-07-10,1014,0.0,False
2024-07-10,1015,42.5,False
2024-07-10,1016,28.5,False
2024-07-10,1017,0.0,False
2024-07-10,1018,25.0,False
2024-07-10,1019,4.0,False
2024-07-10,1020,9.0,False
2024-07-10,1021,56.5,False
2024-07-10,1022,50.5,False
2024-07-10,1023,32.0,False
2024-07-10,1024,36.0,False
2024-07-10,1025,0.0,False
2024-07-10,1026,0.0,False
2024-07-10,1027,0.0,False
2024-07-10,1028,7.5,False
2024-07-10,1029,0.0,False
2024-07-10,1030,0.0,False
2024-07-10,1031,28.5,False
2024-07-10,1032,0.0,False
2024-07-10,1033,0.0,False
2024-07-10,1034,0.0,False
2024-07-10,1035,55.5,False
2024-07-10,1036,0.0,False
2024-07-10,1037,0.0,False
2024-07-10,1038,0.0,False
2024-07-10,1039,0.5,False
2024-07-10,1040,55.5,False
2024-07-10,1041,0.0,False
2024-07-10,1042,0.0,False
2024-07-10,1043,0.5,False
2024-07-10,1044,0.0,False
2024-07-10,1045,0.0,False
2024-07-10,1046,0.0,False
2024-07-10,1047,0.5,False
2024-07-10,1048,21.0,False
2024-07-10,1049,44.5,False
2024-07-10,1050,40.5,False
2024-07-11,1001,0.0,False
2024-07-11,1002,0.0,False
2024-07-11,1003,0.0,False
2024-07-11,1004,0.0,False
2024-07-11,1005,0.0,False
2024-07-11,1006,0.0,False
2024-07-11,1007,0.0,False
2024-07-11,1008,0.0,False
2024-07-11,1009,0.0,False
2024-07-11,1010,0.0,False
2024-07-11,1011,0.0,False
2024-07-11,1012,0.0,False
2024-07-11,1013,0.0,False
2024-07-11,1014,0.0,False
2024-07-11,1015,0.0,False
2024-07-11,1016,0.0,False
2024-07-11,1017,0.0,False
2024-07-11,1018,0.0,False
2024-07-11,1019,0.5,False
2024-07-11,1020,0.0,False
2024-07-11,1021,0.0,False
2024-07-11,1022,0.0,False
2024-07-11,1023,0.0,False
2024-07-11,1024,0.0,False
2024-07-11,1025,0.0,False
2024-07-11,1026,0.0,False
2024-07-11,1027,0.0,False
2024-07-11,1028,0.0,False
2024-07-11,1029,0.0,False
2024-07-11,1030,0.0,False
2024-07-11,1031,0.0,False
2024-07-11,1032,0.0,False
2024-07-11,1033,0.0,False
2024-07-11,1034,0.0,False
2024-07-11,1035,0.0,False
2024-07-11,1036,0.0,False
2024-07-11,1037,0.0,False
2024-07-11,1038,0.0,False
2024-07-11,1039,0.5,False
2024-07-11,1040,0.5,False
2024-07-11,1041,0.0,False
2024-07-11,1042,0.0,False
2024-07-11,1043,0.0,False
2024-07-11,1044,0.0,False
2024-07-11,1045,0.0,False
2024-07-11,1046,0.0,False
2024-07-11,1047,0.0,False
2024-07-11,1048,0.0,False
2024-07-11,1049,0.0,False
2024-07-11,1050,0.0,False
2024-07-12,1001,0.0,False
2024-07-12,1002,0.0,False
2024-07-12,1003,0.0,False
2024-07-12,1004,0.0,False
2024-07-12,1005,0.0,False
2024-07-12,1006,0.0,False
2024-07-12,1007,0.0,False
2024-07-12,1008,0.0,False
2024-07-12,1009,0.0,False
2024-07-12,1010,0.0,False
2024-07-12,1011,0.0,False
2024-07-12,1012,0.0,False
2024-07-12,1013,0.0,False
2024-07-12,1014,0.0,False
2024-07-12,1015,0.0,False
2024-07-12,1016,0.0,False
2024-07-12,1017,0.0,False
2024-07-12,1018,0.0,False
2024-07-12,1019,0.0,False
2024-07-12,1020,0.0,False
2024-07-12,1021,0.0,False
2024-07-12,1022,0.0,False
2024-07-12,1023,0.0,False
2024-07-12,1024,0.0,False
2024-07-12,1025,0.0,False
2024-07-12,1026,0.0,False
2024-07-12,1027,0.0,False
2024-07-12,1028,0.0,False
2024-07-12,1029,0.0,False
2024-07-12,1030,0.0,False
2024-07-12,1031,0.0,False
2024-07-12,1032,0.0,False
2024-07-12,1033,0.0,False
2024-07-12,1034,0.0,False
2024-07-12,1035,0.0,False
2024-07-12,1036,0.0,False
2024-07-12,1037,0.0,False
2024-07-12,1038,0.0,False
2024-07-12,1039,0.0,False
2024-07-12,1040,0.0,False
2024-07-12,1041,0.0,False
2024-07-12,1042,0.0,False
2024-07-12,1043,0.0,False
2024-07-12,1044,0.0,False
2024-07-12,1045,0.0,False
2024-07-12,1046,0.0,False
2024-07-12,1047,0.0,False
2024-07-12,1048,0.0,False
2024-07-12,1049,0.0,False
2024-07-12,1050,0.0,False
2024-08-01,1001,0.0,False
2024-08-01,1002,0.0,False
2024-08-01,1003,0.0,False
2024-08-01,1004,0.0,False
2024-08-01,1005,0.0,False
2024-08-01,1006,0.0,False
2024-08-01,1007,0.0,False
2024-08-01,1008,0.0,False
2024-08-01,1009,0.0,False
2024-08-01,1010,0.0,False
2024-08-01,1011,0.0,False
2024-08-01,1012,0.0,False
2024-08-01,1013,0.0,False
2024-08-01,1014,0.0,False
2024-08-01,1015,0.0,False
2024-08-01,1016,0.0,False
2024-08-01,1017,0.0,False
2024-08-01,1018,0.0,False
2024-08-01,1019,0.0,False
2024-08-01,1020,0.0,False
2024-08-01,1021,0.0,False
2024-08-01,1022,0.0,False
2024-08-01,1023,0.0,False
2024-08-01,1024,0.0,False
2024-08-01,1025,0.0,False
2024-08-01,1026,0.0,False
2024-08-01,1027,0.0,False
2024-08-01,1028,0.0,False
2024-08-01,1029,0.0,False
2024-08-01,1030,0.0,False
2024-08-01,1031,0.0,False
2024-08-01,1032,0.0,False
2024-08-01,1033,0.0,False
2024-08-01,1034,0.0,False
2024-08-01,1035,0.0,False
2024-08-01,1036,0.0,False
2024-08-01,1037,0.0,False
2024-08-01,1038,0.0,False
2024-08-01,1039,0.0,False
2024-08-01,1040,0.0,False
2024-08-01,1041,0.0,False
2024-08-01,1042,0.0,False
2024-08-01,1043,0.0,False
2024-08-01,1044,0.0,False
2024-08-01,1045,0.0,False
2024-08-01,1046,0.0,False
2024-08-01,1047,0.0,False
2024-08-01,1048,0.0,False
2024-08-01,1049,0.0,False
2024-08-01,1050,0.0,False
2024-08-02,1001,0.0,False
2024-08-02,1002,0.0,False
2024-08-02,1003,0.5,False
2024-08-02,1004,0.0,False
2024-08-02,1005,0.0,False
2024-08-02,1006,0.0,False
2024-08-02,1007,0.0,False
2024-08-02,1008,0.0,False
2024-08-02,1009,0.0,False
2024-08-02,1010,0.0,False
2024-08-02,1011,0.0,False
2024-08-02,1012,0.0,False
2024-08-02,1013,0.0,False
2024-08-02,1014,0.0,False
2024-08-02,1015,0.0,False
2024-08-02,1016,0.0,False
2024-08-02,1017,0.0,False
2024-08-02,1018,0.0,False
2024-08-02,1019,0.0,False
2024-08-02,1020,0.0,False
2024-08-02,1021,0.0,False
2024-08-02,1022,0.0,False
2024-08-02,1023,0.0,False
2024-08-02,1024,0.0,False
2024-08-02,1025,0.0,False
2024-08-02,1026,0.0,False
2024-08-02,1027,0.0,False
2024-08-02,1028,0.0,False
2024-08-02,1029,0.0,False
2024-08-02,1030,0.0,False
2024-08-02,1031,0.0,False
2024-08-02,1032,0.0,False
2024-08-02,1033,0.0,False
2024-08-02,1034,0.0,False
2024-08-02,1035,0.0,False
2024-08-02,1036,0.0,False
2024-08-02,1037,0.0,False
2024-08-02,1038,0.0,False
2024-08-02,1039,0.0,False
2024-08-02,1040,0.0,False
2024-08-02,1041,0.0,False
2024-08-02,1042,0.0,False
2024-08-02,1043,0.0,False
2024-08-02,1044,0.0,False
2024-08-02,1045,0.0,False
2024-08-02,1046,0.0,False
2024-08-02,1047,0.0,False
2024-08-02,1048,0.0,False
2024-08-02,1049,0.0,False
2024-08-02,1050,0.0,False
2024-08-03,1001,0.0,False
2024-08-03,1002,0.0,False
2024-08-03,1003,0.0,False
2024-08-03,1004,0.0,False
2024-08-03,1005,0.0,False
2024-08-03,1006,0.0,False
2024-08-03,1007,0.0,False
2024-08-03,1008,0.0,False
2024-08-03,1009,0.0,False
2024-08-03,1010,0.0,False
2024-08-03,1011,0.0,False
2024-08-03,1012,0.0,False
2024-08-03,1013,0.0,False
2024-08-03,1014,0.0,False
2024-08-03,1015,0.0,False
2024-08-03,1016,0.0,False
2024-08-03,1017,0.0,False
2024-08-03,1018,0.0,False
2024-08-03,1019,0.0,False
2024-08-03,1020,0.0,False
2024-08-03,1021,0.0,False
2024-08-03,1022,0.0,False
2024-08-03,1023,0.0,False
2024-08-03,1024,0.0,False
2024-08-03,1025,0.0,False
2024-08-03,1026,0.0,False
2024-08-03,1027,0.0,False
2024-08-03,1028,0.0,False
2024-08-03,1029,0.0,False
2024-08-03,1030,0.0,False
2024-08-03,1031,0.0,False
2024-08-03,1032,0.0,False
2024-08-03,1033,0.0,False
2024-08-03,1034,0.0,False
2024-08-03,1035,0.0,False
2024-08-03,1036,0.0,False
2024-08-03,1037,0.0,False
2024-08-03,1038,0.0,False
2024-08-03,1039,0.0,False
2024-08-03,1040,0.0,False
2024-08-03,1041,0.0,False
2024-08-03,1042,0.0,False
2024-08-03,1043,0.0,False
2024-08-03,1044,0.0,False
2024-08-03,1045,0.0,False
2024-08-03,1046,0.0,False
2024-08-03,1047,0.0,False
2024-08-03,1048,0.0,False
2024-08-03,1049,0.0,False
2024-08-03,1050,0.0,False
2024-08-04,1001,0.0,False
2024-08-04,1002,0.0,False
2024-08-04,1003,0.0,False
2024-08-04,1004,0.0,False
2024-08-04,1005,0.0,False
2024-08-04,1006,0.0,False
2024-08-04,1007,0.0,False
2024-08-04,1008,0.0,False
2024-08-04,1009,0.0,False
2024-08-04,1010,0.0,False
2024-08-04,1011,0.0,False
2024-08-04,1012,0.0,False
2024-08-04,1013,0.0,False
2024-08-04,1014,0.0,False
2024-08-04,1015,0.0,False
2024-08-04,1016,0.0,False
2024-08-04,1017,0.0,False
2024-08-04,1018,0.0,False
2024-08-04,1019,0.0,False
2024-08-04,1020,0.0,False
2024-08-04,1021,0.0,False
2024-08-04,1022,0.0,False
2024-08-04,1023,0.0,False
2024-08-04,1024,0.0,False
2024-08-04,1025,0.0,False
2024-08-04,1026,0.0,False
2024-08-04,1027,0.0,False
2024-08-04,1028,0.0,False
2024-08-04,1029,0.0,False
2024-08-04,1030,0.0,False
2024-08-04,1031,0.0,False
2024-08-04,1032,0.0,False
2024-08-04,1033,0.0,False
2024-08-04,1034,0.0,False
2024-08-04,1035,0.0,False
2024-08-04,1036,0.0,False
2024-08-04,1037,0.0,False
2024-08-04,1038,0.0,False
2024-08-04,1039,0.0,False
2024-08-04,1040,0.0,False
2024-08-04,1041,0.0,False
2024-08-04,1042,0.0,False
2024-08-04,1043,0.0,False
2024-08-04,1044,0.0,False
2024-08-04,1045,0.0,False
2024-08-04,1046,0.0,False
2024-08-04,1047,0.0,False
2024-08-04,1048,0.0,False
2024-08-04,1049,0.0,False
2024-08-04,1050,0.0,False
2024-08-05,1001,3.0,False
2024-08-05,1002,2.0,False
2024-08-05,1003,82.0,False
2024-08-05,1004,5.0,False
2024-08-05,1005,5.5,False
2024-08-05,1006,10.0,False
2024-08-05,1007,5.5,False
2024-08-05,1008,3.5,False
2024-08-05,1009,30.5,False
2024-08-05,1010,21.5,False
2024-08-05,1011,34.0,False
2024-08-05,1012,12.5,False
2024-08-05,1013,3.5,False
2024-08-05,1014,5.5,False
2024-08-05,1015,2.5,False
2024-08-05,1016,1.5,False
2024-08-05,1017,7.5,False
2024-08-05,1018,3.5,False
2024-08-05,1019,2.0,False
2024-08-05,1020,1.5,False
2024-08-05,1021,4.5,False
2024-08-05,1022,2.5,False
2024-08-05,1023,1.5,False
2024-08-05,1024,14.5,False
2024-08-05,1025,3.0,False
2024-08-05,1026,5.5,False
2024-08-05,1027,7.5,False
2024-08-05,1028,6.0,False
2024-08-05,1029,3.5,False
2024-08-05,1030,5.5,False
2024-08-05,1031,6.5,False
2024-08-05,1032,26.5,False
2024-08-05,1033,27.0,False
2024-08-05,1034,11.5,False
2024-08-05,1035,1.5,False
2024-08-05,1036,4.0,False
2024-08-05,1037,6.0,False
2024-08-05,1038,5.0,False
2024-08-05,1039,15.0,False
2024-08-05,1040,1.0,False
2024-08-05,1041,4.0,False
2024-08-05,1042,9.0,False
2024-08-05,1043,7.0,False
2024-08-05,1044,9.0,False
2024-08-05,1045,11.5,False
2024-08-05,1046,21.0,False
2024-08-05,1047,28.5,False
2024-08-05,1048,0.5,False
2024-08-05,1049,18.0,False
2024-08-05,1050,1.5,False
2024-08-06,1001,1.0,False
2024-08-06,1002,0.0,False
2024-08-06,1003,2.5,False
2024-08-06,1004,0.0,False
2024-08-06,1005,0.0,False
2024-08-06,1006,0.0,False
2024-08-06,1007,0.5,False
2024-08-06,1008,0.0,False
2024-08-06,1009,0.0,False
2024-08-06,1010,0.0,False
2024-08-06,1011,1.0,False
2024-08-06,1012,0.5,False
2024-08-06,1013,0.0,False
2024-08-06,1014,0.0,False
2024-08-06,1015,0.5,False
2024-08-06,1016,0.0,False
2024-08-06,1017,0.0,False
2024-08-06,1018,0.0,False
2024-08-06,1019,0.0,False
2024-08-06,1020,0.0,False
2024-08-06,1021,0.0,False
2024-08-06,1022,0.5,False
2024-08-06,1023,1.5,False
2024-08-06,1024,0.0,False
2024-08-06,1025,0.0,False
2024-08-06,1026,0.0,False
2024-08-06,1027,0.0,False
2024-08-06,1028,0.0,False
2024-08-06,1029,0.0,False
2024-08-06,1030,0.0,False
2024-08-06,1031,1.0,False
2024-08-06,1032,0.5,False
2024-08-06,1033,0.0,False
2024-08-06,1034,0.5,False
2024-08-06,1035,0.0,False
2024-08-06,1036,0.5,False
2024-08-06,1037,0.0,False
2024-08-06,1038,0.0,False
2024-08-06,1039,0.0,False
2024-08-06,1040,2.0,False
2024-08-06,1041,0.0,False
2024-08-06,1042,1.5,False
2024-08-06,1043,0.0,False
2024-08-06,1044,0.5,False
2024-08-06,1045,0.0,False
2024-08-06,1046,1.0,False
2024-08-06,1047,0.0,False
2024-08-06,1048,0.0,False
2024-08-06,1049,0.0,False
2024-08-06,1050,0.0,False
2024-08-07,1001,0.0,False
2024-08-07,1002,0.0,False
2024-08-07,1003,0.0,False
2024-08-07,1004,0.0,False
2024-08-07,1005,0.0,False
2024-08-07,1006,0.0,False
2024-08-07,1007,0.0,False
2024-08-07,1008,0.0,False
2024-08-07,1009,0.0,False
2024-08-07,1010,0.0,False
2024-08-07,1011,2.0,False
2024-08-07,1012,0.0,False
2024-08-07,1013,0.0,False
2024-08-07,1014,0.0,False
2024-08-07,1015,0.0,False
2024-08-07,1016,0.0,False
2024-08-07,1017,0.0,False
2024-08-07,1018,0.0,False
2024-08-07,1019,0.0,False
2024-08-07,1020,0.0,False
2024-08-07,1021,0.0,False
2024-08-07,1022,0.0,False
2024-08-07,1023,0.0,False
2024-08-07,1024,0.0,False
2024-08-07,1025,0.0,False
2024-08-07,1026,0.0,False
2024-08-07,1027,0.0,False
2024-08-07,1028,0.0,False
2024-08-07,1029,0.0,False
2024-08-07,1030,0.0,False
2024-08-07,1031,0.0,False
2024-08-07,1032,0.0,False
2024-08-07,1033,0.0,False
2024-08-07,1034,0.5,False
2024-08-07,1035,0.0,False
2024-08-07,1036,0.0,False
2024-08-07,1037,0.0,False
2024-08-07,1038,0.0,False
2024-08-07,1039,0.0,False
2024-08-07,1040,0.0,False
2024-08-07,1041,0.0,False
2024-08-07,1042,0.0,False
2024-08-07,1043,0.0,False
2024-08-07,1044,0.0,False
2024-08-07,1045,0.0,False
2024-08-07,1046,0.0,False
2024-08-07,1047,0.0,False
2024-08-07,1048,0.0,False
2024-08-07,1049,0.0,False
2024-08-07,1050,0.0,False
2024-08-08,1001,2.0,False
2024-08-08,1002,1.5,False
2024-08-08,1003,10.5,False
2024-08-08,1004,2.0,False
2024-08-08,1005,22.0,False
2024-08-08,1006,2.5,False
2024-08-08,1007,2.0,False
2024-08-08,1008,2.0,False
2024-08-08,1009,2.0,False
2024-08-08,1010,7.5,False
2024-08-08,1011,34.5,False
2024-08-08,1012,1.5,False
2024-08-08,1013,2.0,False
2024-08-08,1014,2.0,False
2024-08-08,1015,1.0,False
2024-08-08,1016,1.5,False
2024-08-08,1017,1.5,False
2024-08-08,1018,1.5,False
2024-08-08,1019,4.5,False
2024-08-08,1020,1.5,False
2024-08-08,1021,1.5,False
2024-08-08,1022,1.5,False
2024-08-08,1023,1.5,False
2024-08-08,1024,1.0,False
2024-08-08,1025,1.5,False
2024-08-08,1026,2.0,False
2024-08-08,1027,3.5,False
2024-08-08,1028,1.5,False
2024-08-08,1029,7.5,False
2024-08-08,1030,25.5,False
2024-08-08,1031,1.5,False
2024-08-08,1032,4.0,False
2024-08-08,1033,2.0,False
2024-08-08,1034,2.5,False
2024-08-08,1035,0.5,False
2024-08-08,1036,26.0,False
2024-08-08,1037,1.5,False
2024-08-08,1038,0.5,False
2024-08-08,1039,1.5,False
2024-08-08,1040,2.0,False
2024-08-08,1041,26.5,False
2024-08-08,1042,34.5,False
2024-08-08,1043,20.5,False
2024-08-08,1044,4.5,False
2024-08-08,1045,2.0,False
2024-08-08,1046,27.0,False
2024-08-08,1047,3.5,False
2024-08-08,1048,28.0,False
2024-08-08,1049,1.0,False
2024-08-08,1050,1.0,False
2024-08-09,1001,0.0,False
2024-08-09,1002,10.0,False
2024-08-09,1003,4.5,False
2024-08-09,1004,4.0,False
2024-08-09,1005,0.0,False
2024-08-09,1006,1.0,False
2024-08-09,1007,0.5,False
2024-08-09,1008,0.0,False
2024-08-09,1009,2.5,False
2024-08-09,1010,11.0,False
2024-08-09,1011,5.5,False
2024-08-09,1012,2.0,False
2024-08-09,1013,3.0,False
2024-08-09,1014,8.0,False
2024-08-09,1015,5.5,False
2024-08-09,1016,3.5,False
2024-08-09,1017,3.0,False
2024-08-09,1018,4.5,False
2024-08-09,1019,0.0,False
2024-08-09,1020,1.0,False
2024-08-09,1021,1.5,False
2024-08-09,1022,2.0,False
2024-08-09,1023,1.5,False
2024-08-09,1024,3.0,False
2024-08-09,1025,0.0,False
2024-08-09,1026,0.5,False
2024-08-09,1027,11.5,False
2024-08-09,1028,7.0,False
2024-08-09,1029,0.0,False
2024-08-09,1030,0.0,False
2024-08-09,1031,2.5,False
2024-08-09,1032,4.0,False
2024-08-09,1033,7.0,False
2024-08-09,1034,6.0,False
2024-08-09,1035,2.0,False
2024-08-09,1036,0.0,False
2024-08-09,1037,0.0,False
2024-08-09,1038,3.5,False
2024-08-09,1039,6.5,False
2024-08-09,1040,0.5,False
2024-08-09,1041,0.0,False
2024-08-09,1042,0.0,False
2024-08-09,1043,0.0,False
2024-08-09,1044,7.0,False
2024-08-09,1045,7.0,False
2024-08-09,1046,0.0,False
2024-08-09,1047,2.0,False
2024-08-09,1048,0.0,False
2024-08-09,1049,2.0,False
2024-08-09,1050,0.0,False
2024-08-10,1001,0.0,False
2024-08-10,1002,0.0,False
2024-08-10,1003,0.0,False
2024-08-10,1004,0.0,False
2024-08-10,1005,0.0,False
2024-08-10,1006,0.0,False
2024-08-10,1007,0.0,False
2024-08-10,1008,0.0,False
2024-08-10,1009,0.0,False
2024-08-10,1010,0.0,False
2024-08-10,1011,0.0,False
2024-08-10,1012,0.0,False
2024-08-10,1013,0.0,False
2024-08-10,1014,0.0,False
2024-08-10,1015,0.0,False
2024-08-10,1016,0.0,False
2024-08-10,1017,0.0,False
2024-08-10,1018,0.0,False
2024-08-10,1019,3.0,False
2024-08-10,1020,0.5,False
2024-08-10,1021,0.5,False
2024-08-10,1022,11.5,False
2024-08-10,1023,0.0,False
2024-08-10,1024,0.0,False
2024-08-10,1025,0.0,False
2024-08-10,1026,0.0,False
2024-08-10,1027,0.0,False
2024-08-10,1028,0.0,False
2024-08-10,1029,0.0,False
2024-08-10,1030,0.0,False
2024-08-10,1031,0.0,False
2024-08-10,1032,0.0,False
2024-08-10,1033,0.0,False
2024-08-10,1034,0.0,False
2024-08-10,1035,0.0,False
2024-08-10,1036,0.0,False
2024-08-10,1037,0.0,False
2024-08-10,1038,0.0,False
2024-08-10,1039,0.0,False
2024-08-10,1040,2.0,False
2024-08-10,1041,1.0,False
2024-08-10,1042,0.0,False
2024-08-10,1043,0.0,False
2024-08-10,1044,0.0,False
2024-08-10,1045,0.0,False
2024-08-10,1046,0.0,False
2024-08-10,1047,0.0,False
2024-08-10,1048,0.5,False
2024-08-10,1049,0.0,False
2024-08-10,1050,0.0,False
2024-08-11,1001,0.0,False
2024-08-11,1002,0.5,False
2024-08-11,1003,0.0,False
2024-08-11,1004,0.0,False
2024-08-11,1005,0.0,False
2024-08-11,1006,0.0,False
2024-08-11,1007,0.0,False
2024-08-11,1008,0.0,False
2024-08-11,1009,0.0,False
2024-08-11,1010,0.0,False
2024-08-11,1011,0.0,False
2024-08-11,1012,0.0,False
2024-08-11,1013,0.0,False
2024-08-11,1014,0.5,False
2024-08-11,1015,0.0,False
2024-08-11,1016,0.0,False
2024-08-11,1017,0.0,False
2024-08-11,1018,0.0,False
2024-08-11,1019,0.0,False
2024-08-11,1020,0.0,False
2024-08-11,1021,0.0,False
2024-08-11,1022,0.0,False
2024-08-11,1023,0.0,False
2024-08-11,1024,0.0,False
2024-08-11,1025,0.5,False
2024-08-11,1026,0.0,False
2024-08-11,1027,0.0,False
2024-08-11,1028,0.0,False
2024-08-11,1029,0.0,False
2024-08-11,1030,0.0,False
2024-08-11,1031,0.0,False
2024-08-11,1032,0.0,False
2024-08-11,1033,0.0,False
2024-08-11,1034,0.0,False
2024-08-11,1035,0.0,False
2024-08-11,1036,0.0,False
2024-08-11,1037,0.0,False
2024-08-11,1038,0.0,False
2024-08-11,1039,0.0,False
2024-08-11,1040,0.0,False
2024-08-11,1041,0.0,False
2024-08-11,1042,0.0,False
2024-08-11,1043,0.0,False
2024-08-11,1044,0.0,False
2024-08-11,1045,0.0,False
2024-08-11,1046,0.0,False
2024-08-11,1047,0.0,False
2024-08-11,1048,1.0,False
2024-08-11,1049,0.0,False
2024-08-11,1050,0.0,False
2024-08-12,1001,0.0,False
2024-08-12,1002,0.0,False
2024-08-12,1003,0.5,False
2024-08-12,1004,0.0,False
2024-08-12,1005,0.0,False
2024-08-12,1006,0.0,False
2024-08-12,1007,0.0,False
2024-08-12,1008,0.0,False
2024-08-12,1009,0.0,False
2024-08-12,1010,0.0,False
2024-08-12,1011,0.0,False
2024-08-12,1012,0.0,False
2024-08-12,1013,0.0,False
2024-08-12,1014,0.0,False
2024-08-12,1015,0.0,False
2024-08-12,1016,0.0,False
2024-08-12,1017,0.0,False
2024-08-12,1018,0.0,False
2024-08-12,1019,0.0,False
2024-08-12,1020,0.0,False
2024-08-12,1021,0.0,False
2024-08-12,1022,0.0,False
2024-08-12,1023,0.0,False
2024-08-12,1024,0.0,False
2024-08-12,1025,0.0,False
2024-08-12,1026,0.0,False
2024-08-12,1027,0.0,False
2024-08-12,1028,0.0,False
2024-08-12,1029,0.0,False
2024-08-12,1030,0.0,False
2024-08-12,1031,0.0,False
2024-08-12,1032,0.0,False
2024-08-12,1033,0.0,False
2024-08-12,1034,0.0,False
2024-08-12,1035,0.0,False
2024-08-12,1036,0.0,False
2024-08-12,1037,0.0,False
2024-08-12,1038,0.0,False
2024-08-12,1039,0.0,False
2024-08-12,1040,0.0,False
2024-08-12,1041,0.0,False
2024-08-12,1042,0.0,False
2024-08-12,1043,0.0,False
2024-08-12,1044,0.0,False
2024-08-12,1045,0.0,False
2024-08-12,1046,0.0,False
2024-08-12,1047,0.0,False
2024-08-12,1048,0.0,False
2024-08-12,1049,0.0,False
2024-08-12,1050,0.0,False
2024-09-01,1001,0.5,False
2024-09-01,1002,0.0,False
2024-09-01,1003,0.5,False
2024-09-01,1004,0.0,False
2024-09-01,1005,0.0,False
2024-09-01,1006,0.0,False
2024-09-01,1007,0.0,False
2024-09-01,1008,0.0,False
2024-09-01,1009,0.0,False
2024-09-01,1010,0.0,False
2024-09-01,1011,0.0,False
2024-09-01,1012,0.0,False
2024-09-01,1013,0.0,False
2024-09-01,1014,0.0,False
2024-09-01,1015,0.0,False
2024-09-01,1016,0.0,False
2024-09-01,1017,0.0,False
2024-09-01,1018,0.0,False
2024-09-01,1019,0.0,False
2024-09-01,1020,0.0,False
2024-09-01,1021,0.0,False
2024-09-01,1022,0.0,False
2024-09-01,1023,0.0,False
2024-09-01,1024,0.0,False
2024-09-01,1025,0.0,False
2024-09-01,1026,0.0,False
2024-09-01,1027,0.0,False
2024-09-01,1028,0.0,False
2024-09-01,1029,0.0,False
2024-09-01,1030,0.0,False
2024-09-01,1031,0.0,False
2024-09-01,1032,0.0,False
2024-09-01,1033,0.0,False
2024-09-01,1034,0.0,False
2024-09-01,1035,0.0,False
2024-09-01,1036,0.0,False
2024-09-01,1037,0.0,False
2024-09-01,1038,0.0,False
2024-09-01,1039,0.0,False
2024-09-01,1040,0.0,False
2024-09-01,1041,0.0,False
2024-09-01,1042,0.0,False
2024-09-01,1043,0.0,False
2024-09-01,1044,0.0,False
2024-09-01,1045,0.0,False
2024-09-01,1046,0.0,False
2024-09-01,1047,0.0,False
2024-09-01,1048,0.0,False
2024-09-01,1049,0.0,False
2024-09-01,1050,0.5,False
2024-09-02,1001,0.0,False
2024-09-02,1002,0.0,False
2024-09-02,1003,0.0,False
2024-09-02,1004,0.0,False
2024-09-02,1005,0.0,False
2024-09-02,1006,0.0,False
2024-09-02,1007,0.0,False
2024-09-02,1008,0.0,False
2024-09-02,1009,0.0,False
2024-09-02,1010,0.0,False
2024-09-02,1011,0.0,False
2024-09-02,1012,0.0,False
2024-09-02,1013,0.0,False
2024-09-02,1014,0.0,False
2024-09-02,1015,0.0,False
2024-09-02,1016,0.0,False
2024-09-02,1017,0.0,False
2024-09-02,1018,0.0,False
2024-09-02,1019,0.0,False
2024-09-02,1020,0.0,False
2024-09-02,1021,0.0,False
2024-09-02,1022,0.0,False
2024-09-02,1023,0.0,False
2024-09-02,1024,0.0,False
2024-09-02,1025,0.0,False
2024-09-02,1026,0.0,False
2024-09-02,1027,0.0,False
2024-09-02,1028,0.0,False
2024-09-02,1029,0.0,False
2024-09-02,1030,0.0,False
2024-09-02,1031,0.0,False
2024-09-02,1032,0.0,False
2024-09-02,1033,0.0,False
2024-09-02,1034,0.0,False
2024-09-02,1035,0.0,False
2024-09-02,1036,0.0,False
2024-09-02,1037,0.0,False
2024-09-02,1038,0.0,False
2024-09-02,1039,0.0,False
2024-09-02,1040,0.0,False
2024-09-02,1041,0.0,False
2024-09-02,1042,0.0,False
2024-09-02,1043,0.0,False
2024-09-02,1044,0.0,False
2024-09-02,1045,0.0,False
2024-09-02,1046,0.0,False
2024-09-02,1047,0.0,False
2024-09-02,1048,0.0,False
2024-09-02,1049,0.0,False
2024-09-02,1050,0.0,False
2024-09-03,1001,0.0,False
2024-09-03,1002,0.0,False
2024-09-03,1003,0.0,False
2024-09-03,1004,0.0,False
2024-09-03,1005,0.0,False
2024-09-03,1006,0.0,False
2024-09-03,1007,0.0,False
2024-09-03,1008,0.0,False
2024-09-03,1009,0.0,False
2024-09-03,1010,0.0,False
2024-09-03,1011,0.0,False
2024-09-03,1012,0.0,False
2024-09-03,1013,0.0,False
2024-09-03,1014,0.0,False
2024-09-03,1015,0.0,False
2024-09-03,1016,0.0,False
2024-09-03,1017,0.0,False
2024-09-03,1018,0.0,False
2024-09-03,1019,0.0,False
2024-09-03,1020,0.0,False
2024-09-03,1021,0.0,False
2024-09-03,1022,0.5,False
2024-09-03,1023,0.0,False
2024-09-03,1024,0.0,False
2024-09-03,1025,0.0,False
2024-09-03,1026,0.0,False
2024-09-03,1027,0.0,False
2024-09-03,1028,0.0,False
2024-09-03,1029,0.0,False
2024-09-03,1030,0.0,False
2024-09-03,1031,0.0,False
2024-09-03,1032,0.0,False
2024-09-03,1033,0.0,False
2024-09-03,1034,0.0,False
2024-09-03,1035,0.0,False
2024-09-03,1036,0.0,False
2024-09-03,1037,0.0,False
2024-09-03,1038,0.0,False
2024-09-03,1039,0.0,False
2024-09-03,1040,0.0,False
2024-09-03,1041,0.0,False
2024-09-03,1042,0.0,False
2024-09-03,1043,0.0,False
2024-09-03,1044,0.0,False
2024-09-03,1045,0.0,False
2024-09-03,1046,0.0,False
2024-09-03,1047,0.0,False
2024-09-03,1048,0.0,False
2024-09-03,1049,0.0,False
2024-09-03,1050,0.0,False
2024-09-04,1001,0.0,False
2024-09-04,1002,0.0,False
2024-09-04,1003,0.0,False
2024-09-04,1004,0.0,False
2024-09-04,1005,0.0,False
2024-09-04,1006,0.0,False
2024-09-04,1007,0.0,False
2024-09-04,1008,0.0,False
2024-09-04,1009,0.0,False
2024-09-04,1010,0.0,False
2024-09-04,1011,0.0,False
2024-09-04,1012,0.0,False
2024-09-04,1013,0.0,False
2024-09-04,1014,0.0,False
2024-09-04,1015,0.0,False
2024-09-04,1016,0.0,False
2024-09-04,1017,0.0,False
2024-09-04,1018,0.0,False
2024-09-04,1019,0.0,False
2024-09-04,1020,0.0,False
2024-09-04,1021,0.0,False
2024-09-04,1022,0.0,False
2024-09-04,1023,0.0,False
2024-09-04,1024,0.0,False
2024-09-04,1025,0.0,False
2024-09-04,1026,0.0,False
2024-09-04,1027,0.0,False
2024-09-04,1028,0.0,False
2024-09-04,1029,0.0,False
2024-09-04,1030,0.0,False
2024-09-04,1031,0.0,False
2024-09-04,1032,0.0,False
2024-09-04,1033,0.0,False
2024-09-04,1034,0.0,False
2024-09-04,1035,0.0,False
2024-09-04,1036,0.0,False
2024-09-04,1037,0.0,False
2024-09-04,1038,0.0,False
2024-09-04,1039,0.0,False
2024-09-04,1040,0.0,False
2024-09-04,1041,0.0,False
2024-09-04,1042,0.0,False
2024-09-04,1043,0.0,False
2024-09-04,1044,0.0,False
2024-09-04,1045,0.0,False
2024-09-04,1046,0.0,False
2024-09-04,1047,0.0,False
2024-09-04,1048,0.0,False
2024-09-04,1049,0.0,False
2024-09-04,1050,0.0,False
2024-09-05,1001,0.0,False
2024-09-05,1002,0.0,False
2024-09-05,1003,0.0,False
2024-09-05,1004,0.0,False
2024-09-05,1005,0.0,False
2024-09-05,1006,0.0,False
2024-09-05,1007,0.0,False
2024-09-05,1008,0.0,False
2024-09-05,1009,0.0,False
2024-09-05,1010,0.0,False
2024-09-05,1011,0.0,False
2024-09-05,1012,0.0,False
2024-09-05,1013,0.0,False
2024-09-05,1014,0.0,False
2024-09-05,1015,0.0,False
2024-09-05,1016,0.0,False
2024-09-05,1017,0.0,False
2024-09-05,1018,0.0,False
2024-09-05,1019,0.0,False
2024-09-05,1020,0.0,False
2024-09-05,1021,0.0,False
2024-09-05,1022,0.0,False
2024-09-05,1023,0.0,False
2024-09-05,1024,0.0,False
2024-09-05,1025,0.0,False
2024-09-05,1026,0.0,False
2024-09-05,1027,0.0,False
2024-09-05,1028,0.0,False
2024-09-05,1029,0.0,False
2024-09-05,1030,0.0,False
2024-09-05,1031,0.0,False
2024-09-05,1032,0.0,False
2024-09-05,1033,0.0,False
2024-09-05,1034,0.0,False
2024-09-05,1035,0.0,False
2024-09-05,1036,0.0,False
2024-09-05,1037,0.0,False
2024-09-05,1038,0.0,False
2024-09-05,1039,0.0,False
2024-09-05,1040,0.0,False
2024-09-05,1041,0.0,False
2024-09-05,1042,0.0,False
2024-09-05,1043,0.0,False
2024-09-05,1044,0.0,False
2024-09-05,1045,0.0,False
2024-09-05,1046,0.0,False
2024-09-05,1047,0.0,False
2024-09-05,1048,0.0,False
2024-09-05,1049,0.0,False
2024-09-05,1050,0.0,False
2024-09-06,1001,0.0,False
2024-09-06,1002,0.0,False
2024-09-06,1003,0.5,False
2024-09-06,1004,0.0,False
2024-09-06,1005,0.0,False
2024-09-06,1006,0.0,False
2024-09-06,1007,0.0,False
2024-09-06,1008,0.0,False
2024-09-06,1009,0.0,False
2024-09-06,1010,0.0,False
2024-09-06,1011,0.0,False
2024-09-06,1012,0.0,False
2024-09-06,1013,0.0,False
2024-09-06,1014,0.0,False
2024-09-06,1015,0.0,False
2024-09-06,1016,0.0,False
2024-09-06,1017,0.0,False
2024-09-06,1018,0.0,False
2024-09-06,1019,0.0,False
2024-09-06,1020,0.0,False
2024-09-06,1021,0.0,False
2024-09-06,1022,0.0,False
2024-09-06,1023,0.0,False
2024-09-06,1024,0.0,False
2024-09-06,1025,0.0,False
2024-09-06,1026,0.0,False
2024-09-06,1027,0.0,False
2024-09-06,1028,0.0,False
2024-09-06,1029,0.0,False
2024-09-06,1030,0.0,False
2024-09-06,1031,0.0,False
2024-09-06,1032,0.0,False
2024-09-06,1033,0.0,False
2024-09-06,1034,0.0,False
2024-09-06,1035,0.0,False
2024-09-06,1036,0.0,False
2024-09-06,1037,0.0,False
2024-09-06,1038,0.0,False
2024-09-06,1039,0.0,False
2024-09-06,1040,0.0,False
2024-09-06,1041,0.0,False
2024-09-06,1042,0.0,False
2024-09-06,1043,0.0,False
2024-09-06,1044,0.0,False
2024-09-06,1045,0.0,False
2024-09-06,1046,0.0,False
2024-09-06,1047,0.0,False
2024-09-06,1048,0.0,False
2024-09-06,1049,0.0,False
2024-09-06,1050,0.0,False
2024-09-07,1001,0.5,False
2024-09-07,1002,0.5,False
2024-09-07,1003,0.0,False
2024-09-07,1004,0.0,False
2024-09-07,1005,6.0,False
2024-09-07,1006,1.0,False
2024-09-07,1007,2.0,False
2024-09-07,1008,0.5,False
2024-09-07,1009,1.5,False
2024-09-07,1010,10.0,False
2024-09-07,1011,18.0,False
2024-09-07,1012,2.0,False
2024-09-07,1013,0.0,False
2024-09-07,1014,7.5,False
2024-09-07,1015,1.0,False
2024-09-07,1016,0.0,False
2024-09-07,1017,1.0,False
2024-09-07,1018,0.0,False
2024-09-07,1019,0.0,False
2024-09-07,1020,0.0,False
2024-09-07,1021,4.5,False
2024-09-07,1022,0.0,False
2024-09-07,1023,0.0,False
2024-09-07,1024,1.0,False
2024-09-07,1025,0.5,False
2024-09-07,1026,0.5,False
2024-09-07,1027,6.5,False
2024-09-07,1028,0.5,False
2024-09-07,1029,2.0,False
2024-09-07,1030,12.5,False
2024-09-07,1031,0.5,False
2024-09-07,1032,6.0,False
2024-09-07,1033,1.0,False
2024-09-07,1034,1.0,False
2024-09-07,1035,2.0,False
2024-09-07,1036,0.0,False
2024-09-07,1037,6.5,False
2024-09-07,1038,4.0,False
2024-09-07,1039,0.0,False
2024-09-07,1040,0.5,False
2024-09-07,1041,1.0,False
2024-09-07,1042,3.0,False
2024-09-07,1043,6.5,False
2024-09-07,1044,20.5,False
2024-09-07,1045,3.5,False
2024-09-07,1046,9.0,False
2024-09-07,1047,1.0,False
2024-09-07,1048,3.0,False
2024-09-07,1049,10.0,False
2024-09-07,1050,1.0,False
2024-09-08,1001,0.0,False
2024-09-08,1002,0.0,False
2024-09-08,1003,1.0,False
2024-09-08,1004,0.0,False
2024-09-08,1005,0.0,False
2024-09-08,1006,0.0,False
2024-09-08,1007,0.0,False
2024-09-08,1008,0.0,False
2024-09-08,1009,0.0,False
2024-09-08,1010,0.0,False
2024-09-08,1011,1.5,False
2024-09-08,1012,0.0,False
2024-09-08,1013,0.0,False
2024-09-08,1014,0.0,False
2024-09-08,1015,0.0,False
2024-09-08,1016,0.0,False
2024-09-08,1017,0.0,False
2024-09-08,1018,0.0,False
2024-09-08,1019,0.0,False
2024-09-08,1020,0.0,False
2024-09-08,1021,0.0,False
2024-09-08,1022,0.0,False
2024-09-08,1023,0.0,False
2024-09-08,1024,0.0,False
2024-09-08,1025,0.0,False
2024-09-08,1026,0.0,False
2024-09-08,1027,0.0,False
2024-09-08,1028,0.0,False
2024-09-08,1029,0.0,False
2024-09-08,1030,0.0,False
2024-09-08,1031,0.0,False
2024-09-08,1032,0.0,False
2024-09-08,1033,1.0,False
2024-09-08,1034,0.0,False
2024-09-08,1035,0.0,False
2024-09-08,1036,0.0,False
2024-09-08,1037,0.0,False
2024-09-08,1038,0.0,False
2024-09-08,1039,0.0,False
2024-09-08,1040,0.0,False
2024-09-08,1041,0.0,False
2024-09-08,1042,0.0,False
2024-09-08,1043,0.0,False
2024-09-08,1044,0.0,False
2024-09-08,1045,0.0,False
2024-09-08,1046,0.0,False
2024-09-08,1047,0.0,False
2024-09-08,1048,0.0,False
2024-09-08,1049,0.0,False
2024-09-08,1050,0.0,False
2024-09-09,1001,0.5,False
2024-09-09,1002,0.0,False
2024-09-09,1003,8.0,False
2024-09-09,1004,0.0,False
2024-09-09,1005,0.0,False
2024-09-09,1006,1.0,False
2024-09-09,1007,0.0,False
2024-09-09,1008,0.0,False
2024-09-09,1009,2.5,False
2024-09-09,1010,4.0,False
2024-09-09,1011,1.0,False
2024-09-09,1012,0.5,False
2024-09-09,1013,0.0,False
2024-09-09,1014,1.0,False
2024-09-09,1015,0.5,False
2024-09-09,1016,0.0,False
2024-09-09,1017,1.0,False
2024-09-09,1018,0.0,False
2024-09-09,1019,0.0,False
2024-09-09,1020,0.0,False
2024-09-09,1021,0.0,False
2024-09-09,1022,0.5,False
2024-09-09,1023,0.0,False
2024-09-09,1024,0.0,False
2024-09-09,1025,0.0,False
2024-09-09,1026,0.0,False
2024-09-09,1027,5.0,False
2024-09-09,1028,1.0,False
2024-09-09,1029,0.0,False
2024-09-09,1030,0.0,False
2024-09-09,1031,0.0,False
2024-09-09,1032,1.0,False
2024-09-09,1033,4.0,False
2024-09-09,1034,1.0,False
2024-09-09,1035,0.0,False
2024-09-09,1036,0.0,False
2024-09-09,1037,0.0,False
2024-09-09,1038,0.0,False
2024-09-09,1039,0.0,False
2024-09-09,1040,0.5,False
2024-09-09,1041,0.0,False
2024-09-09,1042,0.0,False
2024-09-09,1043,4.5,False
2024-09-09,1044,1.0,False
2024-09-09,1045,0.0,False
2024-09-09,1046,1.5,False
2024-09-09,1047,0.5,False
2024-09-09,1048,0.0,False
2024-09-09,1049,0.0,False
2024-09-09,1050,0.0,False
2024-09-10,1001,28.5,False
2024-09-10,1002,9.5,False
2024-09-10,1003,32.0,False
2024-09-10,1004,17.0,False
2024-09-10,1005,1.0,False
2024-09-10,1006,2.5,False
2024-09-10,1007,18.5,False
2024-09-10,1008,3.5,False
2024-09-10,1009,17.0,False
2024-09-10,1010,7.0,False
2024-09-10,1011,17.0,False
2024-09-10,1012,9.0,False
2024-09-10,1013,15.5,False
2024-09-10,1014,4.0,False
2024-09-10,1015,16.5,False
2024-09-10,1016,10.0,False
2024-09-10,1017,6.0,False
2024-09-10,1018,16.0,False
2024-09-10,1019,30.5,False
2024-09-10,1020,40.5,False
2024-09-10,1021,26.0,False
2024-09-10,1022,56.5,False
2024-09-10,1023,16.0,False
2024-09-10,1024,16.5,False
2024-09-10,1025,5.0,False
2024-09-10,1026,4.5,False
2024-09-10,1027,2.5,False
2024-09-10,1028,9.0,False
2024-09-10,1029,4.0,False
2024-09-10,1030,7.5,False
2024-09-10,1031,10.0,False
2024-09-10,1032,11.5,False
2024-09-10,1033,22.0,False
2024-09-10,1034,22.0,False
2024-09-10,1035,42.5,False
2024-09-10,1036,0.0,False
2024-09-10,1037,13.5,False
2024-09-10,1038,0.5,False
2024-09-10,1039,7.0,False
2024-09-10,1040,73.5,False
2024-09-10,1041,0.0,False
2024-09-10,1042,4.5,False
2024-09-10,1043,0.0,False
2024-09-10,1044,22.0,False
2024-09-10,1045,1.5,False
2024-09-10,1046,6.5,False
2024-09-10,1047,17.5,False
2024-09-10,1048,7.0,False
2024-09-10,1049,23.0,False
2024-09-10,1050,10.5,False
2024-09-11,1001,0.0,False
2024-09-11,1002,0.0,False
2024-09-11,1003,0.0,False
2024-09-11,1004,0.0,False
2024-09-11,1005,0.0,False
2024-09-11,1006,0.0,False
2024-09-11,1007,0.0,False
2024-09-11,1008,0.0,False
2024-09-11,1009,0.0,False
2024-09-11,1010,0.0,False
2024-09-11,1011,0.0,False
2024-09-11,1012,0.0,False
2024-09-11,1013,0.0,False
2024-09-11,1014,0.0,False
2024-09-11,1015,0.0,False
2024-09-11,1016,0.0,False
2024-09-11,1017,0.0,False
2024-09-11,1018,0.0,False
2024-09-11,1019,0.0,False
2024-09-11,1020,0.0,False
2024-09-11,1021,0.0,False
2024-09-11,1022,0.0,False
2024-09-11,1023,0.0,False
2024-09-11,1024,0.0,False
2024-09-11,1025,0.0,False
2024-09-11,1026,0.0,False
2024-09-11,1027,0.0,False
2024-09-11,1028,0.0,False
2024-09-11,1029,0.0,False
2024-09-11,1030,0.0,False
2024-09-11,1031,0.5,False
2024-09-11,1032,0.0,False
2024-09-11,1033,0.0,False
2024-09-11,1034,0.0,False
2024-09-11,1035,0.0,False
2024-09-11,1036,0.0,False
2024-09-11,1037,0.0,False
2024-09-11,1038,0.0,False
2024-09-11,1039,0.0,False
2024-09-11,1040,0.0,False
2024-09-11,1041,0.0,False
2024-09-11,1042,0.0,False
2024-09-11,1043,0.0,False
2024-09-11,1044,0.0,False
2024-09-11,1045,0.0,False
2024-09-11,1046,0.0,False
2024-09-11,1047,0.0,False
2024-09-11,1048,0.5,False
2024-09-11,1049,0.0,False
2024-09-11,1050,0.0,False
2024-09-12,1001,0.0,False
2024-09-12,1002,0.0,False
2024-09-12,1003,0.0,False
2024-09-12,1004,1.0,False
2024-09-12,1005,0.0,False
2024-09-12,1006,0.0,False
2024-09-12,1007,0.0,False
2024-09-12,1008,0.0,False
2024-09-12,1009,0.0,False
2024-09-12,1010,0.0,False
2024-09-12,1011,0.0,False
2024-09-12,1012,0.0,False
2024-09-12,1013,0.0,False
2024-09-12,1014,0.0,False
2024-09-12,1015,0.0,False
2024-09-12,1016,0.0,False
2024-09-12,1017,0.0,False
2024-09-12,1018,0.0,False
2024-09-12,1019,0.0,False
2024-09-12,1020,0.0,False
2024-09-12,1021,0.0,False
2024-09-12,1022,0.0,False
2024-09-12,1023,0.0,False
2024-09-12,1024,0.0,False
2024-09-12,1025,0.0,False
2024-09-12,1026,0.0,False
2024-09-12,1027,0.0,False
2024-09-12,1028,0.0,False
2024-09-12,1029,0.0,False
2024-09-12,1030,0.0,False
2024-09-12,1031,0.0,False
2024-09-12,1032,0.0,False
2024-09-12,1033,0.0,False
2024-09-12,1034,0.0,False
2024-09-12,1035,0.0,False
2024-09-12,1036,0.0,False
2024-09-12,1037,0.0,False
2024-09-12,1038,0.0,False
2024-09-12,1039,0.0,False
2024-09-12,1040,0.0,False
2024-09-12,1041,0.0,False
2024-09-12,1042,0.0,False
2024-09-12,1043,0.0,False
2024-09-12,1044,0.0,False
2024-09-12,1045,0.0,False
2024-09-12,1046,0.0,False
2024-09-12,1047,0.0,False
2024-09-12,1048,0.0,False
2024-09-12,1049,0.0,False
2024-09-12,1050,0.0,False
2024-10-01,1001,0.0,False
2024-10-01,1002,0.0,False
2024-10-01,1003,0.0,False
2024-10-01,1004,0.0,False
2024-10-01,1005,0.0,False
2024-10-01,1006,0.0,False
2024-10-01,1007,0.0,False
2024-10-01,1008,0.0,False
2024-10-01,1009,0.0,False
2024-10-01,1010,0.0,False
2024-10-01,1011,0.0,False
2024-10-01,1012,0.0,False
2024-10-01,1013,0.0,False
2024-10-01,1014,0.0,False
2024-10-01,1015,0.0,False
2024-10-01,1016,0.0,False
2024-10-01,1017,0.0,False
2024-10-01,1018,0.0,False
2024-10-01,1019,0.0,False
2024-10-01,1020,0.0,False
2024-10-01,1021,0.0,False
2024-10-01,1022,0.0,False
2024-10-01,1023,0.0,False
2024-10-01,1024,0.0,False
2024-10-01,1025,0.0,False
2024-10-01,1026,0.0,False
2024-10-01,1027,0.0,False
2024-10-01,1028,0.0,False
2024-10-01,1029,0.0,False
2024-10-01,1030,0.0,False
2024-10-01,1031,0.0,False
2024-10-01,1032,0.0,False
2024-10-01,1033,0.0,False
2024-10-01,1034,0.0,False
2024-10-01,1035,0.0,False
2024-10-01,1036,0.0,False
2024-10-01,1037,0.0,False
2024-10-01,1038,0.0,False
2024-10-01,1039,0.0,False
2024-10-01,1040,0.0,False
2024-10-01,1041,0.0,False
2024-10-01,1042,0.0,False
2024-10-01,1043,0.0,False
2024-10-01,1044,0.0,False
2024-10-01,1045,0.0,False
2024-10-01,1046,0.0,False
2024-10-01,1047,0.0,False
2024-10-01,1048,0.0,False
2024-10-01,1049,0.0,False
2024-10-01,1050,0.0,False
2024-10-02,1001,0.0,False
2024-10-02,1002,0.0,False
2024-10-02,1003,0.0,False
2024-10-02,1004,0.0,False
2024-10-02,1005,0.0,False
2024-10-02,1006,0.0,False
2024-10-02,1007,0.0,False
2024-10-02,1008,0.0,False
2024-10-02,1009,0.0,False
2024-10-02,1010,0.0,False
2024-10-02,1011,0.0,False
2024-10-02,1012,0.0,False
2024-10-02,1013,0.0,False
2024-10-02,1014,0.0,False
2024-10-02,1015,0.0,False
2024-10-02,1016,0.0,False
2024-10-02,1017,0.0,False
2024-10-02,1018,0.0,False
2024-10-02,1019,0.0,False
2024-10-02,1020,0.0,False
2024-10-02,1021,0.0,False
2024-10-02,1022,0.0,False
2024-10-02,1023,0.0,False
2024-10-02,1024,2.0,False
2024-10-02,1025,0.0,False
2024-10-02,1026,0.0,False
2024-10-02,1027,0.0,False
2024-10-02,1028,0.0,False
2024-10-02,1029,0.0,False
2024-10-02,1030,0.0,False
2024-10-02,1031,0.0,False
2024-10-02,1032,0.0,False
2024-10-02,1033,0.0,False
2024-10-02,1034,0.0,False
2024-10-02,1035,0.0,False
2024-10-02,1036,0.0,False
2024-10-02,1037,0.0,False
2024-10-02,1038,0.0,False
2024-10-02,1039,0.0,False
2024-10-02,1040,0.0,False
2024-10-02,1041,0.0,False
2024-10-02,1042,0.0,False
2024-10-02,1043,0.0,False
2024-10-02,1044,0.5,False
2024-10-02,1045,0.0,False
2024-10-02,1046,0.0,False
2024-10-02,1047,0.0,False
2024-10-02,1048,0.0,False
2024-10-02,1049,0.0,False
2024-10-02,1050,0.0,False
2024-10-03,1001,0.0,False
2024-10-03,1002,0.0,False
2024-10-03,1003,7.0,False
2024-10-03,1004,0.0,False
2024-10-03,1005,0.0,False
2024-10-03,1006,0.0,False
2024-10-03,1007,0.0,False
2024-10-03,1008,0.0,False
2024-10-03,1009,0.0,False
2024-10-03,1010,0.0,False
2024-10-03,1011,0.0,False
2024-10-03,1012,0.0,False
2024-10-03,1013,0.0,False
2024-10-03,1014,0.0,False
2024-10-03,1015,0.0,False
2024-10-03,1016,0.0,False
2024-10-03,1017,0.0,False
2024-10-03,1018,0.0,False
2024-10-03,1019,0.0,False
2024-10-03,1020,0.0,False
2024-10-03,1021,0.0,False
2024-10-03,1022,0.0,False
2024-10-03,1023,0.0,False
2024-10-03,1024,0.0,False
2024-10-03,1025,0.0,False
2024-10-03,1026,0.0,False
2024-10-03,1027,0.0,False
2024-10-03,1028,0.0,False
2024-10-03,1029,0.0,False
2024-10-03,1030,0.0,False
2024-10-03,1031,0.0,False
2024-10-03,1032,1.0,False
2024-10-03,1033,0.0,False
2024-10-03,1034,0.0,False
2024-10-03,1035,0.0,False
2024-10-03,1036,0.0,False
2024-10-03,1037,0.0,False
2024-10-03,1038,0.0,False
2024-10-03,1039,0.0,False
2024-10-03,1040,0.0,False
2024-10-03,1041,0.0,False
2024-10-03,1042,0.0,False
2024-10-03,1043,0.0,False
2024-10-03,1044,0.0,False
2024-10-03,1045,0.0,False
2024-10-03,1046,0.0,False
2024-10-03,1047,0.0,False
2024-10-03,1048,0.0,False
2024-10-03,1049,0.0,False
2024-10-03,1050,0.0,False
2024-10-04,1001,0.0,False
2024-10-04,1002,0.0,False
2024-10-04,1003,0.0,False
2024-10-04,1004,0.0,False
2024-10-04,1005,0.0,False
2024-10-04,1006,0.0,False
2024-10-04,1007,0.0,False
2024-10-04,1008,0.0,False
2024-10-04,1009,0.0,False
2024-10-04,1010,0.0,False
2024-10-04,1011,0.0,False
2024-10-04,1012,0.0,False
2024-10-04,1013,0.0,False
2024-10-04,1014,0.0,False
2024-10-04,1015,0.0,False
2024-10-04,1016,0.0,False
2024-10-04,1017,0.0,False
2024-10-04,1018,0.0,False
2024-10-04,1019,0.0,False
2024-10-04,1020,0.0,False
2024-10-04,1021,0.0,False
2024-10-04,1022,0.0,False
2024-10-04,1023,0.0,False
2024-10-04,1024,0.0,False
2024-10-04,1025,0.0,False
2024-10-04,1026,0.0,False
2024-10-04,1027,0.0,False
2024-10-04,1028,0.0,False
2024-10-04,1029,0.0,False
2024-10-04,1030,0.0,False
2024-10-04,1031,0.0,False
2024-10-04,1032,0.0,False
2024-10-04,1033,0.0,False
2024-10-04,1034,0.0,False
2024-10-04,1035,0.0,False
2024-10-04,1036,0.0,False
2024-10-04,1037,0.0,False
2024-10-04,1038,0.0,False
2024-10-04,1039,0.0,False
2024-10-04,1040,0.0,False
2024-10-04,1041,0.0,False
2024-10-04,1042,0.0,False
2024-10-04,1043,0.0,False
2024-10-04,1044,0.0,False
2024-10-04,1045,0.0,False
2024-10-04,1046,0.0,False
2024-10-04,1047,0.0,False
2024-10-04,1048,0.0,False
2024-10-04,1049,0.0,False
2024-10-04,1050,0.0,False
2024-10-05,1001,3.5,False
2024-10-05,1002,11.0,False
2024-10-05,1003,8.5,False
2024-10-05,1004,0.0,False
2024-10-05,1005,11.0,False
2024-10-05,1006,0.0,False
2024-10-05,1007,0.0,False
2024-10-05,1008,0.0,False
2024-10-05,1009,0.0,False
2024-10-05,1010,0.0,False
2024-10-05,1011,0.0,False
2024-10-05,1012,0.0,False
2024-10-05,1013,0.0,False
2024-10-05,1014,5.5,False
2024-10-05,1015,0.0,False
2024-10-05,1016,0.0,False
2024-10-05,1017,0.0,False
2024-10-05,1018,0.0,False
2024-10-05,1019,14.0,False
2024-10-05,1020,0.0,False
2024-10-05,1021,0.0,False
2024-10-05,1022,0.0,False
2024-10-05,1023,0.0,False
2024-10-05,1024,0.0,False
2024-10-05,1025,3.5,False
2024-10-05,1026,8.0,False
2024-10-05,1027,0.0,False
2024-10-05,1028,0.0,False
2024-10-05,1029,10.5,False
2024-10-05,1030,10.5,False
2024-10-05,1031,0.0,False
2024-10-05,1032,0.0,False
2024-10-05,1033,0.0,False
2024-10-05,1034,0.0,False
2024-10-05,1035,0.0,False
2024-10-05,1036,1.5,False
2024-10-05,1037,0.0,False
2024-10-05,1038,0.0,False
2024-10-05,1039,0.0,False
2024-10-05,1040,0.0,False
2024-10-05,1041,14.0,False
2024-10-05,1042,0.0,False
2024-10-05,1043,0.0,False
2024-10-05,1044,0.0,False
2024-10-05,1045,0.0,False
2024-10-05,1046,2.5,False
2024-10-05,1047,0.0,False
2024-10-05,1048,37.0,False
2024-10-05,1049,0.0,False
2024-10-05,1050,0.0,False
2024-10-06,1001,0.0,False
2024-10-06,1002,0.0,False
2024-10-06,1003,0.0,False
2024-10-06,1004,0.0,False
2024-10-06,1005,0.0,False
2024-10-06,1006,0.0,False
2024-10-06,1007,0.0,False
2024-10-06,1008,0.0,False
2024-10-06,1009,0.0,False
2024-10-06,1010,0.0,False
2024-10-06,1011,0.0,False
2024-10-06,1012,0.0,False
2024-10-06,1013,0.0,False
2024-10-06,1014,0.0,False
2024-10-06,1015,0.0,False
2024-10-06,1016,0.0,False
2024-10-06,1017,0.0,False
2024-10-06,1018,0.0,False
2024-10-06,1019,0.0,False
2024-10-06,1020,0.0,False
2024-10-06,1021,0.0,False
2024-10-06,1022,0.0,False
2024-10-06,1023,0.0,False
2024-10-06,1024,0.0,False
2024-10-06,1025,0.0,False
2024-10-06,1026,0.0,False
2024-10-06,1027,0.0,False
2024-10-06,1028,0.0,False
2024-10-06,1029,0.0,False
2024-10-06,1030,0.0,False
2024-10-06,1031,0.0,False
2024-10-06,1032,0.0,False
2024-10-06,1033,0.0,False
2024-10-06,1034,0.0,False
2024-10-06,1035,0.0,False
2024-10-06,1036,0.0,False
2024-10-06,1037,0.0,False
2024-10-06,1038,0.0,False
2024-10-06,1039,0.0,False
2024-10-06,1040,0.0,False
2024-10-06,1041,0.0,False
2024-10-06,1042,0.0,False
2024-10-06,1043,0.0,False
2024-10-06,1044,0.0,False
2024-10-06,1045,0.0,False
2024-10-06,1046,0.0,False
2024-10-06,1047,0.0,False
2024-10-06,1048,0.0,False
2024-10-06,1049,0.0,False
2024-10-06,1050,0.0,False
2024-10-07,1001,0.0,False
2024-10-07,1002,0.0,False
2024-10-07,1003,78.0,False
2024-10-07,1004,0.0,False
2024-10-07,1005,1.0,False
2024-10-07,1006,2.0,False
2024-10-07,1007,0.0,False
2024-10-07,1008,0.0,False
2024-10-07,1009,0.5,False
2024-10-07,1010,15.5,False
2024-10-07,1011,24.5,False
2024-10-07,1012,0.0,False
2024-10-07,1013,0.0,False
2024-10-07,1014,3.5,False
2024-10-07,1015,0.0,False
2024-10-07,1016,0.0,False
2024-10-07,1017,0.0,False
2024-10-07,1018,0.0,False
2024-10-07,1019,0.0,False
2024-10-07,1020,0.0,False
2024-10-07,1021,0.0,False
2024-10-07,1022,0.0,False
2024-10-07,1023,0.0,False
2024-10-07,1024,0.0,False
2024-10-07,1025,0.0,False
2024-10-07,1026,0.0,False
2024-10-07,1027,4.0,False
2024-10-07,1028,0.0,False
2024-10-07,1029,0.0,False
2024-10-07,1030,1.0,False
2024-10-07,1031,0.0,False
2024-10-07,1032,12.0,False
2024-10-07,1033,0.5,False
2024-10-07,1034,0.0,False
2024-10-07,1035,0.0,False
2024-10-07,1036,0.0,False
2024-10-07,1037,0.0,False
2024-10-07,1038,0.0,False
2024-10-07,1039,0.0,False
2024-10-07,1040,0.0,False
2024-10-07,1041,0.0,False
2024-10-07,1042,2.5,False
2024-10-07,1043,0.0,False
2024-10-07,1044,2.0,False
2024-10-07,1045,5.5,False
2024-10-07,1046,0.0,False
2024-10-07,1047,1.0,False
2024-10-07,1048,0.0,False
2024-10-07,1049,0.0,False
2024-10-07,1050,0.0,False
2024-10-08,1001,0.0,False
2024-10-08,1002,0.0,False
2024-10-08,1003,0.0,False
2024-10-08,1004,0.0,False
2024-10-08,1005,0.0,False
2024-10-08,1006,0.0,False
2024-10-08,1007,0.0,False
2024-10-08,1008,0.0,False
2024-10-08,1009,0.0,False
2024-10-08,1010,0.0,False
2024-10-08,1011,0.5,False
2024-10-08,1012,0.0,False
2024-10-08,1013,0.0,False
2024-10-08,1014,0.0,False
2024-10-08,1015,0.0,False
2024-10-08,1016,0.0,False
2024-10-08,1017,0.0,False
2024-10-08,1018,0.0,False
2024-10-08,1019,0.0,False
2024-10-08,1020,0.0,False
2024-10-08,1021,0.0,False
2024-10-08,1022,0.0,False
2024-10-08,1023,0.0,False
2024-10-08,1024,0.0,False
2024-10-08,1025,0.0,False
2024-10-08,1026,0.0,False
2024-10-08,1027,0.0,False
2024-10-08,1028,0.0,False
2024-10-08,1029,0.0,False
2024-10-08,1030,0.0,False
2024-10-08,1031,0.0,False
2024-10-08,1032,0.0,False
2024-10-08,1033,0.0,False
2024-10-08,1034,0.0,False
2024-10-08,1035,0.0,False
2024-10-08,1036,0.0,False
2024-10-08,1037,0.0,False
2024-10-08,1038,0.0,False
2024-10-08,1039,0.0,False
2024-10-08,1040,0.0,False
2024-10-08,1041,0.5,False
2024-10-08,1042,0.0,False
2024-10-08,1043,0.0,False
2024-10-08,1044,0.0,False
2024-10-08,1045,0.0,False
2024-10-08,1046,0.0,False
2024-10-08,1047,0.0,False
2024-10-08,1048,0.0,False
2024-10-08,1049,0.0,False
2024-10-08,1050,0.0,False
2024-10-09,1001,0.0,False
2024-10-09,1002,0.0,False
2024-10-09,1003,0.5,False
2024-10-09,1004,0.0,False
2024-10-09,1005,0.0,False
2024-10-09,1006,0.0,False
2024-10-09,1007,0.0,False
2024-10-09,1008,0.0,False
2024-10-09,1009,3.5,False
2024-10-09,1010,0.0,False
2024-10-09,1011,1.0,False
2024-10-09,1012,1.5,False
2024-10-09,1013,0.0,False
2024-10-09,1014,0.0,False
2024-10-09,1015,2.5,False
2024-10-09,1016,0.0,False
2024-10-09,1017,0.0,False
2024-10-09,1018,2.5,False
2024-10-09,1019,0.0,False
2024-10-09,1020,0.0,False
2024-10-09,1021,0.0,False
2024-10-09,1022,0.0,False
2024-10-09,1023,0.0,False
2024-10-09,1024,0.0,False
2024-10-09,1025,0.0,False
2024-10-09,1026,0.0,False
2024-10-09,1027,0.0,False
2024-10-09,1028,1.0,False
2024-10-09,1029,0.0,False
2024-10-09,1030,0.0,False
2024-10-09,1031,0.0,False
2024-10-09,1032,1.5,False
2024-10-09,1033,3.5,False
2024-10-09,1034,1.0,False
2024-10-09,1035,0.0,False
2024-10-09,1036,0.0,False
2024-10-09,1037,0.0,False
2024-10-09,1038,0.0,False
2024-10-09,1039,0.0,False
2024-10-09,1040,0.0,False
2024-10-09,1041,1.0,False
2024-10-09,1042,6.0,False
2024-10-09,1043,0.0,False
2024-10-09,1044,0.0,False
2024-10-09,1045,0.0,False
2024-10-09,1046,2.0,False
2024-10-09,1047,0.0,False
2024-10-09,1048,0.5,False
2024-10-09,1049,0.0,False
2024-10-09,1050,0.0,False
2024-10-10,1001,0.5,False
2024-10-10,1002,2.5,False
2024-10-10,1003,1.0,False
2024-10-10,1004,0.5,False
2024-10-10,1005,1.0,False
2024-10-10,1006,0.5,False
2024-10-10,1007,0.0,False
2024-10-10,1008,0.0,False
2024-10-10,1009,0.5,False
2024-10-10,1010,1.0,False
2024-10-10,1011,5.5,False
2024-10-10,1012,0.5,False
2024-10-10,1013,0.5,False
2024-10-10,1014,0.5,False
2024-10-10,1015,0.5,False
2024-10-10,1016,0.5,False
2024-10-10,1017,2.0,False
2024-10-10,1018,0.5,False
2024-10-10,1019,2.0,False
2024-10-10,1020,1.5,False
2024-10-10,1021,5.0,False
2024-10-10,1022,0.5,False
2024-10-10,1023,0.5,False
2024-10-10,1024,0.5,False
2024-10-10,1025,4.5,False
2024-10-10,1026,0.0,False
2024-10-10,1027,3.0,False
2024-10-10,1028,0.0,False
2024-10-10,1029,1.5,False
2024-10-10,1030,1.0,False
2024-10-10,1031,0.5,False
2024-10-10,1032,1.0,False
2024-10-10,1033,0.5,False
2024-10-10,1034,1.0,False
2024-10-10,1035,2.0,False
2024-10-10,1036,5.5,False
2024-10-10,1037,0.0,False
2024-10-10,1038,3.0,False
2024-10-10,1039,0.5,False
2024-10-10,1040,1.0,False
2024-10-10,1041,5.0,False
2024-10-10,1042,9.5,False
2024-10-10,1043,0.5,False
2024-10-10,1044,1.0,False
2024-10-10,1045,4.0,False
2024-10-10,1046,0.5,False
2024-10-10,1047,1.0,False
2024-10-10,1048,10.5,False
2024-10-10,1049,0.0,False
2024-10-10,1050,8.5,False
2024-10-11,1001,0.0,False
2024-10-11,1002,0.0,False
2024-10-11,1003,0.0,False
2024-10-11,1004,0.0,False
2024-10-11,1005,0.0,False
2024-10-11,1006,0.0,False
2024-10-11,1007,0.0,False
2024-10-11,1008,0.0,False
2024-10-11,1009,0.0,False
2024-10-11,1010,0.0,False
2024-10-11,1011,0.0,False
2024-10-11,1012,0.0,False
2024-10-11,1013,0.0,False
2024-10-11,1014,0.0,False
2024-10-11,1015,0.0,False
2024-10-11,1016,0.0,False
2024-10-11,1017,0.0,False
2024-10-11,1018,0.0,False
2024-10-11,1019,0.0,False
2024-10-11,1020,0.0,False
2024-10-11,1021,0.0,False
2024-10-11,1022,0.0,False
2024-10-11,1023,0.0,False
2024-10-11,1024,0.0,False
2024-10-11,1025,0.0,False
2024-10-11,1026,0.0,False
2024-10-11,1027,0.0,False
2024-10-11,1028,0.0,False
2024-10-11,1029,0.0,False
2024-10-11,1030,0.0,False
2024-10-11,1031,0.0,False
2024-10-11,1032,0.0,False
2024-10-11,1033,0.0,False
2024-10-11,1034,0.0,False
2024-10-11,1035,0.0,False
2024-10-11,1036,0.0,False
2024-10-11,1037,0.0,False
2024-10-11,1038,0.0,False
2024-10-11,1039,0.0,False
2024-10-11,1040,0.0,False
2024-10-11,1041,0.0,False
2024-10-11,1042,0.0,False
2024-10-11,1043,0.0,False
2024-10-11,1044,0.0,False
2024-10-11,1045,0.0,False
2024-10-11,1046,0.5,False
2024-10-11,1047,0.0,False
2024-10-11,1048,0.0,False
2024-10-11,1049,0.0,False
2024-10-11,1050,0.0,False
2024-10-12,1001,0.0,False
2024-10-12,1002,0.0,False
2024-10-12,1003,57.0,False
2024-10-12,1004,0.0,False
2024-10-12,1005,0.0,False
2024-10-12,1006,0.0,False
2024-10-12,1007,0.0,False
2024-10-12,1008,0.0,False
2024-10-12,1009,0.0,False
2024-10-12,1010,0.0,False
2024-10-12,1011,0.0,False
2024-10-12,1012,0.0,False
2024-10-12,1013,0.0,False
2024-10-12,1014,0.0,False
2024-10-12,1015,0.0,False
2024-10-12,1016,0.0,False
2024-10-12,1017,0.0,False
2024-10-12,1018,0.0,False
2024-10-12,1019,0.0,False
2024-10-12,1020,0.0,False
2024-10-12,1021,0.0,False
2024-10-12,1022,0.0,False
2024-10-12,1023,0.0,False
2024-10-12,1024,0.0,False
2024-10-12,1025,0.0,False
2024-10-12,1026,0.0,False
2024-10-12,1027,0.0,False
2024-10-12,1028,0.0,False
2024-10-12,1029,0.0,False
2024-10-12,1030,0.0,False
2024-10-12,1031,0.0,False
2024-10-12,1032,0.0,False
2024-10-12,1033,0.0,False
2024-10-12,1034,0.0,False
2024-10-12,1035,0.0,False
2024-10-12,1036,0.0,False
2024-10-12,1037,0.0,False
2024-10-12,1038,0.0,False
2024-10-12,1039,0.0,False
2024-10-12,1040,0.0,False
2024-10-12,1041,0.0,False
2024-10-12,1042,0.0,False
2024-10-12,1043,0.0,False
2024-10-12,1044,0.0,False
2024-10-12,1045,0.0,False
2024-10-12,1046,0.0,False
2024-10-12,1047,0.0,False
2024-10-12,1048,0.0,False
2024-10-12,1049,0.0,False
2024-10-12,1050,0.0,False
2024-11-01,1001,0.0,False
2024-11-01,1002,0.0,False
2024-11-01,1003,0.0,False
2024-11-01,1004,0.0,False
2024-11-01,1005,0.0,False
2024-11-01,1006,0.0,False
2024-11-01,1007,0.0,False
2024-11-01,1008,0.0,False
2024-11-01,1009,0.0,False
2024-11-01,1010,0.0,False
2024-11-01,1011,0.0,False
2024-11-01,1012,0.0,False
2024-11-01,1013,0.0,False
2024-11-01,1014,0.0,False
2024-11-01,1015,0.0,False
2024-11-01,1016,0.0,False
2024-11-01,1017,0.0,False
2024-11-01,1018,0.0,False
2024-11-01,1019,0.0,False
2024-11-01,1020,0.0,False
2024-11-01,1021,0.0,False
2024-11-01,1022,0.0,False
2024-11-01,1023,0.0,False
2024-11-01,1024,0.0,False
2024-11-01,1025,0.0,False
2024-11-01,1026,0.0,False
2024-11-01,1027,0.0,False
2024-11-01,1028,0.0,False
2024-11-01,1029,0.0,False
2024-11-01,1030,0.0,False
2024-11-01,1031,0.0,False
2024-11-01,1032,0.0,False
2024-11-01,1033,0.0,False
2024-11-01,1034,0.0,False
2024-11-01,1035,0.0,False
2024-11-01,1036,0.0,False
2024-11-01,1037,0.0,False
2024-11-01,1038,0.0,False
2024-11-01,1039,0.0,False
2024-11-01,1040,1.0,False
2024-11-01,1041,0.0,False
2024-11-01,1042,0.0,False
2024-11-01,1043,0.0,False
2024-11-01,1044,0.0,False
2024-11-01,1045,0.0,False
2024-11-01,1046,0.0,False
2024-11-01,1047,0.0,False
2024-11-01,1048,0.0,False
2024-11-01,1049,0.0,False
2024-11-01,1050,0.0,False
2024-11-02,1001,17.0,False
2024-11-02,1002,2.5,False
2024-11-02,1003,0.0,False
2024-11-02,1004,8.5,False
2024-11-02,1005,0.0,False
2024-11-02,1006,0.0,False
2024-11-02,1007,9.5,False
2024-11-02,1008,5.0,False
2024-11-02,1009,0.0,False
2024-11-02,1010,0.0,False
2024-11-02,1011,0.0,False
2024-11-02,1012,6.0,False
2024-11-02,1013,15.5,False
2024-11-02,1014,0.0,False
2024-11-02,1015,24.0,False
2024-11-02,1016,29.5,False
2024-11-02,1017,0.0,False
2024-11-02,1018,10.5,False
2024-11-02,1019,33.0,False
2024-11-02,1020,23.0,False
2024-11-02,1021,7.5,False
2024-11-02,1022,32.0,False
2024-11-02,1023,12.0,False
2024-11-02,1024,19.5,False
2024-11-02,1025,3.0,False
2024-11-02,1026,0.0,False
2024-11-02,1027,0.0,False
2024-11-02,1028,18.5,False
2024-11-02,1029,10.0,False
2024-11-02,1030,0.0,False
2024-11-02,1031,20.5,False
2024-11-02,1032,0.0,False
2024-11-02,1033,0.0,False
2024-11-02,1034,0.0,False
2024-11-02,1035,19.0,False
2024-11-02,1036,0.0,False
2024-11-02,1037,0.0,False
2024-11-02,1038,0.0,False
2024-11-02,1039,0.0,False
2024-11-02,1040,36.5,False
2024-11-02,1041,0.0,False
2024-11-02,1042,0.0,False
2024-11-02,1043,0.0,False
2024-11-02,1044,0.0,False
2024-11-02,1045,0.0,False
2024-11-02,1046,0.0,False
2024-11-02,1047,0.5,False
2024-11-02,1048,68.5,False
2024-11-02,1049,2.0,False
2024-11-02,1050,3.5,False
2024-11-03,1001,0.0,False
2024-11-03,1002,0.0,False
2024-11-03,1003,3.5,False
2024-11-03,1004,0.0,False
2024-11-03,1005,0.0,False
2024-11-03,1006,0.0,False
2024-11-03,1007,0.0,False
2024-11-03,1008,0.0,False
2024-11-03,1009,0.0,False
2024-11-03,1010,32.0,False
2024-11-03,1011,4.5,False
2024-11-03,1012,0.0,False
2024-11-03,1013,0.0,False
2024-11-03,1014,0.0,False
2024-11-03,1015,0.0,False
2024-11-03,1016,0.0,False
2024-11-03,1017,0.0,False
2024-11-03,1018,0.0,False
2024-11-03,1019,0.0,False
2024-11-03,1020,0.0,False
2024-11-03,1021,0.0,False
2024-11-03,1022,0.0,False
2024-11-03,1023,0.0,False
2024-11-03,1024,0.0,False
2024-11-03,1025,0.0,False
2024-11-03,1026,0.0,False
2024-11-03,1027,0.0,False
2024-11-03,1028,0.0,False
2024-11-03,1029,0.0,False
2024-11-03,1030,0.0,False
2024-11-03,1031,0.0,False
2024-11-03,1032,0.5,False
2024-11-03,1033,0.0,False
2024-11-03,1034,0.0,False
2024-11-03,1035,0.0,False
2024-11-03,1036,0.0,False
2024-11-03,1037,0.0,False
2024-11-03,1038,0.0,False
2024-11-03,1039,0.0,False
2024-11-03,1040,0.0,False
2024-11-03,1041,0.0,False
2024-11-03,1042,0.0,False
2024-11-03,1043,0.0,False
2024-11-03,1044,0.5,False
2024-11-03,1045,0.0,False
2024-11-03,1046,16.0,False
2024-11-03,1047,0.0,False
2024-11-03,1048,0.0,False
2024-11-03,1049,0.0,False
2024-11-03,1050,0.0,False
2024-11-04,1001,1.5,False
2024-11-04,1002,1.0,False
2024-11-04,1003,0.0,False
2024-11-04,1004,0.0,False
2024-11-04,1005,0.0,False
2024-11-04,1006,0.0,False
2024-11-04,1007,2.0,False
2024-11-04,1008,1.5,False
2024-11-04,1009,0.5,False
2024-11-04,1010,0.0,False
2024-11-04,1011,0.0,False
2024-11-04,1012,0.5,False
2024-11-04,1013,0.0,False
2024-11-04,1014,1.5,False
2024-11-04,1015,0.0,False
2024-11-04,1016,0.0,False
2024-11-04,1017,0.0,False
2024-11-04,1018,0.0,False
2024-11-04,1019,13.5,False
2024-11-04,1020,2.0,False
2024-11-04,1021,0.0,False
2024-11-04,1022,3.0,False
2024-11-04,1023,6.5,False
2024-11-04,1024,0.0,False
2024-11-04,1025,1.0,False
2024-11-04,1026,0.5,False
2024-11-04,1027,0.0,False
2024-11-04,1028,0.0,False
2024-11-04,1029,2.0,False
2024-11-04,1030,9.5,False
2024-11-04,1031,0.0,False
2024-11-04,1032,0.0,False
2024-11-04,1033,0.5,False
2024-11-04,1034,0.0,False
2024-11-04,1035,0.5,False
2024-11-04,1036,0.5,False
2024-11-04,1037,2.5,False
2024-11-04,1038,0.0,False
2024-11-04,1039,0.0,False
2024-11-04,1040,23.5,False
2024-11-04,1041,0.0,False
2024-11-04,1042,5.0,False
2024-11-04,1043,0.0,False
2024-11-04,1044,0.0,False
2024-11-04,1045,0.0,False
2024-11-04,1046,0.0,False
2024-11-04,1047,0.0,False
2024-11-04,1048,27.5,False
2024-11-04,1049,0.0,False
2024-11-04,1050,0.0,False
2024-11-05,1001,0.0,False
2024-11-05,1002,0.0,False
2024-11-05,1003,1.0,False
2024-11-05,1004,0.0,False
2024-11-05,1005,0.0,False
2024-11-05,1006,0.0,False
2024-11-05,1007,0.0,False
2024-11-05,1008,0.0,False
2024-11-05,1009,0.0,False
2024-11-05,1010,0.0,False
2024-11-05,1011,0.0,False
2024-11-05,1012,0.0,False
2024-11-05,1013,0.0,False
2024-11-05,1014,0.0,False
2024-11-05,1015,0.0,False
2024-11-05,1016,0.0,False
2024-11-05,1017,0.0,False
2024-11-05,1018,0.0,False
2024-11-05,1019,3.0,False
2024-11-05,1020,4.5,False
2024-11-05,1021,0.5,False
2024-11-05,1022,0.0,False
2024-11-05,1023,0.0,False
2024-11-05,1024,0.0,False
2024-11-05,1025,0.0,False
2024-11-05,1026,0.0,False
2024-11-05,1027,0.0,False
2024-11-05,1028,0.0,False
2024-11-05,1029,0.0,False
2024-11-05,1030,0.0,False
2024-11-05,1031,0.0,False
2024-11-05,1032,0.0,False
2024-11-05,1033,1.0,False
2024-11-05,1034,0.0,False
2024-11-05,1035,0.0,False
2024-11-05,1036,0.0,False
2024-11-05,1037,0.0,False
2024-11-05,1038,0.0,False
2024-11-05,1039,0.0,False
2024-11-05,1040,0.0,False
2024-11-05,1041,0.0,False
2024-11-05,1042,0.0,False
2024-11-05,1043,0.0,False
2024-11-05,1044,0.0,False
2024-11-05,1045,0.0,False
2024-11-05,1046,0.0,False
2024-11-05,1047,0.0,False
2024-11-05,1048,1.0,False
2024-11-05,1049,0.0,False
2024-11-05,1050,7.5,False
2024-11-06,1001,0.0,False
2024-11-06,1002,0.0,False
2024-11-06,1003,1.0,False
2024-11-06,1004,0.0,False
2024-11-06,1005,0.0,False
2024-11-06,1006,0.0,False
2024-11-06,1007,0.0,False
2024-11-06,1008,0.0,False
2024-11-06,1009,0.0,False
2024-11-06,1010,0.0,False
2024-11-06,1011,0.5,False
2024-11-06,1012,0.0,False
2024-11-06,1013,0.0,False
2024-11-06,1014,0.0,False
2024-11-06,1015,0.0,False
2024-11-06,1016,0.0,False
2024-11-06,1017,0.0,False
2024-11-06,1018,0.0,False
2024-11-06,1019,0.0,False
2024-11-06,1020,0.0,False
2024-11-06,1021,1.0,False
2024-11-06,1022,0.0,False
2024-11-06,1023,0.0,False
2024-11-06,1024,0.0,False
2024-11-06,1025,0.0,False
2024-11-06,1026,0.0,False
2024-11-06,1027,0.0,False
2024-11-06,1028,0.0,False
2024-11-06,1029,0.0,False
2024-11-06,1030,0.0,False
2024-11-06,1031,0.0,False
2024-11-06,1032,0.0,False
2024-11-06,1033,0.0,False
2024-11-06,1034,0.0,False
2024-11-06,1035,0.0,False
2024-11-06,1036,0.0,False
2024-11-06,1037,0.0,False
2024-11-06,1038,0.0,False
2024-11-06,1039,0.0,False
2024-11-06,1040,0.0,False
2024-11-06,1041,0.0,False
2024-11-06,1042,0.0,False
2024-11-06,1043,0.0,False
2024-11-06,1044,0.5,False
2024-11-06,1045,0.0,False
2024-11-06,1046,0.0,False
2024-11-06,1047,1.0,False
2024-11-06,1048,0.0,False
2024-11-06,1049,0.5,False
2024-11-06,1050,0.0,False
2024-11-07,1001,11.0,False
2024-11-07,1002,12.0,False
2024-11-07,1003,8.0,False
2024-11-07,1004,0.0,False
2024-11-07,1005,6.5,False
2024-11-07,1006,1.5,False
2024-11-07,1007,1.5,False
2024-11-07,1008,2.5,False
2024-11-07,1009,0.0,False
2024-11-07,1010,3.0,False
2024-11-07,1011,2.0,False
2024-11-07,1012,0.0,False
2024-11-07,1013,0.0,False
2024-11-07,1014,8.5,False
2024-11-07,1015,0.0,False
2024-11-07,1016,0.0,False
2024-11-07,1017,11.0,False
2024-11-07,1018,0.0,False
2024-11-07,1019,15.0,False
2024-11-07,1020,5.0,False
2024-11-07,1021,3.5,False
2024-11-07,1022,4.5,False
2024-11-07,1023,0.5,False
2024-11-07,1024,0.0,False
2024-11-07,1025,11.5,False
2024-11-07,1026,2.5,False
2024-11-07,1027,2.5,False
2024-11-07,1028,0.0,False
2024-11-07,1029,4.5,False
2024-11-07,1030,9.5,False
2024-11-07,1031,0.0,False
2024-11-07,1032,0.0,False
2024-11-07,1033,0.0,False
2024-11-07,1034,0.0,False
2024-11-07,1035,0.0,False
2024-11-07,1036,0.0,False
2024-11-07,1037,2.5,False
2024-11-07,1038,3.5,False
2024-11-07,1039,0.5,False
2024-11-07,1040,1.5,False
2024-11-07,1041,0.5,False
2024-11-07,1042,3.0,False
2024-11-07,1043,0.0,False
2024-11-07,1044,1.5,False
2024-11-07,1045,8.5,False
2024-11-07,1046,18.5,False
2024-11-07,1047,2.5,False
2024-11-07,1048,21.5,False
2024-11-07,1049,0.0,False
2024-11-07,1050,6.5,False
2024-11-08,1001,0.5,False
2024-11-08,1002,0.0,False
2024-11-08,1003,1.5,False
2024-11-08,1004,0.0,False
2024-11-08,1005,2.0,False
2024-11-08,1006,0.0,False
2024-11-08,1007,0.0,False
2024-11-08,1008,0.0,False
2024-11-08,1009,0.0,False
2024-11-08,1010,1.5,False
2024-11-08,1011,0.0,False
2024-11-08,1012,0.0,False
2024-11-08,1013,0.0,False
2024-11-08,1014,0.0,False
2024-11-08,1015,0.0,False
2024-11-08,1016,0.0,False
2024-11-08,1017,0.0,False
2024-11-08,1018,0.0,False
2024-11-08,1019,0.0,False
2024-11-08,1020,0.0,False
2024-11-08,1021,0.0,False
2024-11-08,1022,0.5,False
2024-11-08,1023,0.0,False
2024-11-08,1024,0.0,False
2024-11-08,1025,0.0,False
2024-11-08,1026,0.0,False
2024-11-08,1027,0.0,False
2024-11-08,1028,0.0,False
2024-11-08,1029,0.0,False
2024-11-08,1030,0.5,False
2024-11-08,1031,0.0,False
2024-11-08,1032,0.0,False
2024-11-08,1033,0.0,False
2024-11-08,1034,0.0,False
2024-11-08,1035,0.0,False
2024-11-08,1036,0.0,False
2024-11-08,1037,0.0,False
2024-11-08,1038,0.0,False
2024-11-08,1039,0.0,False
2024-11-08,1040,0.0,False
2024-11-08,1041,0.0,False
2024-11-08,1042,0.0,False
2024-11-08,1043,0.0,False
2024-11-08,1044,0.0,False
2024-11-08,1045,0.5,False
2024-11-08,1046,0.0,False
2024-11-08,1047,0.0,False
2024-11-08,1048,0.0,False
2024-11-08,1049,0.0,False
2024-11-08,1050,0.0,False
2024-11-09,1001,2.0,False
2024-11-09,1002,3.0,False
2024-11-09,1003,41.5,False
2024-11-09,1004,4.5,False
2024-11-09,1005,0.0,False
2024-11-09,1006,16.5,False
2024-11-09,1007,7.5,False
2024-11-09,1008,6.0,False
2024-11-09,1009,8.5,False
2024-11-09,1010,18.0,False
2024-11-09,1011,20.0,False
2024-11-09,1012,17.0,False
2024-11-09,1013,1.0,False
2024-11-09,1014,3.5,False
2024-11-09,1015,1.5,False
2024-11-09,1016,1.0,False
2024-11-09,1017,16.0,False
2024-11-09,1018,1.5,False
2024-11-09,1019,0.5,False
2024-11-09,1020,2.5,False
2024-11-09,1021,1.0,False
2024-11-09,1022,0.5,False
2024-11-09,1023,0.0,False
2024-11-09,1024,0.5,False
2024-11-09,1025,1.5,False
2024-11-09,1026,7.0,False
2024-11-09,1027,9.5,False
2024-11-09,1028,8.0,False
2024-11-09,1029,1.0,False
2024-11-09,1030,0.5,False
2024-11-09,1031,2.0,False
2024-11-09,1032,17.0,False
2024-11-09,1033,18.0,False
2024-11-09,1034,8.0,False
2024-11-09,1035,1.5,False
2024-11-09,1036,0.0,False
2024-11-09,1037,6.5,False
2024-11-09,1038,3.5,False
2024-11-09,1039,11.0,False
2024-11-09,1040,0.0,False
2024-11-09,1041,0.0,False
2024-11-09,1042,0.5,False
2024-11-09,1043,1.0,False
2024-11-09,1044,14.5,False
2024-11-09,1045,18.5,False
2024-11-09,1046,8.0,False
2024-11-09,1047,0.0,False
2024-11-09,1048,0.0,False
2024-11-09,1049,0.0,False
2024-11-09,1050,2.0,False
2024-11-10,1001,51.5,False
2024-11-10,1002,55.5,False
2024-11-10,1003,0.0,False
2024-11-10,1004,9.5,False
2024-11-10,1005,12.5,False
2024-11-10,1006,0.5,False
2024-11-10,1007,18.0,False
2024-11-10,1008,19.5,False
2024-11-10,1009,4.5,False
2024-11-10,1010,0.0,False
2024-11-10,1011,30.0,False
2024-11-10,1012,5.5,False
2024-11-10,1013,17.5,False
2024-11-10,1014,37.0,False
2024-11-10,1015,22.0,False
2024-11-10,1016,29.0,False
2024-11-10,1017,20.5,False
2024-11-10,1018,22.5,False
2024-11-10,1019,52.0,False
2024-11-10,1020,53.0,False
2024-11-10,1021,30.5,False
2024-11-10,1022,53.5,False
2024-11-10,1023,32.0,False
2024-11-10,1024,11.0,False
2024-11-10,1025,58.5,False
2024-11-10,1026,21.0,False
2024-11-10,1027,0.0,False
2024-11-10,1028,4.0,False
2024-11-10,1029,67.0,False
2024-11-10,1030,38.0,False
2024-11-10,1031,7.0,False
2024-11-10,1032,7.5,False
2024-11-10,1033,5.0,False
2024-11-10,1034,12.0,False
2024-11-10,1035,14.5,False
2024-11-10,1036,20.5,False
2024-11-10,1037,23.0,False
2024-11-10,1038,9.0,False
2024-11-10,1039,15.5,False
2024-11-10,1040,76.0,False
2024-11-10,1041,22.0,False
2024-11-10,1042,12.5,False
2024-11-10,1043,1.0,False
2024-11-10,1044,0.0,False
2024-11-10,1045,10.5,False
2024-11-10,1046,7.0,False
2024-11-10,1047,6.0,False
2024-11-10,1048,40.0,False
2024-11-10,1049,20.0,False
2024-11-10,1050,72.5,False
2024-11-11,1001,0.0,False
2024-11-11,1002,0.0,False
2024-11-11,1003,0.0,False
2024-11-11,1004,0.0,False
2024-11-11,1005,0.0,False
2024-11-11,1006,0.0,False
2024-11-11,1007,0.0,False
2024-11-11,1008,0.0,False
2024-11-11,1009,0.0,False
2024-11-11,1010,0.0,False
2024-11-11,1011,0.0,False
2024-11-11,1012,0.0,False
2024-11-11,1013,0.0,False
2024-11-11,1014,0.0,False
2024-11-11,1015,0.0,False
2024-11-11,1016,0.0,False
2024-11-11,1017,0.0,False
2024-11-11,1018,0.0,False
2024-11-11,1019,0.0,False
2024-11-11,1020,0.0,False
2024-11-11,1021,0.0,False
2024-11-11,1022,0.0,False
2024-11-11,1023,0.0,False
2024-11-11,1024,0.0,False
2024-11-11,1025,0.0,False
2024-11-11,1026,0.0,False
2024-11-11,1027,0.0,False
2024-11-11,1028,0.0,False
2024-11-11,1029,0.0,False
2024-11-11,1030,0.0,False
2024-11-11,1031,0.0,False
2024-11-11,1032,0.0,False
2024-11-11,1033,0.0,False
2024-11-11,1034,0.0,False
2024-11-11,1035,0.0,False
2024-11-11,1036,0.0,False
2024-11-11,1037,0.0,False
2024-11-11,1038,0.0,False
2024-11-11,1039,0.0,False
2024-11-11,1040,0.0,False
2024-11-11,1041,0.0,False
2024-11-11,1042,0.0,False
2024-11-11,1043,0.0,False
2024-11-11,1044,0.0,False
2024-11-11,1045,0.0,False
2024-11-11,1046,0.0,False
2024-11-11,1047,0.0,False
2024-11-11,1048,0.0,False
2024-11-11,1049,0.0,False
2024-11-11,1050,0.0,False
2024-11-12,1001,0.0,False
2024-11-12,1002,0.0,False
2024-11-12,1003,0.0,False
2024-11-12,1004,0.0,False
2024-11-12,1005,0.0,False
2024-11-12,1006,0.0,False
2024-11-12,1007,0.0,False
2024-11-12,1008,0.0,False
2024-11-12,1009,0.0,False
2024-11-12,1010,0.0,False
2024-11-12,1011,0.0,False
2024-11-12,1012,0.0,False
2024-11-12,1013,0.0,False
2024-11-12,1014,0.0,False
2024-11-12,1015,0.0,False
2024-11-12,1016,0.0,False
2024-11-12,1017,0.0,False
2024-11-12,1018,0.0,False
2024-11-12,1019,0.0,False
2024-11-12,1020,0.0,False
2024-11-12,1021,0.0,False
2024-11-12,1022,0.0,False
2024-11-12,1023,0.0,False
2024-11-12,1024,0.0,False
2024-11-12,1025,0.0,False
2024-11-12,1026,0.0,False
2024-11-12,1027,0.0,False
2024-11-12,1028,0.0,False
2024-11-12,1029,0.0,False
2024-11-12,1030,0.0,False
2024-11-12,1031,0.0,False
2024-11-12,1032,0.0,False
2024-11-12,1033,0.0,False
2024-11-12,1034,0.0,False
2024-11-12,1035,0.0,False
2024-11-12,1036,0.0,False
2024-11-12,1037,0.0,False
2024-11-12,1038,0.0,False
2024-11-12,1039,0.0,False
2024-11-12,1040,0.0,False
2024-11-12,1041,0.0,False
2024-11-12,1042,0.0,False
2024-11-12,1043,0.0,False
2024-11-12,1044,0.0,False
2024-11-12,1045,0.0,False
2024-11-12,1046,0.0,False
2024-11-12,1047,0.0,False
2024-11-12,1048,0.0,False
2024-11-12,1049,0.0,False
2024-11-12,1050,0.0,False
2024-12-01,1001,0.0,False
2024-12-01,1002,0.0,False
2024-12-01,1003,0.0,False
2024-12-01,1004,0.0,False
2024-12-01,1005,0.0,False
2024-12-01,1006,3.0,False
2024-12-01,1007,0.0,False
2024-12-01,1008,0.0,False
2024-12-01,1009,0.0,False
2024-12-01,1010,0.0,False
2024-12-01,1011,0.0,False
2024-12-01,1012,0.0,False
2024-12-01,1013,0.0,False
2024-12-01,1014,0.0,False
2024-12-01,1015,0.0,False
2024-12-01,1016,0.0,False
2024-12-01,1017,0.0,False
2024-12-01,1018,0.0,False
2024-12-01,1019,0.0,False
2024-12-01,1020,0.0,False
2024-12-01,1021,0.0,False
2024-12-01,1022,0.0,False
2024-12-01,1023,0.0,False
2024-12-01,1024,0.0,False
2024-12-01,1025,0.0,False
2024-12-01,1026,0.0,False
2024-12-01,1027,0.0,False
2024-12-01,1028,0.0,False
2024-12-01,1029,0.0,False
2024-12-01,1030,0.0,False
2024-12-01,1031,0.0,False
2024-12-01,1032,0.0,False
2024-12-01,1033,0.0,False
2024-12-01,1034,4.5,False
2024-12-01,1035,0.0,False
2024-12-01,1036,0.0,False
2024-12-01,1037,0.0,False
2024-12-01,1038,0.0,False
2024-12-01,1039,0.0,False
2024-12-01,1040,0.0,False
2024-12-01,1041,0.0,False
2024-12-01,1042,0.0,False
2024-12-01,1043,0.0,False
2024-12-01,1044,0.0,False
2024-12-01,1045,1.0,False
2024-12-01,1046,0.0,False
2024-12-01,1047,0.0,False
2024-12-01,1048,0.0,False
2024-12-01,1049,0.0,False
2024-12-01,1050,0.0,False
2024-12-02,1001,0.0,False
2024-12-02,1002,0.0,False
2024-12-02,1003,0.0,False
2024-12-02,1004,0.0,False
2024-12-02,1005,0.0,False
2024-12-02,1006,0.0,False
2024-12-02,1007,0.0,False
2024-12-02,1008,0.0,False
2024-12-02,1009,0.0,False
2024-12-02,1010,0.0,False
2024-12-02,1011,0.0,False
2024-12-02,1012,0.5,False
2024-12-02,1013,0.0,False
2024-12-02,1014,0.0,False
2024-12-02,1015,0.0,False
2024-12-02,1016,0.0,False
2024-12-02,1017,0.0,False
2024-12-02,1018,0.0,False
2024-12-02,1019,0.0,False
2024-12-02,1020,0.0,False
2024-12-02,1021,0.0,False
2024-12-02,1022,0.0,False
2024-12-02,1023,0.0,False
2024-12-02,1024,0.0,False
2024-12-02,1025,0.0,False
2024-12-02,1026,0.0,False
2024-12-02,1027,0.0,False
2024-12-02,1028,0.0,False
2024-12-02,1029,0.0,False
2024-12-02,1030,0.0,False
2024-12-02,1031,0.0,False
2024-12-02,1032,0.0,False
2024-12-02,1033,0.0,False
2024-12-02,1034,0.0,False
2024-12-02,1035,0.0,False
2024-12-02,1036,0.0,False
2024-12-02,1037,0.0,False
2024-12-02,1038,0.0,False
2024-12-02,1039,0.0,False
2024-12-02,1040,0.0,False
2024-12-02,1041,0.0,False
2024-12-02,1042,0.0,False
2024-12-02,1043,0.0,False
2024-12-02,1044,0.0,False
2024-12-02,1045,0.0,False
2024-12-02,1046,0.0,False
2024-12-02,1047,0.0,False
2024-12-02,1048,0.0,False
2024-12-02,1049,0.0,False
2024-12-02,1050,0.0,False
2024-12-03,1001,0.0,False
2024-12-03,1002,0.0,False
2024-12-03,1003,0.0,False
2024-12-03,1004,0.0,False
2024-12-03,1005,0.0,False
2024-12-03,1006,0.0,False
2024-12-03,1007,0.0,False
2024-12-03,1008,0.0,False
2024-12-03,1009,0.0,False
2024-12-03,1010,0.0,False
2024-12-03,1011,1.0,False
2024-12-03,1012,0.0,False
2024-12-03,1013,0.0,False
2024-12-03,1014,0.0,False
2024-12-03,1015,0.0,False
2024-12-03,1016,0.0,False
2024-12-03,1017,0.0,False
2024-12-03,1018,0.0,False
2024-12-03,1019,0.0,False
2024-12-03,1020,0.0,False
2024-12-03,1021,0.0,False
2024-12-03,1022,0.0,False
2024-12-03,1023,0.0,False
2024-12-03,1024,0.0,False
2024-12-03,1025,0.0,False
2024-12-03,1026,0.0,False
2024-12-03,1027,0.0,False
2024-12-03,1028,0.0,False
2024-12-03,1029,0.0,False
2024-12-03,1030,0.0,False
2024-12-03,1031,0.0,False
2024-12-03,1032,0.0,False
2024-12-03,1033,0.0,False
2024-12-03,1034,0.0,False
2024-12-03,1035,0.0,False
2024-12-03,1036,0.0,False
2024-12-03,1037,0.0,False
2024-12-03,1038,0.0,False
2024-12-03,1039,0.0,False
2024-12-03,1040,0.0,False
2024-12-03,1041,0.0,False
2024-12-03,1042,0.0,False
2024-12-03,1043,0.0,False
2024-12-03,1044,0.0,False
2024-12-03,1045,0.0,False
2024-12-03,1046,1.5,False
2024-12-03,1047,0.0,False
2024-12-03,1048,0.0,False
2024-12-03,1049,0.0,False
2024-12-03,1050,1.0,False
2024-12-04,1001,1.5,False
2024-12-04,1002,5.0,False
2024-12-04,1003,0.0,False
2024-12-04,1004,3.0,False
2024-12-04,1005,0.0,False
2024-12-04,1006,0.0,False
2024-12-04,1007,5.5,False
2024-12-04,1008,4.5,False
2024-12-04,1009,0.5,False
2024-12-04,1010,0.0,False
2024-12-04,1011,0.0,False
2024-12-04,1012,0.0,False
2024-12-04,1013,0.5,False
2024-12-04,1014,2.5,False
2024-12-04,1015,0.0,False
2024-12-04,1016,0.0,False
2024-12-04,1017,0.0,False
2024-12-04,1018,0.5,False
2024-12-04,1019,0.5,False
2024-12-04,1020,0.5,False
2024-12-04,1021,3.0,False
2024-12-04,1022,1.5,False
2024-12-04,1023,0.0,False
2024-12-04,1024,0.0,False
2024-12-04,1025,4.5,False
2024-12-04,1026,7.0,False
2024-12-04,1027,0.0,False
2024-12-04,1028,0.0,False
2024-12-04,1029,0.0,False
2024-12-04,1030,0.0,False
2024-12-04,1031,0.0,False
2024-12-04,1032,1.5,False
2024-12-04,1033,0.5,False
2024-12-04,1034,1.5,False
2024-12-04,1035,0.0,False
2024-12-04,1036,0.0,False
2024-12-04,1037,4.5,False
2024-12-04,1038,0.0,False
2024-12-04,1039,11.5,False
2024-12-04,1040,0.5,False
2024-12-04,1041,0.0,False
2024-12-04,1042,0.0,False
2024-12-04,1043,0.0,False
2024-12-04,1044,0.0,False
2024-12-04,1045,0.0,False
2024-12-04,1046,0.0,False
2024-12-04,1047,0.0,False
2024-12-04,1048,0.0,False
2024-12-04,1049,0.0,False
2024-12-04,1050,8.0,False
2024-12-05,1001,12.0,False
2024-12-05,1002,3.0,False
2024-12-05,1003,45.0,False
2024-12-05,1004,11.5,False
2024-12-05,1005,0.0,False
2024-12-05,1006,3.5,False
2024-12-05,1007,14.0,False
2024-12-05,1008,6.5,False
2024-12-05,1009,17.0,False
2024-12-05,1010,51.0,False
2024-12-05,1011,14.5,False
2024-12-05,1012,18.5,False
2024-12-05,1013,8.0,False
2024-12-05,1014,10.0,False
2024-12-05,1015,3.0,False
2024-12-05,1016,7.0,False
2024-12-05,1017,4.5,False
2024-12-05,1018,9.5,False
2024-12-05,1019,20.0,False
2024-12-05,1020,15.5,False
2024-12-05,1021,27.0,False
2024-12-05,1022,35.5,False
2024-12-05,1023,9.0,False
2024-12-05,1024,11.0,False
2024-12-05,1025,4.0,False
2024-12-05,1026,12.0,False
2024-12-05,1027,0.5,False
2024-12-05,1028,12.0,False
2024-12-05,1029,13.0,False
2024-12-05,1030,4.5,False
2024-12-05,1031,4.0,False
2024-12-05,1032,13.0,False
2024-12-05,1033,25.0,False
2024-12-05,1034,2.0,False
2024-12-05,1035,39.0,False
2024-12-05,1036,0.0,False
2024-12-05,1037,23.5,False
2024-12-05,1038,0.0,False
2024-12-05,1039,7.5,False
2024-12-05,1040,21.0,False
2024-12-05,1041,0.0,False
2024-12-05,1042,2.0,False
2024-12-05,1043,4.0,False
2024-12-05,1044,11.0,False
2024-12-05,1045,8.0,False
2024-12-05,1046,24.0,False
2024-12-05,1047,36.5,False
2024-12-05,1048,50.0,False
2024-12-05,1049,30.0,False
2024-12-05,1050,0.0,False
2024-12-06,1001,0.0,False
2024-12-06,1002,0.0,False
2024-12-06,1003,0.0,False
2024-12-06,1004,0.0,False
2024-12-06,1005,0.0,False
2024-12-06,1006,0.0,False
2024-12-06,1007,0.0,False
2024-12-06,1008,0.0,False
2024-12-06,1009,0.0,False
2024-12-06,1010,0.0,False
2024-12-06,1011,0.0,False
2024-12-06,1012,0.0,False
2024-12-06,1013,0.0,False
2024-12-06,1014,0.0,False
2024-12-06,1015,0.0,False
2024-12-06,1016,0.0,False
2024-12-06,1017,0.0,False
2024-12-06,1018,0.0,False
2024-12-06,1019,0.0,False
2024-12-06,1020,0.0,False
2024-12-06,1021,1.0,False
2024-12-06,1022,0.0,False
2024-12-06,1023,0.0,False
2024-12-06,1024,0.0,False
2024-12-06,1025,0.0,False
2024-12-06,1026,0.0,False
2024-12-06,1027,0.0,False
2024-12-06,1028,0.0,False
2024-12-06,1029,0.0,False
2024-12-06,1030,0.0,False
2024-12-06,1031,0.0,False
2024-12-06,1032,0.0,False
2024-12-06,1033,0.0,False
2024-12-06,1034,0.0,False
2024-12-06,1035,0.0,False
2024-12-06,1036,1.0,False
2024-12-06,1037,0.0,False
2024-12-06,1038,0.0,False
2024-12-06,1039,0.0,False
2024-12-06,1040,0.0,False
2024-12-06,1041,0.5,False
2024-12-06,1042,2.5,False
2024-12-06,1043,0.0,False
2024-12-06,1044,0.0,False
2024-12-06,1045,0.0,False
2024-12-06,1046,0.0,False
2024-12-06,1047,0.0,False
2024-12-06,1048,0.0,False
2024-12-06,1049,0.5,False
2024-12-06,1050,0.0,False
2024-12-07,1001,7.5,False
2024-12-07,1002,5.0,False
2024-12-07,1003,12.5,False
2024-12-07,1004,11.0,False
2024-12-07,1005,31.0,False
2024-12-07,1006,0.5,False
2024-12-07,1007,5.0,False
2024-12-07,1008,6.0,False
2024-12-07,1009,13.0,False
2024-12-07,1010,3.5,False
2024-12-07,1011,1.0,False
2024-12-07,1012,10.0,False
2024-12-07,1013,9.5,False
2024-12-07,1014,7.0,False
2024-12-07,1015,13.0,False
2024-12-07,1016,11.0,False
2024-12-07,1017,1.5,False
2024-12-07,1018,10.0,False
2024-12-07,1019,15.5,False
2024-12-07,1020,17.0,False
2024-12-07,1021,4.0,False
2024-12-07,1022,11.0,False
2024-12-07,1023,8.5,False
2024-12-07,1024,6.5,False
2024-12-07,1025,8.5,False
2024-12-07,1026,4.0,False
2024-12-07,1027,0.5,False
2024-12-07,1028,11.0,False
2024-12-07,1029,11.5,False
2024-12-07,1030,32.5,False
2024-12-07,1031,7.0,False
2024-12-07,1032,3.5,False
2024-12-07,1033,13.0,False
2024-12-07,1034,2.0,False
2024-12-07,1035,5.0,False
2024-12-07,1036,30.5,False
2024-12-07,1037,3.5,False
2024-12-07,1038,0.5,False
2024-12-07,1039,2.0,False
2024-12-07,1040,7.0,False
2024-12-07,1041,36.0,False
2024-12-07,1042,36.5,False
2024-12-07,1043,3.5,False
2024-12-07,1044,1.5,False
2024-12-07,1045,1.5,False
2024-12-07,1046,21.5,False
2024-12-07,1047,15.0,False
2024-12-07,1048,15.0,False
2024-12-07,1049,7.0,False
2024-12-07,1050,1.0,False
2024-12-08,1001,0.0,False
2024-12-08,1002,0.0,False
2024-12-08,1003,4.0,False
2024-12-08,1004,0.0,False
2024-12-08,1005,0.0,False
2024-12-08,1006,0.0,False
2024-12-08,1007,0.0,False
2024-12-08,1008,0.0,False
2024-12-08,1009,0.0,False
2024-12-08,1010,0.0,False
2024-12-08,1011,0.0,False
2024-12-08,1012,0.0,False
2024-12-08,1013,0.0,False
2024-12-08,1014,0.0,False
2024-12-08,1015,0.0,False
2024-12-08,1016,0.0,False
2024-12-08,1017,0.0,False
2024-12-08,1018,0.0,False
2024-12-08,1019,0.0,False
2024-12-08,1020,0.0,False
2024-12-08,1021,4.5,False
2024-12-08,1022,0.0,False
2024-12-08,1023,0.0,False
2024-12-08,1024,0.0,False
2024-12-08,1025,0.0,False
2024-12-08,1026,0.0,False
2024-12-08,1027,0.0,False
2024-12-08,1028,0.0,False
2024-12-08,1029,0.0,False
2024-12-08,1030,0.0,False
2024-12-08,1031,0.0,False
2024-12-08,1032,0.0,False
2024-12-08,1033,0.0,False
2024-12-08,1034,0.0,False
2024-12-08,1035,1.0,False
2024-12-08,1036,0.0,False
2024-12-08,1037,0.0,False
2024-12-08,1038,0.0,False
2024-12-08,1039,0.0,False
2024-12-08,1040,0.0,False
2024-12-08,1041,0.0,False
2024-12-08,1042,0.5,False
2024-12-08,1043,0.0,False
2024-12-08,1044,0.0,False
2024-12-08,1045,0.0,False
2024-12-08,1046,0.5,False
2024-12-08,1047,0.0,False
2024-12-08,1048,0.0,False
2024-12-08,1049,3.5,False
2024-12-08,1050,0.0,False
2024-12-09,1001,36.5,False
2024-12-09,1002,25.5,False
2024-12-09,1003,3.5,False
2024-12-09,1004,20.0,False
2024-12-09,1005,5.0,False
2024-12-09,1006,5.0,False
2024-12-09,1007,21.5,False
2024-12-09,1008,16.0,False
2024-12-09,1009,13.5,False
2024-12-09,1010,15.0,False
2024-12-09,1011,5.5,False
2024-12-09,1012,13.5,False
2024-12-09,1013,21.0,False
2024-12-09,1014,22.5,False
2024-12-09,1015,15.5,False
2024-12-09,1016,18.0,False
2024-12-09,1017,23.5,False
2024-12-09,1018,17.0,False
2024-12-09,1019,27.0,False
2024-12-09,1020,15.0,False
2024-12-09,1021,1.0,False
2024-12-09,1022,24.0,False
2024-12-09,1023,16.5,False
2024-12-09,1024,17.5,False
2024-12-09,1025,20.5,False
2024-12-09,1026,18.5,False
2024-12-09,1027,2.5,False
2024-12-09,1028,14.5,False
2024-12-09,1029,19.0,False
2024-12-09,1030,12.5,False
2024-12-09,1031,16.0,False
2024-12-09,1032,2.5,False
2024-12-09,1033,13.5,False
2024-12-09,1034,5.0,False
2024-12-09,1035,13.0,False
2024-12-09,1036,7.0,False
2024-12-09,1037,21.5,False
2024-12-09,1038,20.0,False
2024-12-09,1039,9.0,False
2024-12-09,1040,27.0,False
2024-12-09,1041,12.0,False
2024-12-09,1042,8.5,False
2024-12-09,1043,21.5,False
2024-12-09,1044,8.0,False
2024-12-09,1045,24.0,False
2024-12-09,1046,6.5,False
2024-12-09,1047,16.0,False
2024-12-09,1048,37.0,False
2024-12-09,1049,21.5,False
2024-12-09,1050,2.5,False
2024-12-10,1001,0.0,False
2024-12-10,1002,0.0,False
2024-12-10,1003,0.0,False
2024-12-10,1004,0.5,False
2024-12-10,1005,0.5,False
2024-12-10,1006,0.0,False
2024-12-10,1007,0.0,False
2024-12-10,1008,0.0,False
2024-12-10,1009,3.5,False
2024-12-10,1010,0.5,False
2024-12-10,1011,3.5,False
2024-12-10,1012,0.5,False
2024-12-10,1013,0.0,False
2024-12-10,1014,0.0,False
2024-12-10,1015,5.5,False
2024-12-10,1016,5.0,False
2024-12-10,1017,0.5,False
2024-12-10,1018,1.5,False
2024-12-10,1019,0.5,False
2024-12-10,1020,0.5,False
2024-12-10,1021,13.5,False
2024-12-10,1022,5.0,False
2024-12-10,1023,1.5,False
2024-12-10,1024,0.5,False
2024-12-10,1025,0.0,False
2024-12-10,1026,0.0,False
2024-12-10,1027,0.0,False
2024-12-10,1028,1.0,False
2024-12-10,1029,0.5,False
2024-12-10,1030,0.5,False
2024-12-10,1031,0.0,False
2024-12-10,1032,0.0,False
2024-12-10,1033,0.0,False
2024-12-10,1034,0.5,False
2024-12-10,1035,0.5,False
2024-12-10,1036,0.0,False
2024-12-10,1037,0.0,False
2024-12-10,1038,0.0,False
2024-12-10,1039,0.5,False
2024-12-10,1040,0.5,False
2024-12-10,1041,0.5,False
2024-12-10,1042,1.0,False
2024-12-10,1043,0.0,False
2024-12-10,1044,0.0,False
2024-12-10,1045,0.0,False
2024-12-10,1046,0.0,False
2024-12-10,1047,0.5,False
2024-12-10,1048,0.5,False
2024-12-10,1049,20.0,False
2024-12-10,1050,8.0,False
2024-12-11,1001,0.0,False
2024-12-11,1002,0.0,False
2024-12-11,1003,0.0,False
2024-12-11,1004,0.0,False
2024-12-11,1005,0.0,False
2024-12-11,1006,0.0,False
2024-12-11,1007,0.0,False
2024-12-11,1008,0.0,False
2024-12-11,1009,0.0,False
2024-12-11,1010,0.0,False
2024-12-11,1011,0.0,False
2024-12-11,1012,0.0,False
2024-12-11,1013,0.0,False
2024-12-11,1014,0.0,False
2024-12-11,1015,0.0,False
2024-12-11,1016,0.0,False
2024-12-11,1017,0.0,False
2024-12-11,1018,0.0,False
2024-12-11,1019,0.0,False
2024-12-11,1020,0.0,False
2024-12-11,1021,0.0,False
2024-12-11,1022,0.0,False
2024-12-11,1023,0.0,False
2024-12-11,1024,0.0,False
2024-12-11,1025,0.0,False
2024-12-11,1026,0.0,False
2024-12-11,1027,0.0,False
2024-12-11,1028,0.0,False
2024-12-11,1029,0.0,False
2024-12-11,1030,0.0,False
2024-12-11,1031,0.0,False
2024-12-11,1032,0.0,False
2024-12-11,1033,0.0,False
2024-12-11,1034,0.0,False
2024-12-11,1035,0.0,False
2024-12-11,1036,0.0,False
2024-12-11,1037,0.0,False
2024-12-11,1038,0.0,False
2024-12-11,1039,0.0,False
2024-12-11,1040,0.0,False
2024-12-11,1041,0.0,False
2024-12-11,1042,0.0,False
2024-12-11,1043,0.0,False
2024-12-11,1044,0.0,False
2024-12-11,1045,0.0,False
2024-12-11,1046,0.0,False
2024-12-11,1047,0.0,False
2024-12-11,1048,0.0,False
2024-12-11,1049,0.0,False
2024-12-11,1050,0.0,False
2024-12-12,1001,0.0,False
2024-12-12,1002,0.0,False
2024-12-12,1003,0.0,False
2024-12-12,1004,0.0,False
2024-12-12,1005,0.0,False
2024-12-12,1006,0.0,False
2024-12-12,1007,0.0,False
2024-12-12,1008,0.0,False
2024-12-12,1009,0.0,False
2024-12-12,1010,0.0,False
2024-12-12,1011,0.0,False
2024-12-12,1012,0.0,False
2024-12-12,1013,0.0,False
2024-12-12,1014,0.0,False
2024-12-12,1015,0.0,False
2024-12-12,1016,0.0,False
2024-12-12,1017,0.0,False
2024-12-12,1018,0.0,False
2024-12-12,1019,0.0,False
2024-12-12,1020,0.0,False
2024-12-12,1021,0.0,False
2024-12-12,1022,0.0,False
2024-12-12,1023,0.0,False
2024-12-12,1024,0.0,False
2024-12-12,1025,0.0,False
2024-12-12,1026,0.0,False
2024-12-12,1027,0.0,False
2024-12-12,1028,0.0,False
2024-12-12,1029,0.0,False
2024-12-12,1030,0.0,False
2024-12-12,1031,0.0,False
2024-12-12,1032,0.0,False
2024-12-12,1033,0.0,False
2024-12-12,1034,0.0,False
2024-12-12,1035,0.0,False
2024-12-12,1036,0.0,False
2024-12-12,1037,0.0,False
2024-12-12,1038,0.0,False
2024-12-12,1039,0.0,False
2024-12-12,1040,0.0,False
2024-12-12,1041,0.0,False
2024-12-12,1042,0.0,False
2024-12-12,1043,0.0,False
2024-12-12,1044,0.0,False
2024-12-12,1045,0.0,False
2024-12-12,1046,0.0,False
2024-12-12,1047,0.0,False
2024-12-12,1048,0.0,False
2024-12-12,1049,0.0,False
2024-12-12,1050,0.0,False
